CustomerId,Surname,CreditScore,Geography,Gender,Age,Tenure,Balance,NumOfProducts,HasCrCard,IsActiveMember,EstimatedSalary,Exited
15674840,NULL,645,France,Female,38,5,101430.3,2,0 units,1,4400.32,0
15597983,Brown,692,France,MALE,69,₹10,154953.94,1 units,,1,70849.47,0
15652400,Moss,667,Spain,Male,56 units,2,,1,0 units,1,18897.78,0
15568238,Diaz,650,Spain,Male,20,8,0.0,2,,1,113469.65,0
15746333,Blake,562,France,Female  ,57,3,0.0,3,1,,6554.97,1
15744919,Genovese,734,Spain,Female,37,0,152760.24,1,1,1,48990.5,0
15701280,Romano  ,576 units,France,Male,24,3,0.0,1,0,1,78498.04,1
15769917,Onyekachi,673,GERMANY,Female,34,1,127122.79,3,0,₹1,76703.1,0
15677435,Kazantseva,647,France,FEMALE  ,29,0,98263.46 units,2,1,0,₹164717.95,0
₹15582033,Manfrin,753,Germany,Male,44,3,138076.47,1,1,0,15523.09,1
15705403,Seleznyova,,Spain,Female,46,3,106521.49,1,0,1,86587.37 units,₹0
15698522,Thomas,660,Germany,Male,39,9,134599.33,2,1,0,183095.87,0 units
15665110,Helena,515,France,Female,25,7,₹79543.59,1,0,1,38772.82,0
15803406,Ross,748,France,Female,26,,77780.29,1,0,₹1,183049.41,0
15593014,Evseyev,525,France,MALE  ,33,1,112833.35,1,0,1,₹175178.56,0
15669957,Drake,655,Germany,Male,52,9,144696.75,1,1,1,₹49025.79,0
15567147,Ratten,802,SPAIN,Male,40,4,0.0,2,1,1,81908.09,0
15624437,Johnson,825,Spain  ,Female,32,1,0.0,2,1,1,42935.15 units,0
15632051,Douglas,550,Germany,Female,42,10,128707.31,1,1,0,63092.65,1
15758513,NULL,569,NULL,Male,43,7,0.0,2 units,₹1 units,,52534.81,0
15567442,Ibezimako,656,France  ,Female,75,3,0.0,2,1,1,1276.87 units,0
15610419,Chukwueloka,554 units,France,Male,33,3 units,117413.95,1,1,1,12766.74,0
15602280,Martin,₹829,GERMANY,Female,27,9,,,1,1,119708.21,1 units
15602373,White,812,France,Male,44,4,115049.15,2 units,1,0,₹165038.41,0
15677105,Rossi,706,GERMANY,Female,46,4,105214.58,1,1,0 units,108699.59,1
15584320,Brennan,686,France,Female,39,3,111695.62,1,0,0,136643.84,0
15584113,PRATT,823 units,Germany,Female,,4,124954.94 units,1,0,1,131259.6,1 units
15773512,Bischof,627 units,Spain,Female,₹25,4,0.0,1,1,1,194313.93,0
15720371,McLean,652,France,Female,51,3 units,0.0,1,1,0,173989.47,1
15610753,Cremonesi,581,France,NULL,28,3,104367.5,1,1,1,29937.75,0
15674368,Riley,738,France  ,Female,39,1,94435.45,2,0,1,189430.86,0
15730059,Udobata  ,638,Spain,Male,44,9,77637.35,2,1 units,1,111346.22,0 units
15646810,Quinn,603,Germany,MALE,44,6,,2,1,,108488.33,1
15602844,Niu,717,FRANCE,Male,₹38,7,97459.06,1 units,0,0 units,189175.71,0
15656148,Obinna,376,Germany,Female  ,29,,,4 units,1,0,119346.88,1
15697201,Yocum,640,Spain,Female,46,3,0.0,1,1,1,156260.08,0
15769125,PALERMA,727,Spain,Female,41,10,0.0,2,0,1,47468.56,0
15589544,Wallis,673,Spain,FEMALE,57,4,,2,1,1,49684.09,0
15638424,Glauert,661,Germany,Female,35,5,150725.53,2,0,1,113656.85,0
15664860,Chao,692,Spain,Female  ,47,3,0.0 units,2,1,0,₹150802.41,1
15775678,Uspensky,716,France  ,Female,44,1,0.0,1,1,1,152108.47,0 units
15774382,NULL,579,Germany,Male,49 units,4,169377.31,1,1,1,123535.05,0
15694506,Briggs,,NULL,Male,31,,107884.81,2,1,1,₹183487.98,0
15578866,Hughes,676,France,Female,43,2,0.0 units,₹1 units,1,1,55119.53,0
15768233,Chukwuebuka,435 units,Germany,Male  ,37,8,114346.3,1,0,1,980.93,1
15580956,,683,Germany,Female,43,4,115888.04,1,1 units,1,117349.19,1
15763063,Price,685,Spain,Female,25,10,128509.63,1,1,0,121562.33 units,0
15568046,Izuchukwu,809,France,MALE,24,7,109558.36,1,1,0,183515.13,0 units
15671256,Macartney,850,FRANCE,Female  ,35,1,211774.31,₹1,1,0,188574.12,1
15594084,Anderson,524,France,Male  ,22,9,0.0,2,1 units,0,74405.34,0
15677906,Owens,637,Spain,Female,54,5,,1,0 units,1,150836.98,0
15695632,Dellucci,556,France,Female,39,9,89588.35,1,1,1,,0
15806837,Nnaife,669,France,Male,37,4,0.0,1,1,0,132540.33,0 units
15795933,Barese,677,France,Female,49 units,3,0.0,2,1,1,,0
15696231,CHIWETELU,₹635,France,Male,29,7,105405.97,1,1,1,₹149853.89,0
15797381,DeRose,593,Germany,Female,48,3,133903.12,2,1,1,85902.39 units,1
15589320,Sagese,699 units,Spain,Male,34,8,0.0,1,1,₹1,76510.46,0
,Onyemachukwu,850,France,Female,36,6,0.0,2,1,1,190194.95,0
15698902,McIntyre,547,Germany,Female,42,1,,1,1,0,86207.49,1
15673619,Bazhenov,530,France,Male,25,9,₹162560.32,1,1,0,64129.03,0
15800068,COOPER,₹801 units,Spain,Female,46,6,0.0,2,1,1,170008.74,0
15574167,FOX,665,France,Male,33,2,101286.11,1,1,1 units,159840.51,0
15755405,Hudson,710,France,Male,43,9,128284.45,1,1,₹0,32996.89,1
15630704,Haworth,612,Germany,Male,32,9,106520.73,₹2,1,0,177092.16,0
15651140,Doherty,710,France,Female  ,32,3,0.0,1,1,0,₹94790.34,₹0
15579914,Garcia,,Germany,MALE,30,2,109786.82 units,2,1,1,139712.81,0
15609510,Gregory,669,France,Male,45,7,149364.58,1,₹0,1 units,173454.07,₹0
15607275,Ch'ang,850,Spain,Male,39,6,206014.94,2,0,1,42774.84,1
15631222,CATTANEO,485,France,Female  ,39,2,75339.64,1,1,1,70665.16,₹0
,Ma,559,France,,34,4,0.0,2,1,1,66721.98,0
15725772,Ch'in,654,Spain,Female,36,2,0.0,2,1,,146652.11,0 units
,Maclean  ,704,France,Male,44 units,3,0.0,2 units,0,1,152884.85,0
15772329,NULL,580,Germany,Male,45,8,103741.14,1 units,1,0,47428.73,
₹15799998,Cunningham,608,France,FEMALE,30,8,85859.76,1,0,0,142730.27,0
15777797 units,Kovalyova,689,Spain,,₹38,5,75075.14,1,1 units,1,8651.92,1
15737605,Morris,531,Spain,Female,45,1,126495.57,2,1,1,164741.5,0
15656627,Lin,602,France,Male,34,5,0.0,2,,1,77414.45,0 units
₹15593365,Shih  ,762,Spain,Male,39,2,81273.13,1 units,₹1,1,18719.67,0
15758702,WATSON,705,France,Female,₹55 units,8,0.0,2,₹1,1,14392.68,0
15672374 units,,672,France,Male,52,8,170008.84,1,0,0,56407.42,1
15714380,Butcher,827,,Male,38,5,0.0 units,2,0,0,103305.01,0
15659094,Ojiofor,765,Germany,Female,34,8,136729.51,2,0 units,0,47058.21,0
15665766,T'ang,698,Germany,Male,39,,133191.19,2,0,1,53289.49,0
15792660,Gibbons,614,France,Male,38,2,116248.88 units,1,1,0,105140.92,0
15681342 units,Hurst,₹639,France,Female,35 units,1,103015.12,,1,1,139094.12,0
15760456,Eberechukwu,731,,Female,38,10,123711.73,2,1,0,₹171340.68,1
15602456,Afanasyev,,Germany,Female,47,₹4,99219.47,2,₹1,1,122141.13,0
15813974 units,NULL,731,Germany,MALE,37,3 units,116880.53,1,0,0,172718.35,₹1
15628904,Bowen,733,NULL,Male,35,8,102918.38 units,1,1,1,45959.86,0
15641122,Wei,684,France,Male,30,2,0.0,2,1 units,0,83473.82,0
15780359,Storey,643,Germany,Male,25,4,115142.9,1,1,1,148098.95,0
15634143,Onyemauchechi,,Spain,Male,30 units,0,53291.86,1,0,0,196582.28,0 units
15749300 units,Teng,556,France,FEMALE,47 units,2,139914.27,₹1,1,1,50390.98,0
15568573,Graham,554,Germany,Female,51,7,105701.91,,0,1,179797.79,1
15664204,Meany,706,Spain,Male,29,₹2,0.0,2,1,1,18255.51,0
,Pan,700,Spain,Male,54,₹1,79415.67,1,0,1,139735.54,0
15655774,Booth,583,FRANCE,Male,27,₹7,0.0,2,1,0,51285.49,0
15658768,Lucas,547,France,NULL,49,2,0.0,1 units,0,0,65466.93 units,1
15697042,Genovesi,738,Spain,Male,35,8,127290.61,1,1,0,16081.62,0
15672912,LOGGIA,737 units,Spain  ,Female,₹39,7,130051.66 units,2,0 units,0,55356.39,1
15634772,Mario,682,Spain,Female,59,0,122661.39,1,,₹1,84803.76,0
15756625,Crawford,₹752,France,Female,41,8,0.0,2,1,0,139844.04,1
15716728,Basedow,₹513,Spain,Female,42 units,10,0.0,2,0,1,73151.25,0
15734461,Brooks,562,Germany,Male,31,2,112708.2,1,0,1,186370.3,0
15768530,Emery,554,Spain,Female,27,4,0.0,2,1,1,135083.73,0
15769191,Lipton,509,France,Male,55,8,132387.91,2,,1,170360.11,0
15723827,Macartney,683,France,Male,30,4,114779.35,1,0,0,183171.47,0
15755077,Norton,778,Germany,Female,37,0,105617.73,,1,1,133699.82,1
₹15704770,Pan,773,France,Male,25,1,124532.78,2,0,1,11723.57,0
15612729,Chidiebere,681,France,Female,63,₹7,0.0,2,1,1,55054.48,0
15664083,Ulyanova,666,Germany,Female,37,₹2,158468.76 units,1,0,1,93266.01,0
15694143,NULL,686,France,Female,41,10,0.0 units,1,1,0,133086.45,0
15726234,Trentini,708,SPAIN,Female,₹41,5,0.0,1,0,1,157003.99 units,0
15677908,Gilbert,552,Spain,NULL,42,4 units,0.0,₹2,0,0,195692.3,0
15684722,FRASER,490,France,Male,34,5,122952.9,2,0,0,₹154360.97,0 units
15617705,Ozioma  ,609,France,Female,39,8,141675.23,1,0,1,175664.25,0
15588461,Cremonesi,686,France,Male,35,4,0.0,1,1,,8816.37,0
15685150,Evans,799,Germany,Male,28,7,167658.33,2,₹1,₹1,111138.25,0
15689786,Massie,₹850,Germany,Male,56,1,169743.83,1,0,0,155850.4,1
15788634,Romani,750,Spain,Female  ,37,2,113817.06,1,₹0,0,88333.74,0
15714493,Francis,465,Spain,Female,33,6,0.0,2,₹1,1,95500.98,0
15671351,ROMANI,624,Spain,Male,35,2,0.0 units,2,1,0,87310.59,0
15658972,FOSTER,699,France,Female,40,8,122038.34 units,1,1,₹0,102085.35,₹0
15672821,OWEN,591 units,France,Male,28,5,0.0,,1,1,48606.92,0
15751549,H?,658,Germany,Male,31,2,77082.65,2,0,0,₹13482.28 units,0
15749472,Lucciano,,France,Male,45,8,0.0 units,1,1,0,₹130376.68 units,0 units
15632793,Wilkinson,638,France,Female,29,9,103417.74,1,1,1,15336.4,0
15751531,Shaw,598,Spain,Male,41,8,0.0,2,1,1,161954.43,0
15798895,Okonkwo,525,France,Female,,6,,1,1,0,83342.73,1
15695129,Milanesi,718,NULL,Female,31 units,1,152663.77,1,0,1,17128.64,0 units
15657529,Chin,714 units,Germany,Male,₹53,1,99141.86,1,1,1,72496.05,1
15786215,Udinese,793,,MALE,56,8 units,119496.25,2,1,0,29880.99,0
,Tseng,,France  ,Male,45,2,0.0,2,1 units,0,99593.28,0
15573348 units,Maclean,850,France,Male,35,9,102050.47,1,1,1,3769.71,0
15660980,Cairns,597 units,Spain,Male,38,6,115702.67,2,1,1,25059.05,0
15680436,Hsing,496,,FEMALE,29,4,0.0,2,1,0,164806.89,0
15634373,Yang,764,France,Male,30,5 units,0.0,2,0,1,105155.66,0
15569976,Woronoff,754,Germany,Male,65,1,136186.44,1,1,1,₹121529.59 units,
15797960,Skinner  ,806 units,,Female,59,0,135296.33,1,1,0,182822.5,0
15804211 units,Oluchukwu,719 units,France,Male,36,3,155423.17,1,₹1,1,199841.32 units,0
15772363,Hilton,772,Germany,Female,42,0,₹101979.16,1 units,1,0,90928.48,0
15692106,Rose,606,Spain,Female,25 units,3,147386.72,3 units,1,0,45482.04,1
15775124,Watterston,763,Spain,NULL,₹37,8,0.0,2,1,1,933.38,0
15602312,WALKOM,605,Spain,Male,33,5,150092.8,₹1,0,₹0,71862.79,0 units
15672246,Jefferies,686,Germany,MALE  ,43,2,134896.03,1,1,1,97847.05,0
15715907,ONWUBIKO,699,France,Male,,₹9,113109.52,1,1,0,27980.8,1
15698335 units,Bergamaschi,504,France,Female,73,8,₹0.0 units,1,1,1,34595.58 units,0
15658813,Siciliani  ,645,France,FEMALE,55,7,0.0,2,1,1,18369.33,0
15716218,Higgins,709 units,France,NULL,45,3,104118.5,1 units,0,1,174032.0 units,0
15741032,NULL,733,France,Male,48,5,0.0,1,0,1,117830.57,0
15603764,Chang,560,France,Male,49,4,0.0,1,1,1,100075.1,1
15576706,Ajuluchukwu,651,Germany,Male,37,9,114453.58,,0 units,1,175820.91,0
15680449,Hsing,431,Germany,Female,44,2,138843.7,1,1,0,37688.31 units,1
15730639,Fiorentino,715,FRANCE,Male,23,7,139224.92 units,2,1,0,65057.71,0
15567383,SLONE,678,Germany,Female,44,2,98009.13,2,0,1,31384.86,0
15618765 units,Ponomaryov,530 units,Germany,Female,42,0,99948.45,1,0,1,97338.62,0
₹15766458,Tang,498,France,MALE,₹33,1,198113.86,1,1,0,69664.35,0
₹15783026,H?,701,France,Female,41,2,0.0,1,1,0,47856.78,0
15801832,LOMBARDO,684,Germany,Male,42,1,117691.0,1,1,1,23135.65,1
15727311,Yen  ,539,France,Female,22,0 units,100885.93,,1 units,1,38772.65,0
15757911,Trevisani,643,NULL,Female,32,2,0.0,,₹0 units,0,131301.74,0
15679297,Volkova,,Spain,MALE,43,3,184926.61 units,1,1,0,₹122937.57,0 units
15674720,Smith,691 units,,Female,37,7,₹123067.63,1,1 units,1,98162.44,1
15588928,Maslow  ,704,France,Male,47,5,₹0.0,2,1,1 units,145338.61,0
15796993,McCollum,741,France,Male,52,1,171236.3 units,₹2 units,0,0,21834.4,1
15631912,T'ao,840,France,Male  ,30,8,₹136291.71,1,1,0,54113.38,0
15767598,KENT,540,Spain,Male,28,8,₹0.0,2,0,0,197588.32,0
15638494,Salinas  ,625,Germany,Female,39,10,129845.26,1,1 units,1,96444.88,0
15800845,Artemieva,732,Spain,Female,33,8,111379.55,1,1,,45098.62,0
15797767,Ikedinachukwu,600,France,Female,₹49,6,0.0,1,0,1,148087.88,
15573086,Millar,564,France,Male  ,42,7,99824.45,1,1,1,,0
15687648,Nicholson,691,France,Male,28,1,0.0,2,0,0,92865.41,₹0
15742480,Igwebuike,775,Germany,MALE  ,36,,109949.05,2,0,1,71682.54,0
15571940,AFAMEFULA,579,Spain,Male,22,3,118680.57,1,1,1,49829.8,0
15742229,Mackay,583,France,Male,59,7,127450.14,1,0,1,67552.71,0
15693637,Ochoa,556,,Female,30,7,0.0,2,1,,186648.19,
15660200,Mai,551,FRANCE,Male,31,1,0.0,,,1 units,₹185105.44,0
15627360,Fuller,,France,Male,42 units,9,152603.45,1,1 units,₹0,110265.24 units,1
15759250,BARNETT,745,Germany,Male,51,3,99183.9,1,1,₹1 units,28922.25,0
15726776,,705,Spain,Male  ,36,,111629.29,1,1,₹1,₹21807.16,0 units
15659557,Artamonova,811,GERMANY,Female,28,4,167738.82,2,1,1,9903.42,0
15789815,Fallaci,503,France,Female,28,5,0.0,2 units,1,0 units,125918.17,0
15581840,DeRose,626,FRANCE,Male,33,8,0.0,2,1,0,138504.28,0
15678779,Quezada,502,France,Male  ,,7,0.0,2,0,1,4082.52,0
15715512,Hsia,850,Germany,Male,29,1,154640.41,1,1,1,164039.51,0
15566594,McKenzie,709,Spain,Male,23,10,0.0,2,0,0,129590.18,0
15799217,Zetticci,,Germany,Female,35,₹7,52436.2,1,1,0,,0
15642530,Coates,706,Germany,Female,47,10,144090.42,1,1,₹0,140938.95,1
15773591,Jobson,787,France,Male,46,7,117685.31,2,1,1,93360.35,0
15717898,Bruce,542,Spain,Male,32,2,131945.94,1,0,₹1,159737.56,
,Chidubem,576,France,Female,41,4,112609.91,1 units,0,0,191035.18,1
15595937,BRUNO,430,,Male,36,1,₹138992.48,,0,0,122373.42,0
15680112,Stewart,473,Germany,Female,35,7,131504.73,1,1,0,189560.43,0
15641733,Mishina,671,France,,34,5,164757.56,1,1,0,110748.88,0
15587311,Dobbs,582,Spain,NULL,33,6,0.0,2,0,1,72970.93,0
₹15664555,Hughes,587,France,Male,40,2 units,0.0 units,4,0,1,106174.7,1
15682355,Sabbatini,772,Germany,Male,42,3,75075.31,2 units,1,0,₹92888.52,1
15580203,Kennedy,674,Spain,Male,39,6,,1,0,0,100130.95,0
15798341,NULL,,France,Male,₹38,,0.0,1,1,1,98208.62,0
15791321,Nwora  ,682,Spain,Female,58,,0.0,,1,0,176036.01,0
15749688,Lu,541,,Male,32,8,0.0,2,,0,40889.14,0
15807768,Cohn  ,702,Germany,Male,28,1,103033.83,1,1,1,₹40321.87,0 units
15774536,He,607,France,Female,32,6,0.0 units,2,0,0,196062.01,0
15702631,Tang,567,France,Female,26,2,0.0,2,,1,78651.55,0
₹15738889,SHIH,658,France,Male,42,8,102870.93,1,0,1,103764.55,1
15591942,Zito,611,Spain,Female,33,7,0.0 units,2,1,₹1,3729.89,0
15622230,CRIBB  ,₹705,France,Female,₹35,3,0.0,2,0,1,66331.01,0
15719541,Flannagan,₹675,,Male,31,2,90826.27,2,1,0,60270.87,
15714634,Nebechi,837,France,Male  ,26,4,89900.24,2,₹1,0,175477.03,0
15718245,Pirozzi,730 units,France,Male,34,1,0.0,2,1,1 units,126592.01,0
15583552,Donaldson,674,NULL,Male,44,,88902.21,1,1,0,73731.32,0
15806447,Mazzanti,690,Germany,Male,32,0,106683.52,2,1,1,137916.49 units,0
15726796 units,Brabyn,844,France,Male,38,7,111501.66,1,1 units,1,119333.38,0
15635396,Thompson,738,NULL,Female,29,9,139106.19,1,1,0,141872.05 units,1
15600992,Madukaego,652,,,36,1,0.0,2,1,1,151314.98,0
15794792,Golubev,612,France,Female,31,8,117989.76,1,1,1,54129.86,0
15613427,Barling,683,Germany,Female,49,7,108797.63,2,0,0,140763.18,0
15657812,Ch'iu,688,France,Male,52,1 units,0.0,2 units,1,,172033.57,
15702462,Fiorentini  ,619,Spain,Female,44,6,52831.13,1,1,1,,1
15584518,ARTHUR,589,Germany,Female,50,5,144895.05,2,1,1,34941.23,0
15735968,Hsing,605,France,Male,41,10,0.0,2,0,1,97213.09,0
15664895,Onuchukwu,602,France,Female,25,0,0.0,2,1,1,101274.17,0 units
15673995,Tu,516,Spain,Female,65,₹9,102541.1,1,1,0,181490.42,0 units
15632899,Nwankwo  ,662,Spain,Male,20,9,104508.77,2,0,0,73107.53,0
15646521,Fan,₹634 units,SPAIN,Female,36,1,0.0,1,1,1,143960.72,0 units
,Trevisani,599 units,France,Female,41,2,91328.71,1,1,0 units,115724.78,0
15675749,Baranov,695,France,Female,23 units,1,0.0,2,1,1,141756.32,0
15567557,Chien,573,France,Male,27,2 units,128243.03 units,1,1,1,₹11631.34,0
15612108,Norman,625,France,Male,52,5,164978.01,1,1,1,67788.49,0
15703264,Chukwufumnanya,735,France  ,Male,₹44,9,120681.63,1,₹1,0,74836.34,0
15706036,Lombardo,552,GERMANY,Male,38,10,132271.12,2,1,1 units,46562.02,0
15747345,Bergamaschi,678,France,Female,22,6,118064.93,2,1,1,195424.01,0
15728669,KNOWLES,584,Germany,NULL,30 units,8,112013.81 units,1,1,0,177772.03,1
15653521,Onuora,850,Germany,,40,7,104449.8,1,1,1,747.88,0
15785576,Mayrhofer,434,Germany,Male,71,9,119496.87,1,1,₹0,125848.88,0
15801605,Rizzo,626,France,Female,39,0,0.0,2,₹1,1,83295.09,0
15771442,Pennington,633,France,Male,40 units,4,₹150578.0,1,0,1,34670.62,1
15804052,NULL,710,Spain,Male,23,6,0.0,2,1,1,134188.11,0
15565706,Akobundu  ,612,Spain,Male,35,1,0.0,1,₹1,1,83256.26,1
15641490,Windsor,850,Germany,Female,25,₹8,69385.17,2,₹1,0,87834.24,0
15750649,NULL,744,NULL,Female,44,3 units,0.0,2,1,₹1,189016.14 units,0
15612966,,545,NULL,Female,60 units,7,₹128981.07,1,0,1,176924.21,1
15635502,Ch'iu,443,,Male,44,2,0.0,1,1 units,0,159165.7,0
15614420,Gerasimova,531,Germany,FEMALE,32,0,109570.21,2,1,1,172049.84,0
15753462,Godson,632,Germany,Male,30,2,72549.0,2,0,1,182728.8,0
15763612,T'an,756,Germany,Male,41,,124439.49 units,2,0,1,47093.11,0
₹15733032,Butler,651,Spain,Male,47,2,0.0,2,1,1 units,119808.64,0
15574331,Alexeeva,593,Germany,Female,,3,118233.81,1 units,0,1,24765.53,1
15694160,Sagese,624,France,Male,37,0,0.0 units,2,0,₹0,112104.55,0
15777033,Chizoba,524,France,Male,29,7,0.0,2,1 units,1,105448.74,
,Atkinson,714,Germany,Male,29,6,92887.13,1,1 units,1,69578.49 units,0
15704910,Rios  ,631,Spain,,23,3,0.0,2,1,0,13813.24,0
15613463,Hackett,679,Germany,FEMALE,50,6,132598.38,2,1,1,184017.98,₹0
15629323,Kelechi,617,Germany,Female,37,4,116471.43,₹2,1,0,175324.74,1
15583668,Ludowici,726,France,Female,42,2,109471.79,1,0,1,175161.05,0 units
15709447,Reed,584,France,Female,26 units,,146286.22 units,1,,0,105105.35 units,₹0
15794396,NEWBOLD,494,Germany,FEMALE,38,7,174937.64,1,1,0,40084.32,0
15777076,Clark,651,France,Male,36,7,0.0,2,1,0,13898.31,0
15660679,Chimaobim,653,Spain,Female,38 units,9,149571.94,1,1,0,118383.18,0
15632576,Yashina,520,NULL,Male,31,4,93249.4 units,1,1,0,77335.75 units,0
15684296,Artyomova,714,France,Male,34,,141173.03,1,0,1,98896.06,0
15606836,Lombardo,782,France,Female,33,2,94493.03,1,0,1,101866.39,0
15749583,Bellucci,686,Germany,FEMALE,38,2,93569.86,3,0,0,10137.34,1
15722532,Angelo,690 units,NULL,Female,36,10,91760.11,1,1,1,135784.94,0
15738501,Booth,601,Germany  ,Male,48,9,163630.76,1,0,1,41816.49,1
15576928,WALSH,573,France,,23,2,0.0,₹1,1,0,122964.18,0
15665177,Booth,613,France,NULL,44,3 units,0.0,2,0,1,136491.72,0 units
15633112,Madukaego,681,Germany,Male,42,3,118199.97,2,1 units,0,9452.88 units,1
15773322,Obiajulu,536,GERMANY,Female,44 units,4,121898.82,1,0,0,131007.18,0
,Tao,611,France,Male,28,2,0.0,2 units,₹0,0,25395.83,0
15801466,Gray,574,France,Female,₹39,2,122524.61,2,1 units,0,88463.63,0
15708867 units,Niu,684,Spain,Female,38,3,134168.5,3,1,0,3966.5,₹1
15733014,Nolan,813 units,,Female,62,10,64667.95,2,0,1,140454.14,0
15797736 units,Smith,658,France,Male,29,4,80262.6,1,1,1 units,₹20612.82,0
15610557,McCarthy,695,Spain,Female,35,7,79858.13,2,₹1,₹1 units,₹127977.66,0
15810227,Fanucci,421,France,Male,34,2,0.0,2,1 units,1,96615.23,0
15731412 units,Trevisano,693,Germany,FEMALE,₹37,6,95900.04,1,1,1,38196.24,0
15679024,Udinesi,553,France,NULL,32,3,116324.53,₹1,₹1,0,77304.49,0
15772798,,711,Spain,Female,₹28,5,0.0,2,1,1,93959.96,0
15609058,Wan,676,France,Male,23 units,1,107787.47,1,0 units,1,116378.82,0
15634628,NULL,579,,Female,33,1,65667.79,2 units,0,0 units,164608.98,0
,Wakelin,692,Spain,Female,29,4,0.0,2,0,0,138880.24,0 units
15628936,Archer,692,Spain  ,Male,28,9,118945.09,1,₹0,0,16064.25,1
15695168,Bruce,625,FRANCE,MALE,39,2,0.0,2,1,0 units,100403.05,0
15712584,Liao,670 units,France,Female,33,7,0.0,2,1,1,88187.81,0
15654238,Jen  ,673,France,Female,40,5 units,137494.28,1,1,0,81753.92,0
₹15611287,Chiu,777,France,Female,,4,0.0,2,0,1,115611.97,0
15715667,Sorokina,,France,Female,32,7,0.0,2,0,0,155227.0,0
15725665,Lo  ,₹679,France,Male,47,10,198546.1,2,1,0,191198.92,1
15711572,O'Kane,705,Germany,NULL,31,9,110941.93,2 units,1,0,163484.8,0 units
15578141,Chien,592,Spain,Male,38,3,0.0,1,1,1,12905.89,1
15761717,Ch'ien,720,NULL,NULL,,10 units,51962.91,2,1,0,45507.24,0
,Walker,700,Spain,Male,31,7,0.0,2,0,1,145151.96,0 units
15723818,Carpenter,453,France,Female,37,4,131834.76,2,1,0 units,8949.2,0
₹15667085,MENG,667,France,Male,33,4,0.0,2,1,1,131834.75,₹0
15756875,Freeman,782,Spain,Male,34,6,147422.44,1,0,1,42143.61,0
15758372,NULL,674,France,Male,18,7,0.0,2,₹1 units,1,55753.12,1
15733361,Davide,651,Germany,Female,45,₹6,86714.06,₹1,1,0,85869.89,₹1
15718231,Gregory,537,France,Male,28,₹0,88963.31,2,1,1,189839.93,0
15657105,Chukwualuka,₹726,Spain,Male,36,2,0.0,1,1,0,195192.4,0
,Lombardo,599,NULL,MALE,34,2,101506.66,1,0,0,198030.24,0
15592230,Seleznyov,620,France  ,Male,41,3,0.0,2,1,1,137309.06 units,0
₹15782210,K'ung,714,France,Male,46,1,0.0,1,1,0,152167.79,1
15670343,Li,576,Spain,Male,19,6 units,₹0.0,2,0,0,72306.07,
15576065,Sims,₹731,Spain,Female,40,5,171325.98,1,1,₹1,159718.27,1
15715297,Yuan,₹779,Germany,Female,40,2,75470.23,1,1,1,52894.01,0
15701319,Baxter,614,Germany,Female,37,6,96340.81,2,1,1,139377.24,1
₹15698028,Duncan,506,France,Female,41,,0.0,2,1,0,31766.3,₹0
15775339,Lori,520,France,Female,29,8,,1,1,0,4696.44,0
15652289,Williams,694,France,Male,47,4,0.0,2,1,0,197528.62,0
15592707,Dolgorukova,531,,Female,64,2,175754.87,2,1,1,60721.4,0 units
,Wang,712,France,Female,,3,87375.78,2 units,0,0,166194.53,0 units
15765297,Yao,766,Spain,Male,41,0,0.0,2,0,1,34283.23,0
₹15602034,Kolesnikov,697,FRANCE,Female,,2,126558.92,1,1,0,73334.43,0
15659962,McIntosh,637,NULL,Male,₹60,3,0.0,₹2,1,1,70174.03,₹0
15744942,Steele,638,Spain,Female,55,2,155828.22,1,0 units,1,108987.25,1
15674442,Kung,681,FRANCE,Male,23,7,157761.56,1,0,0,147759.84,0
15752534,Mironov,744,France,Male,36,10,0.0,2,1,1,182867.84,0
15637522,Shubina,507,France,Female,31,0,106942.08,1,0,1,44001.11,₹0 units
15689351,Johnson,742,Germany  ,Female,41,4,92805.72,1,0,1,73743.95,1 units
15610355,Hunter,713 units,France,MALE,₹44,1,63438.91,1,1,0,64375.4 units,0
15706394,Howell,609,France,Male,53,7,0.0,2,0,1,52332.85,0
15805681 units,Chamberlain,716,France,Male,41,9,0.0,1,1,1,113267.48,₹0
15626114,Pearson,429,France,Male,24,4,95741.75,1,1,₹0,46170.75 units,0
15785406,Watts,446,France,Female,51,4,105056.13,1 units,0,0,70613.52,0
,Allingham,670,Spain,Male,43 units,,97792.21,1,0,,120225.62,0
15629885 units,Wilson,850,France,Female,33,7,118004.26,1,1,0,183983.82,0
15567333,Archambault,712,FRANCE,Female,31,7,0.0,2,1 units,,170333.38,0
15643487,Sal,630,Spain,Male,39,10,105473.74,1,0 units,0,58854.88,1 units
15681924,Ekwueme,747,Germany,MALE,38 units,2,129728.6,1,1,0,89289.54,0
15666711,Ukaegbulam  ,586,France,Female,46,0,0.0 units,3,0,1 units,131553.82,1
15714689,Houghton,591,Spain,Male,29,1 units,97541.24,1,₹1,1,196356.17,0
15774393,Ch'ien,694,France,Female,30,9,,2,1,1,26960.31,0 units
15691111,Pai,648,Germany,Female,42,8,121980.56,2,1 units,0,4027.02,0
15621210,,599,Germany,Male,46,₹9 units,₹123444.72 units,1 units,1,1,31368.08,1 units
15681843,NULL,624,Germany,,35,0,,,1,0,163587.9,0
15718673,Mirams,839,Spain  ,Female,₹33,10,75592.43,1,1,0,62674.42,0
15591985,Stewart,708,France  ,Female,51,8,70754.18,1,1,1,92920.04,1
15768163,Griffin,655,Germany,Female,46,7,137145.12,1,1,0,115146.4 units,1
15747000,Shih,592,France,Male,27,3,0.0 units,2,₹1,1,19645.65,0
15610912,FERRI,657,SPAIN,Female,41,6,112119.48,1,1,0,17536.82,0
15637644,Hanson  ,667,France,Female,24,4,0.0,2,0 units,1,34335.55,0
15595766,Watts,527,Spain,Male,37,5,93722.73,2,1,1,139093.73,0
15652615,Ferri,742,France,Male,39,₹8,140004.96,1,1,1 units,92985.78,0
15649858 units,Simpson,469,NULL,Male,37,9,96776.49,,1,1,119890.86,₹0
15664720,Kovalyova,714,Spain,Male,33,8,122017.19,1,0,0,₹162515.17,0
15728224,Kerr,710,Germany,Female,41,9,149155.53,2,1,0,42131.26,1
,Vinogradova,598,NULL,Female,39,5,0.0,2,1,,83103.46,0
15653620,Gordon,546,France,Female  ,27,₹8,0.0,2 units,1,1,14858.1,0
15810944,NULL,586,France,Female,35,7,0.0 units,2,1,,70760.69,0
15584785,OGOCHUKWU,660,France,Male,37,2,97324.91,1 units,1,0,23291.83,0
15601857,Woodhouse,705,Germany,Female,46,4,115518.07,1,0,0,76544.9,1
15629846,Sheehan,827 units,Germany,Female,47,8,143001.5,2,1,0,108977.5,0
15629094,Fomin,528,France,Female,36,1,156948.41 units,1,1,1,149912.28,1
15805261,NULL,700,Spain,Male,29 units,,₹0.0,2,0,1,152097.02,0
15798834,Yefremov,₹719,SPAIN,Female,32,7,0.0 units,1,0,0,76264.27,0
15654531,Tuan,477,France,Male,₹22,5,₹82559.42,2,₹0,0,163112.9,
15663933,Jamieson,625,Germany,Female,35,5,86147.46,2,1,0,163440.8,1 units
,TAI,675,Spain,Male,33,3,0.0,2,1 units,0,45348.08,0
15775750,YAO,686,FRANCE,Male,,9,134560.62,1,1,0,27596.39,0
15750867,Nucci,489,Germany  ,Female,46,8,92060.06,1,1,0,147222.95 units,1
15720644,Martin  ,789,France,Male,27,6,0.0,2,1,0,103603.65,0
15700353,Evans,662,FRANCE,Female,37,6 units,0.0 units,2,1,0 units,51229.17,
15628112,Hughes,771,Germany,FEMALE,36,5,77846.9,1,0,0,99805.99,0
15714920,Balashov  ,585,Germany  ,Male,44,7,163867.86,1,1,1,112333.22,0
15694409,TSAO,647,Germany,Female,22,3,97975.82 units,2,0,1 units,62083.0 units,0
15729582,Fu,676,Germany,Male,48 units,₹3,80697.44,1,0,0,101397.86,₹0
15671124,Buccho,599,France,Male,25,6 units,₹120383.41,1,1,1,₹24903.09,0
15618695,TS'UI,,Spain,Female,22,3,108117.1,1,0,1,53328.7,0
15808228,NULL,768,Spain,FEMALE,44,6,60603.4,1,1,1,178045.97,0
15618225,Porter,741,Germany,Male,36,8,116993.43,2,1,,₹168816.22,₹0
15657540,Cremonesi,578,France,Male,50,5,151215.34,2,1,0,169804.4,0 units
15669987,Sung,728,Germany,Female  ,35,8,125884.95,2,1,0,54359.02,1
15687626,Zhirov,527,FRANCE,Male,39,4 units,0.0,2 units,1,0,167183.07,1
₹15642991,Tung,850,Spain,NULL,29,7,0.0,2,1,0,23237.25,0
15622774,Kao,648,FRANCE,Male,34,0,0.0,1,1,1 units,167931.81 units,0
15657342,NULL,850,Germany,Male,28,4,147972.19,1,₹1 units,0,60708.72,1
15574858,Page,530,France,Male  ,37,₹8,0.0 units,2,1,1,287.99,0
15755178,Ramos,660,France,Male,50,₹1,0.0,3,1,1,191849.15,1
15727384,Chukwuemeka,705,Germany,Female  ,43,10,146547.78,1,,1,10072.55 units,1
15574795,Lombardo,495,France,Female,38,2 units,63093.01,1,1,1,₹47089.72,0
,Howarth,576,France,Female,55,6,44582.07,3,0,1,67539.85,1
15604304,NULL,539,Germany,Female,34,4,91622.42,1,1,1,136603.42,0
15596914,Shaw,630,Germany,Female,31,2,112373.49,2,1,1,131167.98,0
15594556,Chuter,619,Spain,Male,52,8,,2,,1,123242.11,0
15795370,Mazure,648,Germany,Male,₹37,6,131753.41,1 units,1,0,86894.67,0 units
15654025,Jones,646,France  ,Female,51,4,101629.3,1,0 units,0,130541.1,0
15588918,Mitchell,671,France,Female,42,6,0.0,2,1,0,,0
15726855,Oliver,805,GERMANY,,₹45,9,116585.97,1,₹1,0,189428.75,1
15626452,Beatham,₹711,Spain,Male,32,₹5,0.0,2,1,1,147720.27,0
15705301 units,Parkes,683,France,Male,41,6,95696.52,2,1,1,184366.14,0
15811927,Marcelo,733,France,Female,38 units,3,157658.36,1,0,0,,0
15648721,Hsueh,711 units,France,Male,₹64,4,0.0,2,1,1,3185.67,0 units
15814465,Ch'in,612,France,NULL,24 units,1,182705.05,1,1,1,₹171837.06,0
15567486,Li,634,SPAIN,Female,41,4,0.0,₹2,1 units,1,164549.74,0
15738497,Chukwujamuike,729,Spain,Male,44,4,107726.93,2,1,0,153064.87 units,0 units
15567991,Obiuto,794,Spain,Male,31,0,144880.34,2,0,1,175643.44,0
15742809,Mironova,712,Spain,Female,29,7,77919.78,₹1,1,0,122547.58,0
15661670,Chidozie  ,,Germany,Female,31,8,107818.63,1,1,0,199725.39,
15771483,Arnold,609,France,Male,40,6,0.0,2,1,₹1,97416.34,0
15756277,Wilson,850,Germany,Female,43,8,92244.83,2,1,0,54949.73,0
15772777,Onyemachukwu,850,Spain,FEMALE,29,10,0.0,2,1,1,94815.04,0
15809309,Longo,689,Spain,Female  ,40,5,₹154251.67,1,0,1,118319.5,0
₹15661412,Wardell,715,France,Male,32,8,175307.32,1,1,0,187051.23,₹0
15688563,Marchesi,694,Germany,MALE  ,31,4,141989.27 units,2,1,0,₹26116.82,0
15780870 units,McKay,580,Spain,Male,67,3,153946.14,1,1,1,7418.92,0
15729718,Stelzer,610,NULL,Male,41,6,0.0,₹3 units,0,0,56118.81,₹1 units
15773890,Okechukwu,733,FRANCE,Male,22,5,0.0,2,,1,117202.19,0
15810203,Manning,499,Germany,FEMALE,44,6,77627.33,2,1,0,₹108222.68,0
15731744,Carslaw,692,France,Male,₹30,2,0.0,2,0,1,130486.57,0
15596761,Hawdon,515,Germany,Male,60,9,113715.36,1,1,0,18424.24,1
₹15790630,Olisaemeka,619,FRANCE,Female,48,4,0.0,1 units,0,0,18094.96,₹1
15586264,NULL,,France,Male,43,2,140431.98,1,1,0,26450.57,1
15615352,Ebelechukwu,588,France,Male,31,₹4,99607.37,2,0,1,35877.03 units,0
15677550,Folliero,755,France,Female,38,1,0.0,2,1,0,20734.81,0
15746708,Ritchie,589,Germany,Male,55 units,7,119961.48,1,1,0,65156.83,1
15674206,Walker,716,France,Female,22,8,0.0,2,1,1,92606.98 units,0
15641411,NULL,756,France  ,Female,23 units,1,112568.31,1,1,1,113408.11,₹0
15731166,Macleod,743,France,Female,30,1,127023.39,1,1 units,1,138780.89,0
15801247,Fan,605,Spain,Male,39,10,105317.73,2,₹1,0,138021.36,0
15591766,Crawford,,Spain,Female,25,,121166.89,1,0,1,115288.24,0
15752801,Bradshaw,518,GERMANY,Male,29,9,125961.74 units,2,1,0,160303.08,1
15752193,Burton,421,Spain,Male,34,,90723.36,₹1,1,1,12162.76 units,0
15669922 units,NULL,530,Spain,Female,36,2,0.0,2,1,₹1,14721.8,0
15583681,Layh,616,Spain,Male,31,7,76665.71 units,2,1 units,1,163809.08,0
15774882,Mazzanti,687,France,Female,35,3,99587.43,1,1,1 units,1713.1,1
15769051,Shaw,₹503,Spain,Male,25,7,0.0,1,0,1,192841.13,0
15571995,Harper,775,Germany  ,Female,33,1,,2,1,1 units,₹26362.4,0
15746970,Townsend,760,Spain,Female,57,₹1 units,0.0,2,1,1,25101.17 units,0
15660316,STEPHENSON,420,Germany,NULL,34,1,135549.9,1,0,0,149471.13,1
₹15646513,Spyer,803,France,Male,42,5,0.0,1,1,0,196466.83,1
15592116,Jensen,585 units,France,Female,39,7,0.0,2,1,0,2401.26,0
15627697,,662,France,Male,34,2,0.0,2,0,1,21497.27,0
15699532,NULL,516,France,Male,51,8,120124.35,2,0,1,168773.54,
15676513 units,Burns,601,Germany  ,Male,35,8,71553.83,1,1,0,177384.45,0
15585839,Niu,633,France,Male,37,2 units,,₹2,,0,182258.17,0
,VINOGRADOFF,611,France,Male,30,2,104145.65,1,0,0,159629.64,0
15660871,Ch'ang,665,France,Male,28,8,137300.23,1,1,0,90174.83,0 units
15700864,Fiorentini,607,France,Female,₹21,0,0.0,2,1,0,116106.52,0
15662532,Holmes,757,Germany,Male,31,8,149085.9,2,1,1 units,197077.36,0
15752816,NULL,531,FRANCE,Male,29,,114590.58,1,0,0,,0
15724955,,537,France,NULL,38,3,0.0,2,0 units,0,141023.01,0
15763065,NULL,700,Spain,Female,40,2,0.0,2,1,₹0,199753.97,0
15796480 units,Reilly,687,France,Female,31,2,0.0,2,0,1,145411.39,0
15717156,Sokolov,520,France,NULL,,3,143396.54,2,1,1,898.51,0 units
15800805,Maher,451,France,Female,31,7,140931.82,1,0,1,20388.77,0
15783882,Daly,771,Spain,Female,41,5,,2 units,0,1 units,₹92914.67 units,0
15672499 units,Iadanza,635 units,France,MALE,34,3,134692.4 units,2 units,1,1,83773.02,0 units
15684696,Lei,560,Spain,Female,26,3,116576.45,1,1,0,157567.37,0
15634891,Jamison,504,Germany,Female,43,7,102365.49,1,1,0,194690.77,1
15699325,Fedorova,555,Germany,Female,62,10,114822.64 units,1,0,1,8444.5,0
15639576,Burns,691,France,Male,26,9,136623.19,1,1,0,153228.0,0
15755262,McDonald,608,Spain,,41,3,89763.84 units,1,0,0,199304.74,1
15719276,T'ao,741,Spain,Male,35,6,74371.49,1,0,0,99595.67,0
15622507,Hamilton,748,Germany,Female,40,3,103499.09,2,0,0,,0
15781574,Ma,636,NULL,Male,76,9,126534.6,1,1,1 units,39789.62,0
15568487 units,Gorshkov,,France,,35,7,124616.23 units,1,1,1,69320.97,0
15719778,Chiu,577,France,FEMALE,32,1,0.0,2,1,0,9902.39,0
15791302,Swift  ,741,France,MALE,32,8,0.0,2,1,0,143598.7,0 units
₹15741643,,777,Germany,Male  ,35,7,122917.69,,1,1,76169.68,
15662189,Durant,434,SPAIN,Male,₹33,3,0.0,,1,1,₹2739.71,0 units
15700854,Cunningham,595 units,Spain,Male,35,8,0.0 units,1,1,₹0,100015.79,1
15697844,Whitehouse,721 units,NULL,Female,32,10 units,,1,1,0,136119.96,1
15594685 units,Hall,757,France,Female,49,2,₹0.0,2,0,0,164482.92,0
15662434,Zhdanova,607,France,Male,25,3,0.0,2,0,0,187048.72,0
15598940,Achebe,681,Germany,NULL,38,6,181804.34,2,1,1,57517.71,0
15568162,Sung,527,Spain,MALE,53,8,0.0,1,1,1,51711.57 units,0
15788494,Alekseeva,,FRANCE,Male,31,8,145875.74,1,1 units,0,137491.23,0
15684011,Miller,576,Germany,Male,29,₹7,130575.26,1,0,1,173629.78,0
15736717,MA,602,France,Male,31,7 units,155271.83,,1,1,179446.31,0
15569759,Rawling,583,France,Female,27,4,0.0,3,1,0 units,163113.41,0
15770121 units,Bancroft,,France,Female,₹34,,0.0,1,1,0,24255.21,0
15746995,Greco,724,Germany,Male,31,9,138166.3,1,1,0,12920.43,0
15800736,Kirwan,,Spain,Female,42,4,96763.89,1,1,1,199242.65,0
15705739,Toscani,753,Germany,Male,32,5,159904.79,1,1 units,0,148811.14,0
₹15647546,Carvosso,688,Germany,Female,40,8,150679.71,2,0,1,196226.38,0
15617991,,555,France,Male,29,4,128744.04,1,1,1,47454.93,0
15687527,Yobachukwu,,Spain,,35,1,₹0.0,2,1,₹0,,0
15776047,NICHOLLS,620,France,Female,29,3,0.0,2,0 units,1,153392.28,0
15742269,MILANO,756,France,Female,24,1,0.0,2,1,0,184182.25,0
15749489,Denisova,533 units,Germany,Female,22,₹10,115743.6,1,0,0,43852.05,0
15698031,Romano,587,Germany,Female,39,6,101851.8,2,1,0,7103.71,0
₹15793324 units,McKenzie,695,Spain,Male,32,9,0.0,3,0,1,38533.79,0
15612140,Milano,721,Spain,Female,46,7,137933.39,1,1,1,67976.57,0
15607691,Gibson,658,France,Male,36,8,174060.46,1,1,1,94925.62,0
15733581,Duncan,831,Germany,Male  ,32,9,80262.66,1,1,0,₹194867.78 units,0
15787529,Gray,592,Spain,Male,38 units,₹0,0.0,1,1 units,0,65986.48,1
15571869,Lei,669 units,GERMANY,Female,,4 units,112650.89,1,0,0,166386.22,1
15745605,NULL,722,France,Female,47,,88011.4,1,1 units,1,90655.94 units,1
15691004,Yu,407,Spain  ,MALE,37,1 units,0.0,1,1,1,49161.12,1
15602811,CHIOKE,₹730,Germany,Male,38,0,38848.19,₹2,0 units,0,94003.11,0
15741336,Ejimofor,715,NULL,NULL,38,5,118590.41,1,1,1,5684.17,1
15631481,Thomson,673,France,Male,51,8,79563.36,2,1,₹1,172200.91,0
15761141,,604,Spain,Female,71,10,0.0,2,1,1,129984.2,0
15690898,Bogolyubova,696,France,Male,44,8,161889.79,1,0 units,0,75562.47,0
15657881,Onyemere,₹784,France,Male,₹38 units,5,136712.91,1,0,1,169920.92,0
15765952 units,Milanesi,769,France,Male,₹29,4,145471.37,1,1,0,188382.77,0
15754574,Tomlinson,738,Spain,Male,₹36,5,0.0,2,1,1,96881.32,0
15785815 units,Toscano,₹670,Germany,Male,31,1,142631.54,2,1,1 units,175894.24,0
15621815,Obiajulu,803,France,Female,40,6,165526.71,1,1,0,12328.08,0
15744240,Shen,688,Germany,Female,46,0,74458.25,1,0,1 units,6866.31,
15726032,Enyinnaya,608,France,Male,33,9,89968.69,,1,0,68777.26,0
15808760,Evseev,603,SPAIN,Female,42,6,0.0,1,1,1,90437.87 units,0
15600651,Ijendu,,France,Male,24,1,0.0,3,,₹1,47911.03,0
15737556,Vasilyev,590,France,Male,43,7,81076.8,2,1 units,1,182627.25,1
15765520,Stevenson,769,Germany,Male,27,7,188614.07,1,1,0,171344.09,0
15598275,Sochima,709,France,Female,32,7,0.0,2,1,1,199418.02 units,0
15653696,Goliwe,515,NULL,Female,28,9,0.0 units,2 units,0 units,0,94141.75,0
15709451,GORDON,₹646,Germany,Female,35,1,121952.75,2,₹1 units,1 units,142839.82,0
15750545,Chidiebere,629,France  ,Male,44,5,,4,₹0,0,117572.59,1
,Carter,477 units,SPAIN,Male,31,9,,2,₹0,1,184061.17,0
15736124,Thompson,617,France,Male,25,1,102585.88,2,1,1,115387.4,0
15576824,Kennedy,564,Germany,Female,44,3,111760.4,3 units,1,1,104722.47,1
15591724,Liu,,France  ,Female,44,5,143244.97,1,1 units,0,98661.27,0
15591360,Udinesi,642,France,Female  ,33,4,84607.34,2 units,0,1 units,60059.47,0
15756301 units,Daniels,636,Germany,FEMALE,29,3,97325.15,1,0,1,131924.38,0
15753955,Lori,₹639,Spain,Male,34,₹7,149940.04 units,2,0,0,156648.81,₹0
15624936,,631,France,Male,35,8,129205.49,1,1 units,1,79146.36,0
15772892,Robertson,699,France,Female,49,2,0.0,1,0,0,105760.01,0
15649129,Sal,₹757,France  ,Male,32,9,0.0,2,1,0,115950.96,0
15684358,Kang,711,France,Male  ,41,3,0.0,2,1,1,193747.57 units,0
15591248,Chukwumaobim,₹628,NULL,Female,29,9,71996.29,1,1,1,34857.46,0
15655298,Lewis,654,Spain,Female,54,5,0.0,₹2,0,₹1,47139.06,0
15774630,Peacock,601 units,NULL,Female,47 units,1,142802.02,1,1,1,57553.02,0
15743007,Seabrook,643,France,Female,45,4,45144.43,1,₹1,0,60917.24,1
15574296,Kambinachi,757,France,Male,23,2,80673.96,₹2,1,0,93991.65,0 units
,Douglas,701,Germany,Male,32,5,102500.34,1,0,0,106287.77,0
15645269,Duncan,583,France,Female,42,4,0.0,2,1,0,17439.66,0
15721469 units,Mach,492,NULL,Male,45,9,170295.04,2,0 units,0,164741.81,0 units
15716501,Moon,659,France,Male,32,9,95377.13,1,0,1,,0
15720725,,762,France,Male,28,,0.0,2,1,0,167909.52,0
,WARING,613,NULL,Male,26,4,100446.57,1,0,1,₹149653.81,0
15718667,T'ien,621,NULL,Male,35,7,87619.29,1,1,0,143.34,0
15567335,Allsop,559,France,Female,42,7,0.0,2,1,1,190040.29,0
15598884,,,Spain,Female,23,5,0.0,1,1,1,180622.43,0
15683657,Stephenson,594 units,France,Female,31,0,79340.95,1,1,0,78255.86,0
15631054,Volkova,625,France,Female,24,1,0.0,2,1,1,180969.55,0
₹15701301,Murphy,646,FRANCE,Female,42,3,175159.9,2 units,0,0,67124.48,1
15568164,Istomin,850,France,FEMALE,34,4,71379.53,2,1,1,154000.99 units,0
15704681,Yeh,766,Germany,Male,,2,99660.13,2,0,1,147700.78,0
15775192,Rounsevell,732,Germany  ,Female,48,4,102962.62,1,1,0,120852.85,1
15700654 units,LIARDET  ,617,Germany,Male,44,9,49157.09,2,1,0,53294.17,0
15786852,Nwachukwu,565,Germany,Female,38,2,158651.29,2,1,1,179445.28 units,0
15571586,NULL,524,Spain,Male,29,3,159035.45,1 units,1,0,2705.31,1
15808689,Morres,850,FRANCE,Female,31,4,0.0,2,1,₹1 units,33082.81,0
15626040,McDonald,793,Spain,Male,63,0,0.0,2,0,1,27166.75,0
15715715,Artyomova,,Spain,Male,38,2,0.0,2,1,1,,0
15611029,Hsiung,488,Germany,Female,33,4,140002.35,1,1 units,0,123613.81,0
15743570,Feng,481,France,NULL,34,5,0.0,2,1,1,125253.46,0
15694321,Su,619,NULL,FEMALE,28,3,0.0,2,₹1,0,53394.12,0
15778410,Clarke,533,Spain,Female  ,52,7,0.0 units,1,0,1,194113.99,1 units
15698285,Ting,₹676,France,Female,41,4,₹101457.14 units,1,1 units,1,79101.67,0 units
15777586,Moss,784,Spain,Female,42,₹2,109052.04,2,1,0,6409.55,0
15687431,Faria  ,642,France,Female,41,7,115171.71,1,1,1,37674.47,0 units
15673529,,645,Spain,Male,,₹4,59893.85,2,1,0,43999.64,0
15762708,Chiemezie,,Spain,Female,38 units,10,119658.49,1,1,1,8646.58,0
15641688,NULL,644 units,Spain,Male,18,7,0.0,1,0,₹1,59645.24,1
15786469,Montalvo,686,France,NULL,34 units,₹1,0.0,2,1,,87278.48,0
15684267,Davila,₹607,Germany,Male,39,2,84468.67,2,1,1,121945.42,0
15656937,Johnston,468 units,Spain,MALE,26,1,131643.25,1 units,1,0,64436.16 units,0
15575146,Jamieson,492,Germany,Male,,8,117808.74,₹2,1,1,₹67311.12,0
15626900,Kung,427,France,Male  ,29,1,,1,1,1,93839.3,0
15730738 units,Chiang,786 units,,Male,31,9,0.0,2,1,1,18210.36,0
15608166,Fallaci,761,France,Male,36 units,9,127637.92 units,,1,1,81062.93,0
15592387,NULL,566,France,Male,30,5,0.0,1,1,₹0,54926.51,1
15680804,Abbott,850,France,Male,,6,0.0,2,1,1,10672.54,0
15725302 units,Streeton,670,Spain,Female,20,4,0.0,2,,0,119759.24,0
15590199,Temple,₹701,Spain,Male,28,1,103421.32,1,0,1,₹76304.73,0
15803941,Seleznev,600,France,,46,10,95502.21,₹1,0,0,19842.18,0
15697879,Webb,701,France,Male,30,3,156660.72,₹2 units,1,0,45742.42 units,0 units
15762268,Hancock,₹666,France,Female  ,41,10,141162.08,1,,0,50908.48,0
15812071,Endrizzi,744,France,Male,,6,93806.31,2,0,1,140068.77,0
15701037,Barton,578,France,Male,39,2,0.0,2,1,₹0,70563.9,0
15731246,Hobler,628,Spain,Male,40,10,0.0,2,₹1,0,103832.58,0
15679551 units,Colombo,504,Spain,Female,,2 units,163764.84,1,1,,₹165122.55,1
15662758,Watson,620 units,France,Male,41,0,97925.11,1,1,0,85000.32,0 units
15705383,Shen  ,642,France  ,Male,35 units,4,125476.31,1,1,1,,0
15674929,Anderson,512,France,Female,31,7,0.0,2,0,0,₹49326.07,0
15745196,Verco,571,France,Female,35,8,0.0,2,0,0,84569.13,0
15675926,Ardis,655 units,Germany,MALE,34,7,118028.35,₹1,1,0,51226.32,1
15620323,NULL,652,Spain,Female,42,3,83492.07 units,2,1,0,₹37914.12,0
15728906,Ibekwe,634,France,,77,5,0.0,2 units,1,1,161579.85,0
15776229,MacPherson,682,France,Male,44,3,115282.3,1,0,0 units,23766.4,0
15655574,Okeke,698,Germany,Female,40,8,150777.1,1,1,0,114732.62,0
15815040,Ma,552,Germany,Female,42,8,103362.14,1,0,1,186869.58,1
15750731,Trevisani,736,Germany,Male,50,9,116309.01 units,1,1,0,185360.4,1
15773242,Chukwuhaenye,621,France  ,Male,32,1,0.0,2,₹1,1,168779.47,0
15650545,Tomlinson,849,FRANCE,,69,7,71996.09,1,1,1,139065.94,0
15603156,Elewechi,571 units,France,Female,₹33,1,0.0,2,₹1,0,102750.7,0
15582180,Lees,561,France,Male,29,9,120268.13,1,1,1,173870.39,0
15751771,Lowe,528,Germany,Male,32,2,99092.45,1,0 units,1,111149.98,0
15689633,Toomey  ,845 units,Spain,FEMALE,38,2,112803.92,1,1,₹0,179631.85,0
15583026,Welch,535,France,,38,0,,1,1 units,0,,0
15707025,Fang,648,Spain,Female,31,5,0.0,2,1,1,5199.02,0
15809137,Sagese,453,France,Male,,6,0.0,1,,0,198376.02,1
15761149,Teng,673,France,Female,44,8,133444.97,₹1,0,1,5708.19,0
₹15615670,Kazakova,762,France,Male,36,5,,1,1,1,42693.65,0
15593425 units,Bracewell,662,Spain,Female,54,1,₹187997.15,1,0,0,111442.71,1
15615430,Adams,₹678,Germany  ,Male,55,4,129646.91,,1,1,,1
15746341,Ejikemeifeuwa,630,France,Male,40,8,0.0,2 units,1,1,₹42495.81,0
15692142,Rogova,,,Female,48,7 units,,1,1,1,180344.69,1 units
₹15789753,Millar,480,,Male,40,6,148790.61,1,0,1,79329.7,0
15658148 units,Udokamma,657,France,Male,38,7,0.0,2,1,0,185827.74,0
15635531,Boag,575 units,Spain,Female,30,8,0.0,2,₹1,0,185341.63,0
15630592,NULL,516,France,Female,45,4,0.0,1,1,,95273.73,1
15764654,Zikoranachidimma,649,France,Male,37,9 units,87374.88,2,1,1,247.36,0
15707199,Cooper,643,FRANCE,Male,36,0,148159.71,,0,0,55835.66,0
,FAN,472 units,FRANCE  ,Male,31,4,58662.92,2,0,1,73322.0,0
15708917,Martin,598,,Male,53,10,167772.96,1,1,1,136886.86,0
15713621,Mollison,687 units,Germany,Male,41,10,134318.21,2,₹1,1,198064.52,0
15690079,Boniwell,591,Spain,Male,₹30,8,124857.69,2,0,0,50485.7,0
15669887,Lambert,839,FRANCE,Female,51,3,0.0,1,1,1,69101.23,₹1
15733705,Bull,577,France,Female,,8,92472.1,2,0,1,126434.61,0
15573152,NULL,620,FRANCE,Female,41,9,0.0,2,0,0,88852.47,0
15609735,NULL,,Germany,Male,51,6,127545.56,2,0,0,79559.02,1
15607098,Ahmed,747,Spain,FEMALE,41,5,94521.17,2,1,0,194926.86 units,0
15784042,L?,624,France,,55 units,₹7,118793.6,1,,1,95022.02 units,1
15676645,Parry,523,France,MALE,45,5,0.0,2,1,1,121428.2,0
15734948 units,IGWEBUIKE,601,Spain,Male,24 units,7,0.0 units,2,0,0,144660.42,0
15606097,Zakharov,665,Germany,Male,63,7,₹104469.58,₹1 units,₹1,1,25165.36,1
15699005,Martin,710,France,Female,41,2,156067.05,1,1,₹1,9983.88,0
15784526,Chen,616,France,Male,44,5,102016.38,1,0,1,178235.37,1
15697214,Korovin,686,NULL,Female,36,5,0.0,2,1,1,152979.14 units,0
15694628,Walker,686,,Female,₹39,4,157731.6,2,1,0,162820.6,0
15781689,Macadam,758,Spain,,35,5,0.0,2,1,0,95009.6,0
15776824,,714,France,Male,28,6 units,122724.37,1,1,₹1,67057.27,0
15754649,Fang,705,Spain,Female,57,3,0.0,2,1,1 units,34134.14,0 units
15759034,Li Fonti,654,France,Male,36,2,112262.84,1,1,0,12873.39,0
,Wieck,634,Germany,Male  ,24,8,103097.85,1,₹1,1,157577.29,0
15737748,McWilliam,534,Spain  ,FEMALE,,3,151233.62,1,0,0,₹199336.63,0
15706217 units,Kao,645,Germany,Male,28,7,117466.03,2,1,1,34490.06,0
15703106 units,K'ung,575,France,Male  ,40,5,0.0,2,1,1,122488.59,0 units
15809124,T'ien,750,France,Male  ,38,5,151532.4,1,1,1,46555.15,₹0 units
15584536,Barber,720,Germany,Male,46 units,3,97042.6,1,1,1,133516.51,1
15587240,Vasilyev,518,France,Male,40,4 units,0.0,2,0,1 units,194416.58,0
15703563,P'eng,774,France,Male,40,9,93017.47 units,₹2,₹1,0,191608.97,0
15666823,Nebechi,425,NULL,Male,39,4,0.0,2,1,0,197226.32,0
15729689,Chan,754,Germany,Male,35,₹6,98585.94,₹2 units,0,1,106116.84,0
15622833,Mahon,,Germany,Female,29,10,130420.2 units,2,0,0 units,106276.55,0
15585100,Rioux,511,Germany,FEMALE,40,9,124401.6,1,1,0,198814.24,1
15755825,McGuirk,666,France,Male,39,10,0.0,2,1,0,102999.33,0
15607142,Parkin,658,France,Male,32,8,0.0,1 units,1,1,80410.68,0
15586821,Bellew,727,France,MALE,28,5,0.0,2,0,1,₹19653.08,0 units
15707861,Nucci,520 units,FRANCE,Female,46,10,85216.61,1,1,0,117369.52,1
15645404,Okwukwe,625 units,France,Female  ,51,4,124620.01,2,1,0 units,92243.94,1
₹15586522,Hunter,608,SPAIN,Male,37,,130461.02,1,1,0,21967.15,0
15794661,LIU,674,Spain,Male,32,2,0.0,2,1,0,140579.17,₹0
15701164,Onyeorulu,506,FRANCE,Female,34,,90307.62,1,1,1,159235.29,0
₹15700964,Pollard,624,Germany,FEMALE,27,7,104848.68,1,1,1,167387.36,0
15668971 units,NICHOLSON,583,France,Female,40,4,55776.39,2,1,0,26920.43,0
15716023,Pearson,693,NULL,Male,31,1,0.0,2,0,1,182270.88,0
15628530,BOOTH,694,France,Male,42,3,156864.2,2,0,0,88890.75,0
15773017,Todd,763,Spain,Female,37,₹6,0.0,2,1,1,149705.25,0
15685947,Henderson,556,Germany,Male,42,0,115915.53,2,0,1,125435.47,1
15624229,Noble,694,France,Female,22,4,0.0,2,1,1,11525.72,0
,YUSUPOVA,582,France,Male,39,5,₹0.0,2,1,1,129892.93,0
15785865,Mazzanti,711,NULL,Male,58,9,91285.13,2,1,1,26767.85,0 units
15753174,NULL,571,Germany,NULL,37,9,139592.98,3 units,1,0,104152.65,₹1
15656330,Von Doussa,528,SPAIN,NULL,32,0,68138.37,1,1,1,170309.19,0
15810800,Ositadimma,673,Spain,Female,32,0,0.0,1,1,1,72873.33,0
15574910,FERGUSON,601,France  ,,50,2,115625.07,1,1,0,185855.21,0
15628972,Nebeolisa,699,NULL,Male,32,1 units,123906.22,3 units,1,1,127443.82,1
15767474,LORENZO,481,France,Female,57,9,0.0,3,1,1,169719.35,₹1
15800434,NULL,811,Germany,Male,₹52,10,76915.4,1,0,0,146359.81,1
15721116,NAPOLITANO,597,Spain,Male,24,,108058.07,,1,1,187826.11,0
15663446,Volkova,792,Germany,Female,29,4,107601.79,1,1,0,18922.18,1
15690678,Brooks,530,France,Female,33,4,129307.32,1,1,1,172930.28,0
15570073,Marian,721,Spain,Male,57,1,,1,1,1 units,195940.96,0
15694641 units,Wright,621,Spain,Female,59,2,0.0,2,1,1,171364.18 units,0
15622993,Boyd,709,Germany,Male,28,8,124695.72,2,1,0 units,145251.35,0
₹15609521 units,Chimaraoke,803,Germany,Male,34,4,142929.16,2,1,1,114869.56,0
15800366,Walton,₹546,France,Male,₹29,5 units,0.0,1,1,1,94823.95,0
15687913,Mai,501,,Female,34,7,93244.42,1,0,1,₹199805.63,0
15644296,Scott,740 units,France,Female,₹30,8,105209.54,1,1,0,1852.58,0
15716800,Kaur,582,France,Male,31,2,0.0,,1,₹1,33747.03,0
15707362,Yin,,Germany,Male,43,1,95556.31,1,0,1,199273.98,1
15778049,Wyatt,633,Germany,Male,29,6,117412.35,1,0,0 units,30338.94,0
15734970,White,835,Spain,Male,38,7,86824.09,1,0,0,175905.97,0
15624623,Hs?,516,France,Male,35,10,104088.59,2,0,0,119666.0,0
15701537,Ignatiev,756,France,Male,60,2,,1 units,₹1,1,166513.49,1 units
15771742 units,Boyle  ,580 units,Germany,Male,38,9,115442.19,2,1,,128481.5,1
₹15671014,Zhdanova,573,Spain,Female,72,8,98765.84,1,₹1,1,96015.53,₹0
15691817,Iloerika,547,Spain,Female,44,5,0.0,3,0,0,5459.07,1
₹15722548,Fisher,540,France,Male,48,0,148116.48,1,0,0 units,116973.48,0
15676835,Anayolisa,710,Spain,Male,33,1,0.0,2,1,0,168313.17,0
15796111,Smith,708,Germany,Female,,8,145151.4 units,1,0,1,125311.17,1
15788775,Milne,473,Germany,Male,40,8,152576.25,2,1,0,73073.68,0
15641183,Chin,731,Spain,Male,₹25,8,96950.21,1,1,0,97877.92,0
,Biryukov,693,France,Male,38,7,198338.77 units,2,1,1,14278.18,0
15670528,Franz,787,Germany,Male,43,0,132217.45,1 units,1,0,20955.03,1
15600357,FINDLAY,495,France,NULL,,1,140197.71,2 units,1,0,150720.39,0
15665374,Dumolo,610,SPAIN,Female,31,₹5,0.0,2,0,0,63736.36 units,0
15572174,MAZZI,₹825,France,Male,,3,148874.01,2,0,1,71192.82,0
15733138,Paterson,663,Germany,Male,42,5,90248.79,1,1,1,79169.73,0
₹15579109,Napolitano,574,Germany,Male,35,5,,1 units,1,1,15118.2,0
15694666,Thornton,707,Spain  ,Male,48,8,88441.64,1,1,1,119903.2,1
₹15661528,Ashbolt,583,Spain,Male,47,,102562.23,1,1,0,92708.1,₹0
15777901,Lindell,640,Germany,Female,43 units,,94752.49,1,,0,184006.36,1 units
15617617,Stewart,811,Spain,Male,39,7,0.0,2,1,1,177519.39,0
,Ch'eng  ,625,France,Male,43,4,122351.29,1,1,0 units,71216.6 units,0
,Nebeuwa  ,503,Spain,Male,31,4,0.0,2,1,1,21645.06,0
15701765,Vincent,575,SPAIN,NULL,37,0,0.0,2,0,0,,0
15724648 units,CHIKEZIE,725,France,Male,26,6,98684.15,1,,0,133720.57 units,0
15599869,Dyson,728,Spain,FEMALE,29,1,0.0,1,1,1,83056.22,0 units
,Y?an,696,France,Female,31,8,0.0,2,0,0,191074.11,₹0
₹15753337,Yeates,555,France,MALE,51,5,0.0,,1,0,189122.89,1
15687171,BIRCH,638,Spain  ,Male,34,5 units,146679.77,1,1 units,0 units,102179.86,0
15573318,Kung,610,France,Male,26,8,0.0,2 units,1,0,166031.08,
15805704,MURPHY,745,France,Female,32,2,0.0,4,0 units,1,179705.13,1
15618391,Doyle,810,France,Male,33,6,0.0,2,,1,,0
15632665,Yevseyev,832,France,Male,61,2,0.0,1,0,1,127804.66,1
15621227,Hs?eh,668,Germany,Female,46,7,161806.09,1 units,1 units,1,173052.19,0
15738148,Clarke,465,France,FEMALE,51,8,122522.32,1,0,0,181297.65,1
15721007,Charlton,776,Germany,Male,33,8,115130.34,1,0,0,129525.5,1
15692575,Kerr,760,France,Male,38,6,162888.73,1,1,0,91098.76,1
15797919,Ting,773,Spain,Male,37,2,103195.2,2,1,0,₹178268.36,
15801462,Yermakov,716,France,Male,31,8,109578.04,2,1,1 units,51503.51,0
15585892,Zakharov,639,FRANCE,Female,35 units,8,0.0,1,0 units,0,164453.98,0 units
15807525,Bailey,447,,Male,43 units,2,0.0,2,1,0 units,33879.26,1
₹15658716,Banks,667,Germany,Female,37,5,92171.35,₹3,1,0,178106.34,1
15611800,Loggia,624,France,Female,62,7 units,125163.62,2,1,1,151411.5,0
15582960,Short,473,France  ,Female,33,5,125827.43 units,1,0,1,145698.73,0
15583049,Wallace,643,Germany,Female,34,7,160426.07,1,0,1,188533.11,0
15774151,Iadanza,614,SPAIN,FEMALE,41,7,179915.85,1,0,0 units,14666.35,
15744789,McConnell,786,SPAIN,FEMALE,32,6,114512.59,1,1,0,15796.66,0
15718039,Ferguson,606,Germany,Female,47,₹0,137138.2 units,₹2,0,1,53784.22,0
15625740,Enriquez,627,Germany,Male,62,3,143426.34,2,1,1,143104.3,0
15687959,NULL,573,Spain,Female,44,4,0.0,1,1,1,,0 units
15654673,,625,France,Male,₹49,6,173434.9,1,1,0,165580.93,1
₹15758510,Frolova,474,France,Male,26,₹6,0.0,2,0,0,152491.22,0
15641794,Ridley,698,France,Male,33,5,135658.73,2,0,1,39755.0,0 units
15759066,Carpenter,483,France,Female,44,5,136836.49,1,1,0,192359.9 units,1
₹15778190,Onyekaozulu,639,Spain,Female,28,8,,1,1,1,178222.77,0
15772250,Udegbunam,842,Spain,Male,46,9,₹0.0,1,0,0 units,17268.02,0
15672481,Ulyanov,641,,Male,37,6,0.0,,,0,45309.24,0
15751491,Hsiao,443,GERMANY,Male,50,3,117206.3,1,1,0,42840.18,1 units
15587978,Boothby,455,Germany,Female,37,6,170057.62,1,0,1,54398.56,0
15773447,,526,SPAIN,Male,30,8,0.0,₹1,1,0,36251.0 units,0
,Okonkwo,600,France,Female,32,7,98877.95,1,1 units,0,132973.21,0
15786308 units,Millar,730 units,Spain,Female,33,9 units,0.0,2,0,0,176576.62,0
15655123,Dumetolisa,505,SPAIN,Female,45,9,131355.3,3,1,0,195395.33,1
15750837,NULL,579,GERMANY,Male,41,0,141749.68 units,1,0,1,₹9201.53,0 units
15768945,Chibueze,627 units,France,Male,27,₹1,62092.9,1,1,1,105887.04,0
15588535,Ts'ao,750,Spain,Female,39,,0.0 units,2,0,0,19264.33,0
15713505,Harriman,554,France,Male,31,1,0.0,2,0,1,192660.55,0
15705885,Smeaton,752,Spain,Male,36,,0.0,2,1,1,45570.84,0
15780805,Lu,585,France,,35,2,0.0,2,1,0,98621.04,1
15669805 units,Warren,748,Germany,NULL,31,1,99557.94,1,1,₹0,199255.32,0
15578307,Lucchese,512 units,France,FEMALE,33,6,121685.31,2,1,1,83681.97,
15664539,Bruce,683,Spain,Male,35,9,61172.04,1,0,0,82951.12 units,0
15815364,,736,Spain,Female,28,₹2,0.0 units,2,1,1,117431.1,0
15669169,NULL,775,Spain,,₹29,10,0.0,2,1,1,68143.93,0
15596493,Wisdom,687,France,FEMALE,47,7,0.0,2,1,1,177624.01 units,0
15721921,WOOLNOUGH,,France,Male,44,8,165326.2,1,1,1,57205.55,0
15609286,Chadwick  ,702,,Male,37,10,150525.8,1,₹1,1,94728.49,
₹15701200,Lucciano,576,France,Male,36,6,0.0,2,1,1 units,48314.0,0
15701936,Bell,467,Germany,Male,28,,126315.26,1,1,0,32349.29,
15625759,Rowley,729,France,Male  ,30,9,0.0,2,1,0 units,151869.35,0
15643523,Power,710,Spain  ,FEMALE,30,10,0.0,2,1,0,19500.1,0
15589323,LAW,636,FRANCE,Female,24,9,,2,0,1,38830.72,0
15669204,Grant,650,Germany,Male,23,4,93911.3,2 units,₹1,0,69055.45,0
15700223,Steiner,806,France,Male,48,4,164701.68,1,1,1,21439.49 units,0
15712825,Howells,511,SPAIN,Female,29,9 units,0.0 units,₹2,0,1,140676.98,0 units
15709941,Feng,753,France,Male,46,8,0.0,3,1,0,90747.94,1 units
15732660,Black,769,France,Female,27,2,0.0,1,1,1,57876.05,0
15713826,Ferguson,613,Germany,Female,20,0,117356.19,1,0,₹0,113557.7,1
15625426,Ashbolt,754,Germany,Female,,3,161608.81,1,1,0,8080.85,1
15647295,Chin,426,France,Male,34,9,0.0,2,1,0,107876.91,0
15694765,Sabbatini,610,Germany,Male,49,6,113882.33,1,1,0,195813.81,1
15666295,SMITH,610 units,Germany,Male,50,₹1,₹113957.01 units,,1 units,0 units,196526.55,1 units
15695492,P'eng,439,France,Female,29,6,156569.43,1,1,0,180598.66,0
15796218,Wei,814,Germany,Male,29,1,131968.57,2,1,1,147693.92,0
₹15694404,Eberegbulam,781,France,Female,42,3,156555.54,1,1,1,175674.01,₹0
15649738,White,698,France,Female,₹46,0,0.0,2,1,1,125962.02,0
15575002,FERGUSON,676,France,Male,29,4,140720.93,1,1,0,36221.18,0
15693683,Yuille,814,Germany,Male,29,8,97086.4,2,1 units,1,197276.13,₹0
15808023,REMINGTON,836,France,Female,29,9,133681.78,1,1,₹1,153747.73,0
₹15776844,Hao,₹762,Spain,Female,19,6,0.0,2,1,0,55500.17,0
15575391,Claypool,677,NULL,Female,37,3,0.0,2,1 units,1,38252.25,0
15645569,Mai,₹762,Spain,Female,26,7,₹123709.46,2 units,1,₹1,169654.57,0
15746410,Thompson,432,Spain,Male,38,7,0.0,2,1,0,150580.88,0
15725818,Chibuzo,583,Germany,Male,40,4,107041.3,₹1,1,1,5635.63,0
₹15780432,Shen,728,FRANCE,Male,37,3,122689.51 units,₹2 units,0,0 units,106977.53,1
₹15567778,Genovese,690,Germany,Female,54,1,144027.8,1,1,1,108731.02 units,1
15735078,Onwughara,724,Germany,Female,53,1,139687.66,2,1,1,12913.92,0
15748947,Chukwuraenye,657,France,Female,41,5,,1,1,1,68255.88,0
15609187,Cox,455,France,,27,5,155879.09,2,0,0 units,70774.97,0
15737133,P'eng,706,Spain,Male,68,4,114386.85,1,1,1 units,28601.68 units,0
15644103,Wells,659,Spain,Male,78,2,151675.65,1,0,1,49978.67,0
15770214 units,Bryant,754 units,France,Female,27,7,,2,₹1,₹0,144134.64 units,0
15765258,Bochsa,776,France,Female,29,5 units,0.0,2 units,1,1,143301.49,0
15588614,Walton,753,France,Male,57,7,0.0,1,1,0,159475.08,1
15606841,NULL,823,France,Male  ,₹38,1,0.0,2,1,0,156603.7,0
15630328,Bird,635,France,,48,8,130796.33,2,1,1,43250.3,0
,Marsden,714 units,,Female,45,9,106431.97,2,1,1,164117.69,0
15756305,Marchesi,515,FRANCE,Female,₹66,6,0.0,2,1,1 units,160663.11,0
₹15698572,Schaffer,636,Spain,Female,36,₹1,0.0,1,1,0,43134.58,0
15586959 units,,468,France,Female,42,5,₹0.0,2,1,0,125305.34,0
15579074,Obiajulu  ,619,NULL,Male,38,10,84651.79,,1,1 units,184754.26,0
15673599,Williamson,₹618,Spain,Male,32,5 units,133476.09,1,₹0,1,154843.4,0
15763381,NULL,₹496,France,MALE,30,0,90963.49,1,0,1,27802.0,0 units
15611729,NULL,703,GERMANY  ,Male,39,1,141559.5,1,1,1,,1
15799720,Coburn,569,,,43,8,161546.68,2,,,178187.28,0 units
15650924,Foster,761,Spain,Female,32,,103515.39,2,1,1,177622.38,0
₹15585041,AINSWORTH,511,France,Male,33,7 units,0.0,2,0,1,158313.87,0
15601977,Burgoyne,497,SPAIN,,44,2,121250.04,1,0,1 units,79691.4,0
15753332,Loftus,401,Germany,Male,48 units,8,128140.17,₹1,1,0,175753.55,1 units
15721383,Harvey,627,Spain,Male,40,10,,2,1 units,1,194792.42,0
₹15744717,Duffy,726,France,Female,44,2,0.0 units,2,1 units,1,26733.86 units,0
15640866,Peng,718,France,Female,29,3,0.0,1,0,1,134462.29,0
15768293,Sun,614 units,France,Male,51,3,0.0,2 units,1 units,1,5552.37,0
15778884,Jamieson,809,France,FEMALE,38,2,154763.21,2,1,1,174800.31,0
15693543,McDonald,708,,Female,33,8,0.0,2,0,1,15246.83,0
15595609,Sykes,679,Germany,Male,52,9 units,135870.01,2,0,0,54038.62,0
₹15725166,Newton,707,France  ,Male,30,8,0.0,2,1,0,33159.37,0
15673539,Napolitani,690,,Female,,3,₹118097.87,1,1,0,61257.83,0
15632345,Tuan,754,France,Female,35,4,0.0,2,,0,44830.71,0
15595303,Johnston,,Germany,NULL,46,5,130812.91,,,1,77981.54,1
₹15698528,NAPOLITANI,599,Spain,Female,31,3,0.0,1,,1,130086.47 units,1
15571958,McIntosh,489,Spain,Male,₹40 units,3,221532.8,1,1,0,171867.08,0
15646190,Saunders,677,France,Female,56,0,119963.45,1,0,0 units,158325.87,1
15677785,Stevenson,656,,Male,32,5,136963.12,1,1 units,0,133814.28,0
15661349,Perkins,633,France,Male,35 units,10,0.0,2,1,0,65675.47,0
15733904,McDonald,529,France,Male,32,9,147493.89,1,1,0,33656.35,0
15665634,Campbell,645,France,Female,38,7,59568.57,1,₹1,1,167723.25,0
15673820,Woodward,568,France,Male,33,7,0.0,2,1,0,143450.61 units,0
15585067 units,Wilson,634,SPAIN,Male,31,9,108632.48,1,₹1,1,179485.96,1
15682435 units,,600,France,Male,35,4,₹143744.77,2,1,0,104076.51,0
15573851,Macrossan,735,France,Female,38 units,₹1,0.0,3,0,0,92220.12,1
15633840,Henderson  ,,France,Male,20,0,125023.1,2,1,1,108301.45,0
15789611,Lin,568,Germany,Male,46,8,150836.92,1,0,0,64516.8,1
15619653,Hannaford,666,FRANCE,Male,47,2,0.0,1,1,0,35046.97,1
15670889,Nwachukwu,528,France,Male,34,1,125566.9,1,₹1,1,176763.27,0
15713983,Mao,780,Germany,MALE,34,5,94108.54,2,1,0,177235.21,0
15749851,Brookes,702,NULL,Female,26,4,135219.57,1,0,1,59747.63,0 units
15725355,Morey,439,France,Female,43,,0.0,1,0,1,104889.3,0 units
15658890,Belonwu,603,Germany,Male,,4,98899.76,2,1,1,86190.34,
15575243,Gorbunova,764,FRANCE,Female,39,₹1,129068.54,2,1,1,187905.12,0
,Hsu,616 units,Germany,Female,41,1,103560.57,1,1 units,0,236.45,1 units
15781409,Lazarev,834,FRANCE,Female,28,6,0.0,1,1,0,74287.53,0
₹15629511,Lavrentiev,738,FRANCE,Male,49,6 units,₹106770.82,1 units,1,0,123499.27,₹0
15783029,Monaldo,671,France,Male,34,7,106603.74,2,1,1,26387.71,0
₹15662854,Manna  ,681,Germany  ,MALE,48,5,139714.4,2,0,0,73066.72,0
15580629 units,Blackwood,₹604,France,Male,31,6,134837.58,,1,0,192029.19 units,0
15647292,Peng,697,France,Male,63,7,,1,0,₹0,118862.08,1 units
15628963,Frolova,601,GERMANY,Male,43,3,141859.12,2,1,1,111249.62,0
15693131,Watts,581,France,,24,3,95508.2,1,1,1,45755.0,₹0
15655658,Bulgakov,678,France,Female,48,2,0.0,2,1,1,32301.88,0
15594404,Bevan,834,France,Female,49,8,160602.25 units,2,1,0,129273.94,0
15723339,Chin,554,France,FEMALE,38,4,137654.05,2,1,1,172629.67,0
15574071,Muravyova,706,Germany,MALE,23,2,93301.97,2,0,1,127187.04,0
15806081,Fleming,608,Germany,FEMALE,48,,127924.25,2,1,0,32202.61,0
15607993,Milne,625,France,Female,52,2,79468.96,1,1,1,84606.03,0
₹15743245,Agafonova,624,France,Male,42,3,145155.37,1,1,0,72169.95,1
15757140,Genovese  ,787 units,France,Male,51,0,58137.08,1,0 units,1,142538.31,0
15685476,Tseng,658,France  ,MALE  ,31,5,₹100082.14,1,0,1,49809.88,0
15642291,Fontaine,685,France,Male,23,8 units,0.0,2,1,1,112239.03,0
15769005,Hayward,709,France,Male,49,4,154344.49,2,1,1,38794.57,0
₹15601030,Patel,777,Germany,Female,34,5,96693.66 units,,1 units,1,172618.52,0
15745533,Sargent,799,France,Female,63,1 units,110314.21,2,1,0,37464.0,1
15720929,Kazantseva,604,France,FEMALE,47,8,62094.71,3,0,0,9308.1,1
15779738,Buccho,534 units,NULL,Male,24,1,0.0 units,1,1,1,169653.32,₹0
15752984 units,Chifley,737,France,Female,70,9,87542.89,2,1,1,42576.86,0
15622443,Marshall,549,France,Male,31,4,0.0,2,0,1,25684.85,0
15597109,Vanzetti,627,NULL,Male,70,1 units,₹94416.78,1,0,₹1,145299.5,0
15800856,Ewen,643,Spain,MALE,34,3,83132.09,₹1,1,1,21360.88,0
₹15810834,Gordon,525,Spain,Female,57,2,145965.33,1,1,1 units,64448.36,0
15572265,WU,646,Germany,Male,46,1,170826.55,2,1,0,45041.32 units,0
15570299,MARTIN,584,Germany,Female,31,6,152622.34,₹1,₹1,0,99298.8,0
15664772,Greece,489,Germany,Male,28,1 units,79460.98,2,1,1,167973.63,0 units
15700946,Kolesnikova,574,France,Female,34,7,152992.91,1,1,1,134691.2 units,0
15574692,Pinto,667,Spain,Female,39,2,0.0,2,1,0,,1
15649121,Pinto,665,France,Male,52,,0.0,1,1,0,116137.01,1
15609669,Chuang,542,France,Female,39,,109949.39,2,1,1,41268.65,0
15775067,Fang,606,France  ,Male,,3,93578.68,2,0,1,137720.56,1
₹15623744 units,McLean,634,France,,34,₹8,105302.66,1,1,1,123164.97,0
15730705,Chidubem,715,France,Male,37,9 units,165252.52,₹1,1 units,0,85286.3 units,0
15626141,FEDOROV,750,France,Female,26,1,151510.17,2,1,1,19921.72,₹0
₹15721582,Hale,644,Germany,Female,40,4,77270.08,2,1,1,115800.1,1
15605215,Stevenson,767,France,Male,48,9,0.0,2 units,0,1,₹175458.21,0
15565779,KENT,627,Germany,Female,30,6,₹57809.32,1,1,0,188258.49 units,0
15794560,Maclean,550,France,,57,5,0.0,1,1,1,133501.94,0 units
₹15603481,Robinson,689,,Female,55 units,4,0.0,2,1 units,1,58442.25,0
15742404,McGregor,718,France,Male,38,7,0.0,2,1,0 units,38308.34,0 units
,Somayina  ,587,France,Male,₹36,1,0.0,2,,1,17135.6,
15775430,Tsou,651,Germany,Male,31,7,138008.06,2,1,0 units,129912.74,0
15759290,Coleman,620,Spain,Male,29,9,0.0,2,1,0,13133.88,0
15665222,Lettiere,625,Spain,Male,52,8,121161.57,1,1,0,48988.28,0
₹15615797,Hyde,743 units,Germany,Male,59,5,108585.35,1,1 units,1,192127.22,1
15784958,Allan,797,France  ,Female,55,10,0.0,4,1 units,₹1,49418.87,₹1
15814040,Munroe,610,France,Female,45,₹1,0.0,2,1,1,199657.46,0
15763922,Alexandrov,608,France,Male,31 units,7,79962.92,2,1,0,60901.72,0
15701392 units,Lucciano,815,Spain,Male,28,6,0.0,2,0,1,185547.71,0
15669411,Muse,750,Germany,Female,52,6,107467.56,1,1,0,126233.18,1
15782360,Rogers,743,Germany,Male,65,2,131935.51,₹1,1,1,96399.67,1
15746695,Wunder,429,NULL,Female  ,39,6,48023.83,1,1,,74870.99,0
15741633,FULLER,566,Spain,Male,₹32 units,10,147511.26,,1,1,159891.03,0
15736769,Lucchesi,663,France,Female,27,9,0.0,2,1 units,0,150850.29,0
15739850,Trentino,645,France,Male,45,6,155417.61 units,1,0,1,3449.22,0
15721189,Kung,666,France,,66,7,0.0,2,1,1,99792.82,0
15576085,Stone,739,France,Male,41,5,0.0,2,,0,143882.25 units,0
15736254,Ch'ang,654,France,Male,29,2,91955.61 units,1,1,0,37065.66,0
15606397,CAMERON,577,Germany,Female,,1,152086.15,1,0,1,44719.5,1
15659105,Borchgrevink,,France,NULL,47,9,₹61196.54,1,1,0,58170.24,0
15625021,Hung,585,France,NULL,42,2,,2 units,1,₹1,18657.77,0
15628272,Singh,,France,Female,36,9,114997.42,1,1,0,75304.09,0
15667190,Yuan,630,Spain,Female,21,1 units,85818.18,1,1,1,133102.3,0
15618446,Nnonso,576,NULL,Female,50,₹8 units,0.0,2,₹1,1,57802.62,0 units
15712938,Genovese,531,France,Male,44 units,3,0.0,,1,1,34416.79,0
15684147,Palerma,678,France,MALE,43,5,102338.19,1,1,1,79649.62,0
15614054,Pankhurst,665,France,MALE,36,1,₹0.0,₹2,0,1,121505.61,0
15748595,Stanton,689,France,Female,29,1,77556.79,2,1,1,,0
₹15757541,Rickard,778,,Female,33,9,151772.63,2,0,₹0,180249.94,1
15780925,Tretyakova,625,France,Male,37,1,177069.24,2,1,1,96088.54,0
15777616,PISANI,605,Germany,Male,28,10,113690.83,1,1,0,33114.24,0
15778135,T'ao,575,SPAIN,Male,43,3,0.0,₹1,1 units,0,83594.51,0
15661936,Chikelu,513,France,Male,40,3,141004.46,1,1,0,105028.46,0
15700696,Kang,738,Spain,NULL,31,9,79019.8,1,1,1,18606.23,0
15621116,NULL,648,Germany,Male,33,5,138664.24,1,1,0,29076.27,0
15632125,Blake,606,Germany,Male,45,5,63832.43,1,1,1,93707.8,0
15794048,Wan,667,Germany,Female,48,1,97133.92,2,0,0,113316.77,1
₹15711181,Clapp,589,France  ,Female,50,4,0.0,2,0,1,182076.97,0
,Hs?,₹611,France,Male,35,10 units,0.0,1,1,1,23598.23,1
15621818,Anayolisa,747,Germany,Male,29,7,117726.33,1,1,1,175398.34,0
₹15771154,North,683,France,,₹73 units,8,137732.23,2,1,1,,0
15719809,Endrizzi,516,NULL,NULL,32,3,145166.09 units,2,0 units,0,111421.45,₹0
15665579,Cartwright,,France,Female,28,0,142705.95,1,1,0,127233.39,0
15709459,Oluchi,698,Spain,Female,63,5,0.0,1,₹1,,173576.71,0
15715877,Lo,821,France,NULL,28,2,0.0,2,1,0 units,46072.52,0
₹15678317,Manfrin,₹603,France,Male,46,2,0.0,2,1,1,59563.49,0
15653315,Kang,555,Spain,FEMALE,35,1,0.0,2,1,0,101667.0,0
15570932,Pirozzi,666,France,Male,43,7 units,137780.74,2,1,,119100.05,1
15594576,Zhdanov,524,France,Male,32,1,144875.71 units,1,0,0,187740.04,0 units
15780220 units,Pauley,,France,Male,38,10,0.0,,1,1,136521.82 units,0
15638882,Cardell,710,Germany,Female,62,9,148214.36,1,1,0,48571.14,₹1 units
15808326,Maslov,592,France,Female,34,9,0.0,2,1,1,₹20460.2,
15806880,Boyle,627,NULL,NULL,30,6,0.0,1,1,1,113408.47,0
₹15751912,LILLY  ,₹567,France,MALE,36,7,0.0,2,0,1,3896.08,0
15762218,Mills,701,France,Female,39,9,0.0,2,0,1,₹145894.9,0
15658589,Brady,850,Spain,Male,38,2,94652.04,1,1,1,171960.76,0
15785342,Shipp,705,France,Male,25,9,0.0,2,0,1,112331.19,0
15626457,Zetticci,671 units,France,Male,31,0 units,116234.61,1,1,0,172096.08,0
15739042,Bogolyubov,767,France,Female,35,9,0.0,2 units,1,0,39511.61,0
15668385,Dellucci,642,France,Male,40,1 units,154863.15 units,1,1,1,138052.51,0
15753550,Levien,684,France,Female,43,7,0.0,2,1,0,₹131093.99,0
15568328,Black,488,France  ,Female,22,6,0.0,₹2 units,1,1 units,66393.89,0
15737542,Davey,611,Germany,Female,36 units,10 units,₹103294.56,1,1,0,160548.12,0
15587735 units,CHUKWUEBUKA,850,France,Male,39,6,96863.13,1,₹1,1 units,121681.19,0
15660535,,,France,Female,47,5,0.0 units,2,1,1,₹179843.33,0
15616270,Chao,₹620,SPAIN,MALE,42,4,106920.91,1,0,1,119747.08,0
15763460,Yao,680,France,Male,,10,183768.47,1,1 units,0,164119.35,0
15787756,Nkemdirim,467,Germany,Male,51,10,114514.71,2,1 units,0,177784.68,1
15700826,Ko,678,Germany,Female  ,54,1 units,123699.28,2,0,₹1,105221.76,
15809248,COLE,524,France,FEMALE,36,10,0.0,2,1,0,,0
₹15733661,Illingworth,₹639,,Female,27,8,133806.54,2,1,0,6251.3,0
15771702,Roberts,567,FRANCE,Female,35,5 units,166118.45,2,1,0,127827.18,
₹15674328,Moreno,670,France,Female  ,40,3,47364.45,1,1,1 units,148579.43,1
15748608,Trentini,612,Germany,MALE,42,5,141927.1,1 units,1,1,43018.98,0
15721730,AMECHI,601 units,Spain,Female,44,4,0.0,2,1,0,58561.31,0
15645766,Kosisochukwu,634,Spain,Male,25,9,0.0,2,1,₹1,8227.91,0
15787550,Chao,719,France,MALE,69,3,0.0,2,1,,58320.06,0
15712303,VALENTIN,692,NULL,Male,66,4,159732.02,1,1,1,118188.15,0 units
15778694,SIEVIER,638,Germany,Female,26,1,105249.76,2,1,1,23491.09,0
15716134,Russo,617,France,Male,₹40,5,190008.32,2,1,1 units,107047.92,0
15788535,Tan,593,Spain,Male,44,5,0.0,1,1,0,128046.98,0
15690440 units,Stiles,656,Spain,Male,47,1,0.0,2,1,,197961.93,0
15778481,Chigbogu,817,France,Male,59,1,118962.58 units,1,1,1 units,120819.58,0
15806808,Hope,834,Germany,Female,57,8,112281.6,3,1,0,140225.14,1
15609254 units,Fernandez,513,SPAIN,Female,41 units,₹9,107135.04,2,1,1,160546.58,₹0
15760774,Hargraves,519,France,Female,21,1,146329.57,2,1,1,194867.27,0
15799631,Chase,₹585,Spain,MALE,36,10,0.0,2 units,1,1 units,180318.6,0
15663194,Voronova,582,Germany,Female,,3,110150.43,1,1,1,191757.65,1
15707634,Anenechukwu,775,France,Female,32,2,108698.96,2,1,1,₹161069.73,0
15655339,Spencer,566,France,Male,36,1,142120.91,1,1,0,79616.37,0
15766609,Jowers  ,655 units,France,Female,47,10,0.0 units,2,1,0,167778.62,0
15570681,Chiang,560,France,Male,24,1 units,116084.32,1,₹1 units,0,89734.7,0
15611157,NULL,709 units,France,FEMALE,₹32,2,87814.89,1,,0,138578.37,0 units
15685314,Noble  ,850,France,Female,28 units,2,0.0,2,₹1 units,₹1,38773.74,0
15648933,Reilly,831,Germany,Male,44,3,111100.98,1,1,1,28144.07,1
15615444,Y?an,663,,Male,28,8,123674.28,2 units,1 units,1,87985.2,0
15691785,Findlay,850,France,Male,61,1,0.0,1,1,0,53067.83,1
15635285,Taylor,647,France,Male,28,8,0.0,2,1,1,91055.27,0
15622494,Mazzanti,718,France,Male,27,₹2 units,0.0,2,0,0 units,26229.24,0
15616168,Ojiofor,610,France,Female,35,7,81905.95,1,1,1,61623.19 units,0
15586557,Milani,661 units,France,Male,41,5,0.0,1,0,1,,0
15589329,Pirozzi,775,France,Male,30,4,0.0,2,1,0 units,49337.84 units,
15710527,Matthews,782,France,Female,,4,0.0,1,1,1,119565.34,0
15777743,Cattaneo,705 units,France,Female,39,3,92224.56,1,1,1,54517.25,0
15715622,To Rot,583,NULL,Female,57,₹3,238387.56,₹1,0,1 units,147964.99,1
15575676,Chung,638 units,,MALE,24,1,0.0,2,0,1,162597.15,0
15614827 units,Sun,503,France,,42,8,104430.08,1,1,1,147557.71,0
15644962,NULL,745,France,Male,21,4,137910.45,1,1,1,177235.23,0
15669011,NULL,659,France,Female,44,9,23503.31,1,0,1,169862.01,1
15797389,Hsia,604,Spain,Male,23,₹9,124577.33,1,1,1,7267.25,₹0
15778304,Fan,646 units,Germany,Male,24 units,0,92398.08,1,1,1,18897.29,0
15781914,Simmons,718,Germany,Male,32,9,169947.41,2 units,1,1,27979.16 units,0 units
15802478 units,Spring,767,Spain,Male,31,6,0.0,2,1,1,195668.0,0
15649618 units,Tomlinson,799,NULL,Female,39,7,167395.6,2,0,1,139537.43,0
15651450,Panicucci,666,Germany,Male,31,3,123212.08,2,1,1 units,112157.31,0
15758836,Godfrey,675,Spain,Male,36,3,54098.18,2,0,1,54478.52,0 units
15608653 units,Davison,521,SPAIN,Female,34,7,70731.07,₹1,1,1,₹20243.97,1
15783883,Onwuka,753,,Female,38,1,117314.92,1,1,0,122021.33,1
15768295,Warner,778,France,Female,,7,109564.1,1,0,1,113046.81,0
15607786,Mao,709,France,Male,26 units,6,156551.63,1,0 units,1,4410.77,0
15742172,Williamson,598,Germany,Male,32,9,,2,1,0,198894.42,0
15714610,NULL,575,Spain,Male,30,2,0.0,2,1,1,82222.86,0
15783958,Bates,539,Spain,Female,37,1,130922.81,2,0,0,2186.83 units,₹0
15572050,Yefimov,,Germany,Male,48 units,3,,1,,1,24533.89,
15773338,,739,France,Male,₹58,₹2,₹101579.28,1,1,1,72168.53,0
15631460,Swift,671,SPAIN,Female,42,3,0.0,2,1,1,128449.33,₹0
15775153,Buchi,630,Spain,MALE,32,4,82034.0,1,0,,146326.45,₹0
15645772,Onwumelu,,France,Male,33,,0.0,2,1,1,84174.81 units,0
₹15717164,Genovese,485,Spain,Male,32,₹6 units,102238.01,2,1,1,194010.12,
15598162,Saunders,754,Germany,Female,39,3,160761.41,1,1,1,24156.03,0
15611171,NULL,740,France,Male,33,1,129574.98,1,₹1,1,123300.38,₹0
15773776,Ho,655,France,,38,6,0.0,₹1,1,1,188639.28,0 units
15740878,Yao,655,Spain,Female,,9,0.0,2,0,1,85736.26,0
15738063,Shen,631,France,MALE,29,2,0.0,2,,1,18581.84,0
15566156,Franklin,749,Germany,Female,44,0,71497.79,2,0,0,151083.8,0
15678882,Hay,540,Germany,Male,37,3,129965.18 units,1,0,0,19374.08,0
15771509,Hirst,538,GERMANY,Female,42,1,98548.62,2,0,1,,0
15717398,Fielding,549,SPAIN,Female,₹39,7,0.0,1,0,0,81259.25,1
15809087,Landry  ,598,France,Male,64,1 units,0.0,2,1,0,195635.3,1
15671514,Sinclair,669,Spain,Female,33,8,0.0,,0,1 units,128538.05,0
₹15810786,O'Toole,620,NULL,NULL,67,3,,2,1,1,43486.73,0
15635972 units,Lloyd,484,Spain  ,Male,36,8,0.0,2,1,0,186136.48 units,0
15746199,Eluemuno,558,France,Female,41,6,0.0,1,1,1,143585.29,1
15764431,Chinwenma,671,Spain,Female,34,5,130929.02 units,4,1,1,,1
15619953,Efremov,662,Spain,Female,42,6,105021.28,1,1,0,48242.38,
₹15715510,Eluemuno,768 units,France,Male,29,2,95984.69,2,1,1,73686.75,0
15621550,Hung,535,Spain,Female,50,1,140292.58,3,0,0,,1
15711540,Pacheco,712,France,Female,29,2,0.0,,1,1,144375.0,0
15692416 units,,₹358,Spain,Female,52,8,143542.36,3,1,0,141959.11,1
15769504,Munro,743,Germany  ,Female,34,1,131736.88,1,1,1,108543.21,0
15657317,Allan,789,FRANCE  ,Female,32,7,69423.52,1 units,1,0,107499.39,0
15713517,OTITODILINNA,529,France,Male,39,6,102025.08,2,1,0,12351.01,₹0
15794870,SAL,744,Germany,Male,38,6,73023.17,2,1,0,78770.86,0
₹15581115,Middleton,603,France,Female,39,9,,1,0,0,48224.72,₹0
15798200,Manna,707,France,MALE,35,2,0.0,3,1,,94148.3,0
15794841,Kung,739,Spain,Male,19,5,89750.21,1,1 units,0,₹193008.52,0
15806822,MYERS,739,France,Female,36,0,0.0 units,2,0,0,133465.57,0
15654292,Vessels,565,GERMANY,Male,33 units,8,130368.31,2,1,0,105642.43,0
15569503,Yeh,765,France,Male,44,6,0.0,2,1,1,159899.97,0
15708162,Thomson,565,GERMANY,Female,40,1,89994.71,2,0,1,121084.27,0
15682467,Chimezie,725,France,FEMALE,36,1,118851.05,1,1,1 units,102747.02,0
15584288,HUNG,629,France,Female,33,6,0.0,2,1,1,59129.72,0 units
15690796,Chambers,,France,Male,37,8,,1,1,0,101834.58,0
15705281,Burt,800,Spain,Male,38,9,0.0 units,1,1,,₹78744.39,0
15767681,Smalley,₹470,Spain,Male,34,9,,2,0,1 units,89013.67,0
15595067,Zhirov,637,Spain,Female,40,6,0.0,2,1,1,181610.6,0
15747980 units,Cattaneo,737,Spain,Male,38,6 units,146282.79,2,1,0,198516.2 units,0
15612524,Hunt,643,Germany,Male,41,2,127841.52 units,1,1,0,172363.41,0
15570194 units,Ikemefuna,412,France,Male,29,5,0.0,2,0,,12510.53,0
15592765,Marks,637,France,Male,40,8,125470.81,1,1,₹1,174536.17,0
15623107,Chukwumaobim,686,Spain,Male,45,3,74274.87,3,1,0,64907.48,1
15600086,COMBS,717,France,Male,48,7,123764.95,1,1,1,,0
15591740,FLETCHER,590,France,Female,54 units,4,0.0 units,2,1,1,93820.49,1
15733974,Mao,500,Spain,Male,37,9,125822.21,1 units,1,0,₹111698.0,0
15656597,Wang,432,Germany,Male,38,2,135559.8,2 units,1,1,71856.3,0
15610433,KWEMTO,573,France,Male,35,9,0.0,2,1,0,11743.89,0 units
15772479,Napolitano,673,,MALE,37,4,0.0,2,0,0,163563.07,₹0
15609083,Tretiakova,544,France,Female,26,6,0.0,1 units,1,0,100200.4,1
15670496,Schwartz,655,,Female,27,9,0.0 units,2,0,0,108008.05,0
15725039,McIntyre,₹702,Spain,Male,32,8,71667.74,1 units,1,1,126082.18,0
15671590,H?,741,Spain,Male,25,4,0.0,2,1,1,73873.65,₹0
15788151,Moore,650,Spain,Male,32,1,132187.73 units,₹2,1,1,178331.36,0
15674678,Bradley  ,731,Germany,NULL,43,9,79120.27,1,0,0,548.52,1
15636105,Chung,758,Spain,Male,61,2,0.0,2,1,1 units,43982.41,0
15801821,Cookson,691,France,Male,38,1,0.0,2,0,0,44653.5,0
15675963,Padovano,627,NULL,Female,57,9,0.0,2 units,1,1,107712.42,0
15648794,GIORDANO,836,Spain,Male,,4,101247.06,1,1,0 units,37141.62,₹1
15656005,Millar,592,Germany,Male,31,7,,₹1,1,0,,0
15585133,Wei,657,,FEMALE,27,8,0.0 units,2,0,0,6468.24,0
15689268,Fitzpatrick,584,FRANCE,MALE,36,9 units,0.0,1,1,1,105818.51,0
15746594,Wu,732,SPAIN,Male,33,8,₹0.0,1,1,0,119882.7,0
15812534,Chiemenam,455,France,Male,40,1,0.0,3,0,₹1,,0
15589204,Farrar,591,France,Male,33,9,131765.72,1,₹1,0,118782.06,0
15771674,MA,603,Spain,Female,39,5,162390.52,₹2,1,0,54702.66,0
15788442,Chukwukadibia,681,Spain,Female,57,₹2,₹173306.13,1,0,1,131964.66,0
15810457,Miller  ,728,GERMANY,FEMALE,33,9,150412.14,2,1,0,170764.08,0
15573854,Chukwujekwu,727,France,MALE,62,5,0.0,2,0,1,38652.96,0
15622478,Greaves,698,,Female,40 units,7,105061.74,3,1,0 units,107815.31,1
15572022 units,Han,605 units,France,NULL,36,6,0.0,1,0,1,690.84,0
15754526,Walker,699,Germany,NULL,36,6,147137.74,1,1,1,₹33687.9,0
15691703 units,Shih,545,France,Male,47,₹8,105792.49,1,0,1,67830.2,1
15737792,Abbie,818,France,Female,31,1,186796.37,1,0,0,,0
15771054,Barnes,469,NULL,Male,35,5,0.0 units,2,1,,,0
15773605,Iadanza,,Spain,Female,32,3,0.0,2,1,0,46175.7,0
15660263,Olisaemeka,622 units,France,Male,40,4,,2,1,0,197372.13,0
15749669,,542,France,Female,31,3,0.0,2,1,1,115217.59,0
15639530,Buda,679,Spain,Male,42,2,0.0,1 units,1 units,1,168294.27,0
15749638,Kaodilinakachukwu,605,France,Female,51,9,104760.82,1,1 units,1,₹165574.54,1
15757015,Davies,783,Germany,Female,41,5,106640.5,1 units,1 units,0,176945.96,0
15592999,REID,691,France  ,Female,40,0,115465.98,1,1,1,60622.61,0
15783589,Toscano,616,France,NULL,40,9,0.0,2,0,0,93717.55,0
15768137,Bray,667,Spain,NULL,,6,₹136100.69,2,0,0,169669.33,1
15654760,SU,811,France,Male,40,1,101514.89,1,1,1,121765.0,0
15763148,Stanley,576,France,Male,39,9,84719.98,₹1,0,0,191063.36,0
15618774,WHITE,474,France,Male,54,3,0.0,1,,0,108409.17,1
₹15598088,Ni,,Spain,Male,25,₹5 units,,2,1,1,163221.22,0
15766047,Sukhorukova,748,FRANCE,FEMALE,41,2,91621.69,1,₹1,1,71139.31,0
15596088,Fanucci,705,France,Female,50,,77065.9 units,2,0,₹1,145159.26,0
15747757,Trevascus,600,Germany,Female,58,8,118723.11,1,0,0,,1
15717328 units,Hsueh,842,FRANCE,Female,37,₹4,132446.08,2,1,0,87071.18,1
15686461,Sarratt,558,France,Female,56,7,121235.05,2,1,1,116253.1,₹0 units
15785490,Okeke,771,France,Male  ,50,3,105229.72 units,₹1,1,1,16281.68,1
15754537,Ko,748,NULL,Male,40,0,₹0.0,1,0,0,60416.76,0 units
,Longo,711,Germany,Male,43,2,39043.29,2,1,1,175423.69,0
15766374,Leak,632,GERMANY,Male,42,4,119624.6,2,1,1,195978.86,0
15790282,Trentino,817,Germany,Male,58,3,114327.59,2,1,1,42831.11,0
15671973,Chukwuemeka,467 units,Spain,Male,39,5 units,0.0,2,1,1,7415.96,0
15779904,Yobanna,597,France,Female,29,5,0.0,2,1,1,174825.57,0
15673020,SMITH,678,France,Female,49 units,3,204510.94 units,1,0,1 units,738.88,1 units
15744423,COCCI,561,France,Male,32,5,0.0,2 units,1,0,84871.99,0
15748854,Sung,723,GERMANY,Female,,5,91938.31,1,1,0,143481.85,0
15723217,,616,France,Male,37,9,0.0,1,1,0,₹111312.96,0
15658504,CHIAWUOTU,584,Germany,Female,62,9 units,137727.34 units,2,0,1,121102.9,0
15811415,Jenks,691,FRANCE,Female,44,6,134066.1,2,1,1,197572.41,0
15614962,Pavlova,623,Spain,Female,50,2,87116.71,₹1,1,1,104382.11,₹0
15645463,Udinese,843,France,FEMALE,27,5 units,₹0.0,2,1,1,67494.23,0
15703763 units,Sanderson,554,FRANCE,Male,44,7,85304.27,1,1,1,₹58076.52,₹0
₹15686917,Tu,789,Spain,Female,40,4,0.0,2,1,0,137402.27,0
15633877,Morrison,706 units,Spain,FEMALE,42,8,95386.82,1,1,1,75732.25,0
15622305,MARTIN,746,Germany,Female,33,2,₹107868.14,2,1 units,₹1,146192.4,₹0
15769402,Carpenter,667,France,Male,27,7,156811.74,1,1,1,149402.59,0
15624775,Onyeoruru,729,France,Male,67 units,2,94203.8,1,0,1,102391.06,₹0
15671915,Bowen,649,NULL,Male,46,5,0.0,2,1,1,76946.6,0
15623210,Smith,484,Germany,Female,55,8,149349.58,3,0,0,137519.92,1
15808846,Horton,672,Germany,Female,21,3 units,165878.76,2,1,1,164537.17,0
15765415,King,609,Spain  ,Female,45,4,89122.3,1,1,1,199256.98,0
15706552,ODINAKACHUKWU,533,France,Male,36,7,85311.7,1,0,1,156731.91,
15791279,Murray,701,France,Male,40,5,169742.64,1,1,1,153537.55,1
15787619,NULL,₹844,France  ,Male,18,2,160980.03,,0,0 units,145936.28,0
15760880,Edman,513,France,Male,29,10,0.0,2,0,1,25514.77,0 units
15664035,Parsons,590,Spain  ,FEMALE,38,9,0.0,2,,1,148750.16,0
15747649 units,Summerville,558,Germany  ,Female,36,0,126606.63,2,1,1,,0
15694859,McLean,751,Germany,Female,28,10,132932.14,,1,1,46630.47,0
15614168,NULL,792 units,Germany,FEMALE,50 units,4,146710.76,1,1,0,16528.4,1
15765806,Wu,492,France,Male,29 units,1,144591.96,1,1,1,196293.76,0
15619801,Batty,548 units,France,Female,33,1,80107.83,2,0,,82245.67,0
15670354,JEN,753 units,France,Female,62,6,0.0,2,1,1,136398.9,0
15634815,Hunt,701,,Female,37,3,0.0,2,1,1,164268.28,0
15606115,P'eng,510,France,Female,52,6 units,191665.21,1,1,1,131312.56,1 units
15665879,Gordon,768 units,NULL,Female,40,8,0.0,2,₹0,1,69080.46,0
15634974,Seppelt,614,France,,37,8,75150.34 units,4,0,1,131766.67,1
15595153,Tucker,644,Germany,Female,44,8,106022.73,2,0,0,148727.42 units,0 units
15598948,DeRose,523,,Female,,5,172231.93,1,0,1,₹155144.12,0
15731330,Tsui,652,Spain,Female,40,7,100471.34,₹1,1,1,124550.88,0
15748327,Anderson,724,Germany,Male,34 units,6,118235.7 units,2,0,0,157137.23,0
₹15697270,Gannon,608,Spain,Male,27,4,153325.1,1,1,1,199953.33,0
15794142,Ferreira,564,Germany,Female,₹62,5 units,114931.35,3,0,1,18260.98,1
₹15719858,Chao,659,Spain  ,Female  ,38,9,0.0,2,1,1,₹35701.06,0
15748936,WHITEHEAD,709,Spain,FEMALE,45,2,0.0,2,0,1,162922.65,0
15815259,Fang,835,France,FEMALE,56,2,0.0,2,1,1,39820.13,0
15570326 units,Wilkins,621,France,Male,34,6,0.0,2,1,1,99128.13,0
15625494 units,Li Fonti,573,France,Female,32,9,125321.84,,1 units,1,130234.63,0
15811589,Metcalfe,716,Spain,Male,42,8,,2,1,0,180800.42,₹0
15732903 units,Fontenot,673,France,Male,39,,₹82255.51,2,1,0 units,109545.56,0
15735263,Hsueh,736,France,,27,5,₹51522.75,1,0,1,192131.77,0
,Yang,514,Spain,Male,,7,0.0 units,1,0,1,125010.24,0
15660528,Niu,₹659,Spain,Male,27,4,0.0,2,1,0,99341.87,0
₹15654975,Wu,₹641,FRANCE,Female,53,0,₹123835.52,2,0,1,160110.65,0
15659031,Mordvinova,630,France,Female  ,36,8,126598.99,2,1,1,134407.93,0
15610105,Shen,₹666 units,Germany,Female,21,1,121827.43,2,₹1,1,99818.31,0
15771417,Thomas  ,640,FRANCE,MALE,43 units,7,132412.38,1,0,0,69584.3,1
15622470,Yeh,772,Spain,Male,41,10,96032.22,1,1,1,75825.57,0
15605424,Oluchukwu,624,Spain,Male,38,₹7,123906.55,1 units,1,0,135096.78,0
15632472,Scott,472,Spain,Female,32,1,159397.75,1,0,,57323.18,0
15695499,CHINWEMMA  ,510,France,Female,45,10,103821.47,2,0,1,77878.62 units,0
15572728,Ross,704,Spain  ,Male,36,8,127397.34,1,1,0,151335.24,0
15572390,Huang,850 units,Spain,Female,39,6,0.0,2,1,0,103921.43,0
15608588,Mackinlay,563,Germany,Male,41,2,₹100520.92,₹1 units,1,1 units,19412.8,1
₹15640106,Mason,₹613,France,Male,40,7,124339.9,1,0,0,,0
15725509,Otutodilinna,662,Germany,Male,30,5,115286.68,2,1 units,1,149587.92,0
15677522,Rossi,593,France,Male,33,1,0.0,2,0,0,9984.4,0
,Yao,549 units,Germany,Male,₹45,6,124240.93,1,1,1,146372.51 units,0
15576644,Lin,687,Germany,Female,29 units,4,78939.15,1,1,0,122134.56,1
15710543,Okwuoma,629,France,Male,46,1,130666.2,1 units,1,1 units,161125.67,1
15595388,,594,France,Female,30,10,0.0,₹2,1,1,124071.71,0
15739189,Johnson,561,Spain,Female,33,6,0.0,2,1,0,45261.47,0 units
15585734,NULL,803,Germany,Male,41,,137742.9,2,1,1,166957.82,0
15679818,Yuan,636 units,Germany,MALE,67,7,136709.35,1,0,1,66753.1,1
₹15807563,Ch'iu,841,France,Female,,,0.0,1,0,0,183239.71,1
₹15570943,Artemyeva,711,Germany,Female,35,2,133607.75,1,1,1,120586.32,0
15734850,Milanesi,676,SPAIN  ,NULL,36,1,82729.49,1,1,0,113810.12,0
15705309,NULL,629,Spain,Male,39,5,0.0,2,0,0,116748.14,0
15691504,Yusupova,619,Germany,Female,52,8,₹124099.13,1,0,0,23904.52,0
15762091,Simpson,631,Germany,Female,22 units,6,139129.92,1,1,1,63747.51,0
15801924,Browne,754,Spain,Female,27,,0.0,2,0,0,121821.16,0
15779711,Gray,₹750 units,Spain,Female,38,7,97257.41,,0,1,,0
15679587 units,CHAN,666,France,Female,34,9,115897.12,,1,1 units,25095.03,0 units
15654372,Pearce,462,Germany,Male  ,34,1,94682.56,2,₹1,0,138478.2,0
15623314,Tucker,506,Germany,Female,59,3,190353.08,1,1,0,78365.75,0
15783025,Piazza,723,Germany,Male,37,3,94661.53,2,1,₹0,121239.65,0 units
15799494,FORSTER,850 units,Germany,MALE,44,3,140393.65,2,0,1,₹186285.52,0
15603035,Vincent,651,FRANCE,Male,34,3,0.0,2 units,₹1,1,105599.65,0
15587419,Shipton,611,France,MALE,58,8 units,0.0,2,0,1,107665.68,1
15765192,Jones  ,564,France  ,Male,26,₹7 units,84006.88,2,0,0,183490.99,0
15784286,Wood,641,Spain,Male  ,40,5,102145.13,1,1,1,100637.07,0
15668767,Kenenna,850,NULL,Male,36,3,0.0,2,1,0,195033.07,0 units
15764922,Tu,596,Spain,Male  ,20,3,187294.46,1,1,0,103456.47,0
15811389,Padovano,724,Germany,Female  ,35,0,171982.95,2,0,1,167313.07,0
15643826,McKay,503,France,Male,32,₹4,0.0,2,1,1,153036.97,0
15778959,Brookes,606,France,Female,36,10,0.0,2,0 units,1,155641.46,0
15648638,Chia,629,Spain,Male,34,6,0.0,2 units,₹1,0,190347.72,0
15579548,Nicholson,735,Spain,Male,36 units,5,0.0,2,1,0,105152.17,0
15649101,Reeves,601,France,,40,10,127847.86,1,0,0,173245.68,0
15691627,Tai,713,France,Female,37,₹8,0.0,1 units,1,1,16403.41,0
15744614,,541,France,Male,37 units,9 units,118636.92 units,1,1,1,73551.44,0
15654408,Kharitonova,₹562,Spain,Male,41,5,165445.04,2,1,0,85787.31,0
15727041,Fiorentini,624,France,Male,71 units,7 units,0.0,2,1,1,108841.83,0
15604818 units,Edmund la Touche,798 units,France,Male,34,9,154495.79 units,1,1,0,191395.88,0
15662063,McIver,746,France,Male,36,7,142400.77,1 units,₹1,1,₹193438.69,0
15569410,Tang,601,Germany,Female,33,7,114430.18,2,1,1,153012.13,0
,Plascencia,629,Spain,MALE,34,1,121151.05,1 units,0,0,119357.93,0
15805690,Chin  ,694,Spain,,35,7,0.0,1,1,0,133570.43,1
15749114,Bailey,634,Spain,Male,35,3,0.0,2,1,1,19515.48,0
15798709,Gill,588 units,Spain,Male,32,3,109109.33,1,0,1,4993.94,0
15589541,Sutherland,557,France,Female,27,₹2,0.0,2,0,1,4497.55,0
15732235,Kuykendall,662,France,Male,64,0,98848.19,1,0,1,,0
15719294,Wood  ,800,France,Female,29,2,0.0,2,0,0,167773.55,0
,,669,GERMANY,Female,35,4,108269.2,2,₹1,0,174969.92 units,0
15642885,Gray,792,FRANCE,Male  ,30,8,0.0,2,1 units,0,199644.2 units,0
15663438 units,Andrejew,₹688 units,Spain,NULL,36,0,89772.3,1,1,0,177383.68,1
15812945,Padovesi,582,France,Female,29,0,0.0,1,1,1,84012.81,0
15613630,Tang,,France  ,,52,8,109922.61,1,1,1,96823.32,1 units
15637427,LU,461,Spain,Female,25 units,6,0.0,2,1,1,15306.29,0 units
15606076,Golubev,718,Germany,Male,63,7,123204.88,1,1,1,100538.8,0
15715888,Allardyce,591,France,Female,38,2,142289.28,1,0,1,119638.85,0
15784323,Gallo,449,France,Female,21,₹7,0.0,2,0,0,175743.92,0
15778154,Kung,628,Germany,Male,50,4,122227.71 units,1,0 units,1,14217.77,1
15700083,Lai  ,609,Spain,Male,39,2,139443.75 units,2,1,0,9234.06,0
15711750,Watson,711,France,Female,34,6,0.0,2,1,1,175310.38,0
15707479,Fan,664,France,Male,40,7,125608.72,1,₹1,0,122073.48,0 units
15634501,Wei,441,France  ,,60,1,140614.15,1,0,1,174381.23,
15586504,Trevisani,₹694,France,Male,40,9,0.0,2,1,0,40463.03,0
15628303,NULL,738,Spain,Male,35,3,0.0,1,1,,15650.73,0
15677939,Ch'eng,584,France  ,Female,41,3,0.0,2,1,1,160095.48,0
,Artemova,632,Spain,Male,31,3,136556.44,1,1,0,82152.83,₹1
15777179,Ellis,687,France,Male,35,,0.0 units,2,0,1,73133.82,0
15673223,HOU,,France,Male,44,10,0.0,2,0,0,164287.86,0
15773869,NULL,₹797,Spain  ,Male,59,4,129321.44 units,1,1,1,93624.55,
15700325,Onyeoruru,644 units,France,Female,24,8,92760.55,1,1,0,35896.75,0
15721937 units,Romilly,686,France,Male,,0,138131.34,1,0,1,115927.85,0
15713853,Ifeajuna,732,Germany,Male,42,9,108748.08,2,1,1,65323.11,0
15756472,Odinakachukwu,804,France,Male,25,₹7,108396.67,1,1 units,0,128276.95,0
15800583,,621,Spain,Female,43,8,0.0,1,0,0,102806.6,0
,White,794 units,Spain,Female,22,4,114440.24,1,1,1,107753.07,0
15677796,Becher,766,Germany,MALE,47,9,129289.98,1,1,0 units,169935.46,1
15617982,Pirozzi,661 units,Spain,Female,42,3,0.0,₹2,1,0,35989.41,0
15588080,GILES,675,France,Male,54,6,,1,1,0,110273.84,1
15787255,Manfrin,650,Germany,Female,55,2,140891.46,3,1,₹1,179834.45,1
15630195,Johnstone,745,France,Female,40,6,₹131184.67,1,1,1,49815.62,0
15744105,Kodilinyechukwu,768,France,Female,28,3,109118.05,2,,1 units,50911.41,0
,Humphries,668,Germany,Male,39,4,79896.0 units,1,,0,38466.39,0 units
15610653,Belov,733,Spain,Female,38 units,₹5,0.0,,1,1,1271.51,0
15764226,Lu,,Germany,Female,28,8,106425.75,1,1,1,20344.84,0
15782659,Mamelu,527,France,Male,32,0,0.0,1,1,0 units,109523.88,0
15758901,Henderson,713 units,Spain,Female,47,1,0.0,1,1,0,107825.08,1
15747854,,749,France,Female,35,3,0.0,3,₹1,1,132649.85,0
15637690,Houghton,622,Germany,Female,34,7,98675.74,1,1,0,138906.85,1 units
15571689,Kelechi  ,740,France,Female,37,5,0.0,2,1,1,27528.4,0
15785167,Padovano,795,Spain,Male,29,4,0.0,2,0,₹0,155711.64,0
15703394,,633,Spain,Male,27,3,0.0,2,1,0,44008.91,0
15617134,Iqbal,716,France  ,Male,38,4,0.0,2,1,0,189678.7,0
15791836,Wildman,690,,Male,29,₹5 units,0.0,2,1,0,108577.97,0
15674932,Cameron,757,Spain,Female,44,9,₹0.0,2,1,0,177528.92,0 units
15661734,Taylor,608,Germany,Male,,8,131390.75,2,1,₹0 units,71178.09,0
15694677,Bennetts,733,France,Male,39,1,₹0.0,2,1,1,141841.31,0
15719606,Rivers,657 units,France,Male,50,9,0.0,2,0 units,0,37171.46,0
15707138,Nagy,679,Spain,Male,39,,0.0,2,,1,100060.54,0
15739931,Yuan,523,NULL,Male,34,2,161588.89,1,,1,51358.66,0
15631310,Hsieh,537,France,Female,53,3,0.0,1,1,1,91406.62,0
15588219,Ford,850,France,Female,38,1,106871.81,2,1 units,0,29333.01,0
,,695,France,Male,29,,0.0,2 units,1,1,₹6770.44,0
15571917 units,Eluemuno,771,Germany,Female,38,5 units,137657.71,2,1,₹0,72985.61,0
15650889,Golubev  ,710,Germany  ,Female,30,10,133537.1,2,₹1,0,155593.74,₹0
15662865,Storey,658,SPAIN,Male,36,1,0.0,2,0,1,84927.42,0
15616666,Artemova,646,NULL,Female,52,6,111739.4,2,0,1,68367.18,0
₹15731555,Ross-Watt,595,Germany,Female,₹45,9,106000.12,1,0,0,191448.96,1
15790596,Moran,850,Spain,Male,39,0,₹141829.67,1,1,1,92748.16,0
15632079,Hardy,720,Germany,Female,37,8,₹156282.79,1,1,0,45985.52,0
15773792,Evans,662,France,Female,32,4,133950.37,1,1,1,48725.68,1
15620344,McKee,813,France,Male,29,6,0.0,1,1,0,33953.87 units,0
15663826,Brim,532,Spain,Female,66,3 units,0.0,1,1,1,115227.02,0 units
15705515,Lazarev,587,Germany,Male,40,5,138241.9,2,1,0,159418.1,0
15591344 units,Donnelly,715,Spain,Male,42,6 units,0.0,2,1,1,128745.69,0
15677336,Aitken,557,Germany,Male,57,1,120043.13,1,1,0 units,132370.75,1
15674727,Lazarev,777,France,Female,42,5,147531.82,1,1 units,1,38819.45,0
15613656,Lombardi,842,France,Male,58,1,63492.94,1,1,1,83172.19,0
15596074,Keating,502,France,Male,37,10,0.0,1,1,1,76642.68 units,0
15701687,Campbell,664,Spain,Male,44,7,77526.66,3,0,0,57338.56,1
15683892,Fraser,₹677,Germany  ,Female,26,3,102395.79,1,1,0,119368.99,0
15673907,Alexander,659,France,Male,20,8,0.0,2,0,0,112572.02,0
15613337,Gallo,833,FRANCE,NULL,47,2 units,0.0,2,1,₹1,182247.77,0
15774258,Gorbunov,678,France,Male,40,1,0.0,2,1 units,1,187343.4,0
15589924,Rapuluolisa,577,Spain,Female,40,1,0.0,2,1,1,108787.0 units,0
,Liu,667,Germany,NULL,33,9,124573.33,2,0,0,683.37,0
15756539,Marshall,585,Germany,Female,39,7,165610.41,2,0,0,131852.01,0
15788183,Longo,458,Germany,Female,43,1,106870.12,2,1,0,100564.37,0
15708362,NULL,793,France,Male,63,4,103729.79,2 units,1 units,1,80272.06,0 units
15613786,Ogbonnaya,818,Spain,Male,26,4,0.0,2,1,1,167036.94,0
15750658,,798,France,Male,37,8,0.0,3,0,0,110783.28,0 units
15728012,NULL,678,Spain,Female,₹40,3,128398.38,1,1,₹0,168658.3,0
,Lettiere  ,762,Germany,MALE,₹28 units,3,125155.83,2,1,1,106024.02,0
15696564,Nweke,752,France,NULL,38,0,145974.79,2,1 units,1,137694.23,0
15603170,Kang,654,France,Male,32,9,121455.65,1,1,0,₹190068.53,1
15752650,Saad,681,Spain,Female,37,6,121231.39,1,1,1,146366.08,0
15725429,Vincent,623,Germany  ,MALE,₹33,8,96759.42,1,₹1,1,174777.98,0
₹15815660,Mazzi,758,France,NULL,₹34 units,1,154139.45,1,1,1,60728.89,0
15795228,Stewart,756,France,Male,37,3,132623.6,,1,1,58974.0,0
15706200,Graham,637,Germany,Male,41 units,2,138014.4,,1,0,140298.24,₹0
15709653,Hamilton,497,France,MALE  ,32,8,0.0,2,1,0,,0
15792650,Watts,382,NULL,Male,36 units,0,0.0 units,1,₹1,1,179540.73,1
₹15737275,Conti,₹649,France,Male,39,3 units,113096.41,1,1 units,1,60335.24,0
15619029,Bykov,620,Spain  ,Female,43,2,0.0,2,1,0,20670.1,0
15582335,Brown,556 units,France,Female,40,9,129860.37 units,1,,0,17992.94 units,
15712536,Fallaci,625,France,Female,36,3 units,0.0,2,1,0,41295.1,1
15591969,Kuo,497,Spain,Male,27,9,75263.16,1,1,1 units,164825.04,0
15784161,Hargreaves,583,Germany,Male,39,8 units,102945.01,1,0,0,52861.89,0
15621353,Hudson,645,Spain,Female  ,37,7,0.0,2,1,0,13589.93,0
15588406,Chiemenam,574,Spain,Female,37,7,0.0,2,1,0 units,32262.28,0
15806027,Niu  ,556,France,Female,52,9,0.0,1,1,0,175149.2,1
15656293,Davey,₹786,France,Male,35,3,0.0 units,2,1,,92712.97,0 units
15721307,Pickering,,Germany,Male,37,1,95668.82,2,1,0,₹100335.55,0
15756894,Onwuka,635,France,Male,29,1,0.0,1,0,1,24865.54,₹0
15700511,Hanson  ,708,Germany,Male,42,9 units,176702.36,2,1,₹1,104804.74,0
15679611,Andrews,734,Spain  ,Female,37,2,130404.92 units,1,₹0,0,34548.74,0
15756118,T'ao,661,Spain,Male,20,8,0.0,1,1,0,110252.53,0
₹15719624,Hodgson,669,NULL,Female,,9,121858.98,1,1,,130755.34,0
15795129,GALLO,799,France,Female,30,9,0.0,2,1,0,136827.96,
15569917,Obijiaku,706,Spain,Male,30,6,87609.68,2 units,0,0,137674.55,1
₹15579130,Chidiegwu,708,Germany,Female,43,0,118994.84,₹1,1,0,181499.77,1
15616451,GENOVESE,697,France,,47,6,128252.66,1 units,1,1,168053.4,0 units
15600583,NULL,633,France,Male,31,1,0.0,1,1,0,48606.71,0
15802486,Hayes,488,France,Male,34,3,0.0,2 units,1,1,125979.36,0
15702149,FOMIN,767,Germany,Female,33,1,144753.21,1,1,1,,0 units
15625592,Sal,486,France,Male,26,2,0.0,2 units,1,1,31399.4,0
15575428,Mistry,682,Germany,Female,35,2,117438.92,2,,1,16910.98,0
15800524,Nnanna,686,Germany,Male,29,3 units,,1,1,0,64679.07,0
15723437,Sal,701 units,France,FEMALE,35,2,0.0,2,1,1,65765.22,0
15680234,Bray,667 units,Germany,MALE,27,2,138032.15,1,1,0,₹166317.71,0
15682369,Pisano,613 units,France,Male,47,6,146034.74,1,1,1,₹77146.14,0
15814430,Ma,747,Spain,Male,41,9,0.0,1 units,1,0,32430.94,
15607347,Olisaemeka,734,France,Male,22,5,130056.23,1,0,0,₹121894.31,1
15802869,BALL,737,Germany,FEMALE,45,2,99169.67 units,2,1,1,78650.95,0 units
15577178,Genovese,,,MALE,45,₹5,68375.27,1,1,0 units,193160.25,1
15627741,NULL,631,Germany,Female,29,2 units,96863.52,2,1,1,31613.35,0
15604792,Kuo,609,,Male,38,,140752.06,2,0,1,171430.16,0
15711489,Azikiwe,760,Spain,Female,32,2,0.0,1,1,1,₹114565.35,0
15756824,Giordano,₹613,Germany,Female,50,5,,2,1,0,12493.61,0
15720713,Chibueze,850,,Female,29,10,0.0,₹2,1,1,199775.67,0
15793723,CH'IU,607,Germany,Male,32,9,144272.07 units,2,1,0,176580.63,0
15576526,Steele,850,,MALE,36,6,0.0,2,0,1,41291.05,0
15616929,De Luca  ,730,Spain,Male,62 units,5,112181.08,1,0,1,61513.87 units,0
15741865,Ferrari  ,810,France,FEMALE,38,9,153166.17,1,,1,93261.69,0
15585427,NULL,528,France,,26,10,102073.67,₹2,0 units,0,166799.93 units,₹0
15625929,,762,France,Female,44,7,159316.64,1 units,0,,24780.13,0
15629545,BUCKLEY,790,Spain,,41,,,1,0,0,86776.38,0
15569641,Sung,692,Germany,Female,41,8,130701.29,1,1,₹0,59354.24,1
15764448,Mackenzie,837,Germany,Male,35,0,144037.6,1,1,0 units,145325.32,0
15693468,Simmons  ,488,Spain,Female,39,9,140553.46,1,0,0,,0
15571065,Lehr,532,Spain,Female,39,0,0.0,,1,,94977.3,0
15649793,Lovely,658,France  ,Male,,7,0.0,2,₹0,0,,0
,Barnes,703 units,France,MALE,37,8,105961.68,2 units,0,1,74158.8,0
15775756,Alexandrova,809,Germany,Male,33,8,148055.74,,,0,199203.21,0
15757001,Mai,624,France,Female,32,2,79368.87,2 units,₹1,1,145471.94,0
15583392,Woronoff,747,Germany,NULL,37,9,135776.36,3,1,0,85470.45,1
15764726,,563,France,Male,22,3,137583.04,1,0 units,1,5791.85,0
15618255,Fedorov,642,Germany,Female,56,6,103244.86,2,1 units,0 units,143049.72,1
15716276,Kennedy,709,France,Female,34 units,2,111669.68,1 units,1,0,57029.66,0
15650288,Summers,634 units,GERMANY,Male,35,6,116269.01,1,1,0,129964.94,0
15722611,Cameron,752,France,Female,53,8 units,114233.18,1,1 units,1,51587.04,0
15686345,McCaffrey,828,Spain,Male,34,9,0.0,2,1,1 units,81853.98,0
15666767,Lori,508,France,MALE,35,1,86893.28,1,0 units,0,59374.82,0
15590177,,718,France,Female,44,1,133866.22,1,0,1,139049.24,0
15698786,Marcelo,819,France,Female,39,9 units,133102.92,1,₹1,0,,1
15694601,Ankudinov,583,NULL,Female,31,4,158978.79,1,1,0,12538.92,0
15677249,Somadina,731,,Male,42,9,101043.63,1,1,1,192175.52,0
15791045,Boni,₹568,France,Female  ,38,3,132951.92,1,0 units,1,124486.28,0
15717010,Yu,741,France,,60,5,0.0,1,1,1,38914.51,
15716334,Rozier,₹850,Spain  ,Female,45,2,122311.21,1,1,1,19482.5,0
15690021,Martin,502,Germany  ,Female,42,0 units,132002.7,1,0,1,28204.98,1
15727198,Teng,689,Germany,Female,28,₹2,64808.32,2,0,0,78591.15,0
,WEI,₹696,Spain  ,Female,30,0,0.0,2,1 units,1,9002.8,0
15731815,Nepean,529,SPAIN,Male,63,4,96134.11,3 units,1,0 units,108732.96,1
15711521,Egobudike,609,France,Male,39,₹3,121778.71,1,1,1,138399.67,0
₹15807961,Bruno,619,France,Male,25,4,0.0,1,,0,145524.36,0
,Vorobyova,,France,Female,31,9,114519.57,2,0,1,,0
15729246,Hardacre,847,Spain,Male,31,5,0.0,2,,1,76326.67,0
15631159,H?,705,Germany,Male,₹41,4,72252.64,2 units,1,1,142514.66,0
15790324,Green,660,France,Female,20,6,167685.56,1,1,0,57929.9,0
15701605,Forster,815,France,Male,37,1,166115.42,1,1,0,67208.3,0
15707681,Pokrovsky,₹501,Germany,Male,38,9,88977.39,2,0,1,133403.07,0
15604020,Otoole,773,Germany,Female,36,4,105858.71,1 units,0,1,4395.45,0
15702741,Potts  ,601,France,Male,32,8,93012.89,1,1,0,86957.42,0
15645517,Philip,850,Spain,Male,22,2,0.0,2,1,1,9684.52,0
15677871,Cocci,687,FRANCE,Male,38,9,122570.87,1,1,1,35608.88,0 units
15753362,Evdokimov,748,Spain,Male,60,3 units,0.0,2,1,₹1,78194.37,0
15811314,Y?,589,Germany,Female,,9,140355.56 units,2,1,0,136329.96,0
15692819,Toscani,₹665,Germany,Male,32,1,132178.67,1,0 units,0,11865.76,0
15617934,NULL,579,France,MALE,36,9 units,129829.59,1,1,1,60906.12,0
15773277,Barnes  ,676,France,Male,35,5,106836.67,2,1,0,,0 units
15607526,Lu,638,Germany,Male,50,1,,1 units,1,0,168359.98,1
15576723 units,,740,France,Female,37 units,7,0.0,2,1,1,194270.91,0
15660301,Dellucci,491,Germany,Male,70,6,148745.92,2,1,1,₹17818.33,0
15741921,Moon,622 units,Spain,Female,26,8,0.0,2,1,1,₹124964.82,0
15775797,ESPOSITO,607,,FEMALE,32,7,0.0 units,3 units,0,1,10674.62,0
15731760,Butcher,681,France,Male,25 units,5,0.0,1,0,1,90860.97,0
15744770,Stone,636,France,Male  ,44 units,2,0.0,2,0,0,,0
15569764,GARNER,687,Germany,Female  ,41,2,154007.21,1,1,0,158408.23,0
,Butler,504,Germany,,42,7,131287.36,2,1,1,149697.78,0 units
15782899,GINN,661,Spain,Female,28,7,95357.49 units,1,0,0,102297.15,0
15663939,Arnott  ,523,,,35,8,138782.76,1,1,1,186118.93,0 units
15745012,Pettit,653,France,Female,₹43,6,0.0,2,1,1,7330.59,0
15651022,Yost,480,Germany  ,Male,44,10,129608.57,1,1,0,5472.7,1
15584532,Liu,709,France,Female,36,7,0.0,1,0,1,42085.58,1
15580560,Harris,769 units,France  ,Female,73,₹1,0.0,1,1,1,29792.11,0
15631871,Kelly,616,Germany,Female,57,7,116936.81,1 units,1,1,104379.36,0
15786680,Bianchi,₹805,Spain,Male,37,₹5,0.0,2,1,0,21928.81 units,0
15623649,Ogle,629,Spain,Male,32,3,0.0,2,1,1,15404.64,0
15707441,White,690,Spain  ,Male,26,8,116318.23,1,1,1,83253.05,0
15724336,Yates,513,Germany,Female,49 units,5,171601.27,1,1,₹0,126223.84,0
15592854,Garcia,705,France,Male,25,3,113736.27,1,0,1,196864.61,0
15571816,Ritchie,850 units,Spain,Female,₹70,5,0.0 units,1,1,1,705.18,0
15702434,Hsieh,850,France,,30 units,3,₹0.0,₹2,1,0,116692.8,0
15767488,Berry,680 units,Spain,Male,36,7,0.0,2,1,,20109.21,0
15643770,Yu,682,France,Female,52 units,5,112670.48,1 units,1,0,21085.17,1 units
15644686,Kennedy,729 units,Spain,Female  ,34,9 units,53299.96,2 units,1,1,42855.97,0
15581525,WALKER,775,Germany,Male,33,3,83501.66,2,1,0,128841.31,₹0
15795488,Beneventi,773,Spain,,52,₹2,0.0,2,1,0,57337.79,0
15679991,Kennedy,524,France,Female,28,7,0.0,2,0,1,147100.72,0
15809585,,₹646,France,Male,38,7,0.0,2,1,0,1528.4,0
15800287,Micco,706,Spain,Female,46,2,127660.46,2 units,1,0,150156.82,1
15566894,Gray,793,FRANCE,MALE,39,3,137817.52,1,0,0,83997.79,0
15591628,Davies,701,Germany,Male,41,9,164046.1,1,1 units,0,49405.93,0
₹15813412,Barlow,721,France,Female,₹55,3 units,44020.89,1,1 units,0,65864.4,1
15702337,Sinclair,581 units,France,Male,37,7,0.0,2,1,1,74320.75,
,Ugonnatubelum,658,France,Female,32,9,0.0,2,1,0,156774.75,0
,Lo Duca,720,France,Female,45,1,102882.4,2,1,1,35633.15,1
15789379,Zetticci,762,France,Male,26,6,₹130428.78,1,1,0,173365.89,₹0
15580953,Forbes  ,544,FRANCE,Male,30,4,73218.89,1,0,1,126796.69,0
15668142,Chang  ,700,France,Male,37,3,77608.46,2,1,1,175373.46,0
15567980,Frater,537,NULL,,46,5,100727.5,1,0,1,140857.76,1
15592925,Giordano,711,Spain,Male  ,42,3,177626.77,3,0,1,16392.72,1
15763907,Watts,820,France,Female  ,39,1,104614.29,1,1,0,61538.43,1
15648032,Young,588,Spain,Male,37,2,0.0,2,0 units,1,187816.59,0
15770435 units,McLean,639,FRANCE,,50,6,115335.32,2,1,1,53130.41,0
15801488,BUCKNER  ,723,France,,25,3,₹0.0,2,1,1,134509.47,0
15720814,Warren,670,,Female,₹36,2,84266.44,₹2,0,,38614.69,0
15732270,Hung,727,SPAIN,Male,71,8,0.0,1,1,1,198446.91,
15787655,Chu,₹707,France,Male,,3,0.0,2,1,₹0,174303.29,0
15675787,Rivera,505,FRANCE,MALE,26,8 units,112972.57,1,1,0,145011.62,0
15793825,Ikechukwu,₹536,France,Male,39,4,0.0,2,1,0,27150.35 units,0
15701175,Bruno,493 units,France,Female,33,8,,1,1,1,59659.53,0
15643439,Ferguson,,France,MALE,47,10,0.0,2,0,1,25482.62,0
15632210,Hill,657,Germany,Male,25,2,171770.55,1,1,0,22745.5 units,0
15680201,Marcelo,627 units,,Male  ,24,5,102773.2,2,1,0,56793.02,1
15722965,Yefimova  ,757,France,Male,,3,89079.41,1,1,1,53179.21,₹1
15588186,Polyakov,520,SPAIN,Male,45,₹7,107023.03,1,1 units,0,32903.93,0
15775335,Ellis,635,Germany,Female,48,4,81556.89,2 units,1,0,191914.37,₹0
15708196,Uchenna,696,Spain,NULL,60,8,88786.81,1,1,1,196858.4 units,0
15576676,Serrano,₹706,Germany,Female,28,6,124923.35,2,1,1,50299.14,0
15686957,Piccio,553,Germany,Male,35 units,2,158584.28,₹2,,0,43640.16,0
15622631,H?,588,France,MALE,44,8,154409.74,1,1,0,49324.03,1 units
15597914,Evdokimov,641,Germany,Female,51,2,117306.69,4,1,1,26912.72,1
₹15704657,Denman,601,France,Male,39,3,72647.64,1,1,0,41777.9,1
15704844,Hsiung,550,Spain,Male,62,7,80927.56,1,0 units,1,64490.67,0
15656822,Day,568,Germany,Male,43 units,5,87612.64,4,,1,107155.4,1
15753831,Cox,642,Spain,MALE,32,7,100433.8,1,1,1,39768.59,
,Pham,₹707,Spain,Female,53,6,109663.47 units,1,1,,52110.45,0
15719779,May,645,Germany,Male,25,1,157404.02,2,,,93073.04,0
15589230,Wu,612,France,Female,63,2,126473.33 units,1,0,,147545.65,0
15793311,Smith,765,Germany,Female,46,8,119492.88,2,0,1,166896.01,1
₹15765846,Chuang,820,Spain,Female,31,2,94222.53,1,₹1,0,103570.8,0
15644934,GENTRY,466,France,Male,26,9,105522.06,1,1,0,₹10842.46,0
15699430,Davide,618,France,NULL,35,10,0.0,2,,0,180439.75 units,0
15632256,Schroeder,541,France,Male,29,7,127504.57,1,0,0,86173.92,
15789158,Nikitina,636 units,Germany,Male,49,6,113599.74,2,1,0 units,158887.09,1
15684318,McMillan,,Germany,Female,50,6,96486.57,2,1,1,20344.02,0
15736510,Loggia,605,Spain,Female,57,2 units,0.0,3,1,0,66652.75,1
15680346,Chuang,683,NULL,Male,₹40,8,0.0,1,1,0,75848.22,0
15722425,Lucchese,639,,Male,32,9,0.0,2,1,0,111340.36,0
15592736,Lucchese,551,,Male,54 units,5,102994.04,1,1,0,176680.16,1
15779496,Sykes  ,₹615,France,Male,64,0,81564.1,2,0,1 units,35896.09,0
15766810,Onyemauchechi,₹699,Germany,Female,51,2,92246.14,2,0,1,91346.03,0
15611759,Simmons,850,Spain,Female,57,8,126776.3,2 units,1,,132298.49,0 units
15583462,Graham,695,France,Male,28 units,5,171069.39,2 units,1,1,88689.4,0
15763980,Beneventi,632,Germany,Male,₹30,1,58668.02 units,1,1,1,78670.52,0 units
15579262,Shearston,497,France,MALE,41,9,0.0,1,0,0,22074.48,0
15592846,Fiorentini,639,Germany,Male,₹35,10,128173.9,2,1,0 units,59093.39,0
15760521,Thompson,796 units,France,Female,50 units,1,94164.0,1,1,1,189414.74,0
15809838,Moore,697,Spain,Male,30 units,1,0.0,2,0,0,735.79,0
15599126,Russell,529,France,Female,₹43,0,123815.86,1,1,1,78463.99 units,1
15810390,Amadi,718,France,FEMALE,41,1,0.0,2,0,1,27509.52,1
15719017,Donaldson,672,France,Female,34,₹8,0.0,2,1,1,16245.25 units,0
₹15757535,Heap,647,Spain,Female,44,5,0.0,3,1 units,1,174205.22,1
15631162,BERGAMASCHI,631,France,Male,32,10,0.0,2,,1,196342.66,0
15588419,JOHNSTON,651,Germany,Female,34,10,148962.46,1,1,0,66389.43,1
,Mai,547,France,Female,48,1,179380.74,2,0,1,69263.1,0
15796115,FORBES,689,Germany,Female,40 units,4,78119.59,,1,₹0,119259.34,1
15644361,Hooper,702,France,Female,40 units,1,103549.24,1,0,0,9712.52,1
15606472,Lung,585,France,Female,38,5,0.0 units,,1,₹1,87363.56 units,
15590637,Ahmed  ,721,France,Male,41,7 units,0.0,2,0,1,61018.85,0
15674851,T'ien,622,,MALE  ,38,5,0.0,2,0,0,105295.77,0
15778290,Lappin,799,France  ,NULL,₹70,8,70416.75,1,,1,36483.52,0
15734008,Bartlett,₹727,Germany,Male,59 units,5,152581.06,1,1,0,71830.1,1 units
15741078,Greece,736,France,Male,54,,111729.47,2,0,1,84920.49,0
15651001,Tsao,725,Germany,Female,39,5,116803.8,1,1,0,124052.97,0
15801417,Iloerika,657,France,Male,37,4,82500.28,1,1,1,115260.72,0
15739068,Nwoye,638,Germany,Male,25,4,148045.45,2,1,1,₹114722.42,0
15659100,Lane,605,France,Male,33,9,₹128152.82,1,0,0,₹147822.81,0
15645271,Radcliffe-Brown,615,Germany,Male,24,8,108528.07 units,2,0,0,179488.41,
15743871,Nkemdirim,567,France,Male,59,3,0.0,2,1,0 units,25843.7,1 units
15717489,Martin,835,,Male,23,9,0.0,1,1,0,₹19793.73,
15594436,Mazzi,588,Spain,Male,₹33,2,0.0 units,2,1,1,12483.56,0
15759717,Mazzi,763,Spain,Female,39,7,0.0,2,1 units,0,19458.75,0
15813159,Hairston,526,France,Male,52,8 units,93590.47,1,0,1,21228.71,1
15607065 units,NULL,765,France,NULL,34,9,91835.16,1,0,0,₹138280.17,0
15675231,Nwankwo,₹518,NULL,Female,45 units,8,0.0,2,1,1,36193.07,0
15815236,Chiganu,574,Spain,Male,34,5,0.0,2,0,0,28269.86,0
15630910,Treacy,800,FRANCE,Female,49,7,108007.36,1,0,0,47125.11,0
15669945 units,Jackson,492 units,France,Male,35,4 units,141359.37,2,1,0,39519.53,0
15681550,NULL,614 units,France,NULL,41,8 units,121558.46,1 units,1,1 units,598.8,0
15658032 units,Hopkins,701,France,Male,39,2,0.0,₹2,1,1,82526.92,
15577771,Akabueze,₹453,Germany,Female,40 units,1,111524.49,1,1,1,₹120373.84,₹1
15572291,Kao,825,France,NULL,₹40,6,132308.22,1,0,0,117122.5,₹0
15803764,Stanley,,France,Male,28,7,0.0,2,1,0,7797.01,₹0
15589030,Ts'ai,649,France,NULL,47,₹1,,2,1,1,145593.85,0
,Ndukaku,746,France,Male,35,2 units,₹172274.01,1 units,1,0,22374.97 units,0
15726487,P'eng,431,NULL,Male,63,6,,1,1,₹1,₹168008.17,0
15780954,Cran,582,Spain,Male,26,4 units,65848.36 units,2,1,0,30149.21,0 units
15576111,Reagan,734,Germany,Male,33,5,121898.58,₹1,₹1 units,0,61829.89,0
15705352,Yang,686,Spain,Male,38,7,111484.88,1,1,1,76076.2,0
15680752,Horrocks,675 units,FRANCE,NULL,,0,0.0,1 units,1,1,80496.71,1
15635240,Onuoha,553,France,Male,42 units,1,0.0,2,₹0,0,23822.04,0
15738785,Kang,545,France  ,Male,26,7,0.0,2,0,1 units,156598.23,0
15789313 units,UGORJI,595,Germany,Female,44,4,96553.52,,1,0,143952.24,1
15725776,Lazar,649,Germany,Male,₹24,7,101195.23,1,0,0,133091.32,0
15715920,De Bernales,782,Spain,Male,23,10,98052.66,1,1,1,142587.32,0
15782550,Ma,490,Germany,Female  ,41,0 units,139659.04,1,,1,,0
15578374,,620,Spain,Male,36 units,7,169312.72 units,1,1,0,45414.09,0
15669414,Pisano,486,Germany  ,Male,62,9 units,,2,1,0,168034.83,1
₹15677020,Selezneva,570,France,Female,58 units,8,₹0.0,1,0,1,116503.92,1
15642345,NULL,714 units,Germany,Female,49,4,93059.34,1,1,0 units,7571.51,1
15762902,Stanley,649,France,Female  ,42,7,0.0,2,0,1,22974.01,0
15632010 units,Chia,647,Spain  ,Male,33,7 units,121260.19,₹2,1,0 units,77216.48,0
15799211,Anenechi,708,Spain,FEMALE,32,8,187487.63,1,₹1,,120115.5,0
15595010,NULL,₹694,Spain,,39,9,0.0,2,0,0,99924.04,
15624755,Pepper,707,Germany,Female,40,3,109628.44,1,1,0,189366.03,0
15764618,Tseng,815,Spain,Female,39,6,0.0,1 units,1,1,85167.88,0
15662085,Read,678,France,Female,32,9,0.0,1,1,1,148210.64,0
15577970,Alexeeva,489,France,Male,,5,₹0.0,1,0,0,43540.59,0
15647725,Napolitano,675,France,Female,61,5,62055.17,3,1,0,166305.16,₹1
,NULL,840,FRANCE,Female,43,7,0.0,2,1,0 units,90908.95,0
15605036,Pisano,704,Spain,Female,37,9,155619.58,1 units,1,₹1,135088.58,
₹15693877,,811,France  ,,47,3,₹123365.34,2,₹0,0,171995.34,0
15675360,Valenzuela,427,NULL,Male,33 units,8 units,0.0,,1,1,13858.95,0
15705994,,712,Spain,Male,27,10,0.0,1,1,0,₹94544.88,0
15769596,Yen,710,Germany,FEMALE,24,2,110407.44 units,2,0,0,15832.43,1 units
15736287,Piccio,586 units,France,Male,33,9,0.0,1,1,0,6975.02,0
15672598,Walker,,Spain,Male,30,9,₹111927.45,,1,1,175795.87,0
15648047 units,NULL,742,Germany,Male,27,5,190125.43,2,0,0,21793.59,0
15656865,Gray,613,Germany,Male,69 units,9,78778.49,1,0,1 units,8751.59,0
15759566,Tochukwu,617,France,MALE,74 units,10,0.0,2,1,1,₹53949.98,0
15663830,De Luca,563 units,Spain,NULL,32,6,0.0,2,₹1,1 units,19720.08,₹0
15752915,NULL,488,France,Female,34 units,2,0.0,2,1,1,181270.84,0 units
15567328 units,Ch'en,738 units,Spain,Male,38,5 units,177997.07,1,0,1,19233.41,0
15695932,Yelverton,766,Spain,NULL,36 units,5,78381.13,1,0,1,153831.6,0
15714883,NULL,₹508,France,Female,25,₹2,111395.53,1,0,₹1,48197.06,0
15813850,Christian,720,France,Male,52,7,0.0 units,1,₹1,1,14781.12,0
15567431,Kodilinyechukwu  ,773,France,Male,64,2,145578.28,1,0,1,186172.85,0 units
15740237,Millar,671,NULL,Male,36 units,2,116695.27,1,,0,193201.86 units,0
15771997,Bryant,791,France,Female,31,10,75499.24,1,1,0,₹22184.14,0
15640852,McGregor,617,Germany,Female,39,5,83348.89,3 units,1,,7953.62,1 units
₹15651336,Chidiebere,756,France,Female,32,4,0.0,2,1,0,147040.25,0
15782364,Bevan,521,Spain,Female,₹39,3,146408.68,1,0,0,72993.67,0
15690182,Kapustin,635,GERMANY,Male,37,5,113488.68,1,1,0,95611.74,1
15677369,Golubov,554,GERMANY,Female,37,4,58629.97,1,0,0,182038.6,0 units
15593900,Belousov,705 units,France,Male,38,1,189443.72,1,0,1,106648.58,0
15661526,Anderson,815,Germany,Male,37,2,₹110777.26,2,1,0,2383.59,0
15725221,Sabbatini,738,Germany,Male,₹62,,83008.31,1,1,1,,0
15628999,Townsend,732,France,Male,79,10,61811.23,1,1,1,104222.8,₹0
15730448,Iroawuchi,538 units,Germany,Male,25,5,62482.95,1,1,1 units,102758.43,0
15574119,Okwuadigbo,598,Spain,Female,64,1,62979.93 units,1,1,1,152273.57,0
₹15727467,Mellor,485,France,Female,27,3 units,0.0,2,₹1,0,141449.86,0
15582847,Yermakova,662,France,Male,26,0,0.0,,0,1,72929.96,0
15698619,NULL,593,France,Male,43,9,,2,1,1 units,76357.43,0
15751561,Meng,498,Germany,NULL,61,7,102453.26,1,1,0,187247.56,1
15678129,Hill,643,Spain,NULL,45,9,150840.03,2,1,0 units,155516.35,0
₹15783865,Kulikova,622,France,Male,59,5,119380.37,₹1,1,1 units,60429.43,0
15687329,Hope,763,Germany,Female,32 units,1,108465.65,2,1,0,₹60552.44,1
15713949,Woods,850,France,Male,40,1,76914.21,1,1,0,174183.44,0
15593250,Hsiao,640,,Female,29,4,0.0,2,1,0,44904.26,0
15603328,Lucchesi,483,France,Male,27,1,77805.66,1,1,1,2101.89,0
15743673,Wood,551,Spain,Male,27,2,113873.22,1,1,1 units,85129.77,1
15649060,Chien,727,Germany,Female,31,3,82729.47,2,1,0,60212.51 units,0
₹15659937,OTUTODILINNA,703,France,Female,₹40,7,0.0,2,0,1,122518.5 units,0
15737909,Bates,759,France,Male,44,2,111095.58,2,1,0,100137.7,0
15652169,Buckley,642,France,Male,35,2,133161.95,1,0,1,122254.86,0
15782939 units,Storey,747,France,Male,42,4,80214.36,1,1,0,115241.96 units,1
15724466,Swearingen  ,744,Germany,Female,41,2,84113.41,1,1,0,197548.63,0
15752731 units,Millar,615,France,Female,30,9,₹0.0,1,1,0,87347.82,0
15670481,Woods,684,France,Female,27,9,122550.05,2 units,0,1,137835.82,0
15778830,Dellucci,841,,Male,31,2,0.0,2,1,0,173240.52,0
₹15625632,Philip,577,France,Male,36,,121092.47,2,0,1,143783.46,0
15781987,NULL,641,France,Male,31,9 units,112494.99,1,1,1,32231.6,0
15806941,Sharpe,499,FRANCE,Male,60,7,76961.6,2,1,1,83643.87,0
15622585,McIntyre,₹525,France,Male,26,7,153644.39,1,1,1,63197.88,0
15754267,Fleming,697,Germany,Male,31,3,108805.42,2,0 units,1,123825.83,0
15603942,HAWTHORN,547,Germany,Male,50,3 units,81290.02,3,0,1,177747.03,1
15721779,Arnold,826,Spain,Male,41,5,146466.46,2,0 units,0,180934.67,0
15809826,NULL,728,FRANCE  ,FEMALE,46,2,109705.52,1,1,0,20276.87,₹1
15668445,MAI,,France,Male,37,2,0.0,2,1,1,86372.24,0
15627859,NEBEOLISA,₹607,Germany,Male,29,,102609.0,1,1,0,163257.44,0
15655859,Munro,848,Spain,Male,35,5 units,120046.74,2,1,0,84710.65,0
,Miracle  ,663,FRANCE,Male,,7 units,0.0,2,₹1,1,166310.82,0
15605284,,688,France,Male,26,1,0.0,2,1,1,104435.94,0
15702030,Azarov,516,France,Female,29,2,104982.57,1,1,0,157378.5,0
15569678,Cocci,561,Germany,Male,32,6,166824.59,1,1,0,139451.98,0
15815043,McMillan,645,Spain,Male,49 units,8,₹0.0,₹2 units,1,0,162012.6,0 units
₹15792180,Chiekwugo,566,Germany,Male,22,7,144954.75,2,1,0,102246.0,0
,Dellucci,636,Spain,Female,32,8,0.0,2,1,0,138555.46,0
15579131 units,Ricci,835,FRANCE,Male,25,7,0.0,2,1,1,83449.65,0
15786200,Brock,564,France,Male,31,4,0.0,2,1,0,53520.03,0 units
₹15798906,Cox  ,,FRANCE,Male,69,5,0.0,2,1,1,181964.6 units,0 units
15693326,Whitehouse,641,France,Female,42 units,₹7,125437.14,2,0,0,164128.58,0
15775490,Downie,660,France,Female,38,5,110570.78,₹2,1,0,195906.59,₹0
15776605,BRADLEY,₹528,,Male,36,7,0.0,2,1 units,0,60536.56,0
15709621,Wan,662,France,MALE,31,3,0.0,2,0,1,27731.05,0 units
15690231,K'ung,612,Spain,Female,62,0,,2,1,1,192892.05,0
15783444,,₹788,France,NULL,39,3,135139.33,1,0,1,113086.08,0
15734892,Fennell,579,SPAIN,Male,37,4,,2,1,1,32246.63,0
15622217,Tu,538,FRANCE,Female,38,8,88758.95,2,₹0,0 units,28226.15,
15605339,Baker,673,France,Female,37,10,0.0,2,1,1,37411.35,0
15789974,Enemuo,713 units,France,Male,33,6,94598.48,1,0,0,197519.66,1
15687738,Nwagugheuzo,535 units,FRANCE,FEMALE,38,8,0.0,2,1,0,136620.64,0
15663252,Olisanugo,850,Spain,Female,32,9,0.0,2,1,1,18924.92,0
15806327,Cyril,800,France,Female,40,3,75893.11,2,1,0,132562.23 units,0
15708256,Chien,803,France,Male,28,3,0.0,2,1 units,0,159654.0,0
15582841,Butusov,600,FRANCE,Male,29 units,8,0.0,2,0,1,34747.43,0
15777054,Thorpe,584,Germany,MALE,42,3,137479.13,1,1,0,25669.1,0
15775826,Iadanza,677,France,MALE,₹30,1,78133.15,1,0 units,1 units,174225.88,0
₹15778155,T'ien,520,GERMANY,Female,31,3,108914.17,1,1,1 units,183572.39,1
₹15623521,Sozonov,₹838,Spain,Male,43,9 units,₹123105.88,2 units,1,0,145765.83,0
15697035,Garrett,740,Spain,Female,31,8,0.0,2,0,0,86657.48,0
15814468,Wei,551,Germany,Male,₹50,1,,,0,1,84508.44 units,1
₹15744200,Ni,587 units,France,Female,₹36,1 units,70784.27,1,1,0,30579.82,0
15664808,Nicoll,790,Spain,Female,37,3,0.0,3,0,0,98897.32,0
15673238,MCCARTHY,517,Germany,Female,59,8,154110.99,2,1,0,₹101240.08,1
15691446,Tokaryev,735,SPAIN,Male,29,10,0.0,2,1,1,95025.27,0
15780716,Colombo,686,GERMANY,Male,39,3 units,129626.19,2,1,1,103220.56,0
15723886,Fiore,767,Germany,Male,20,3,119714.25,2,0,1 units,150135.38,0
15624993,,753,France,FEMALE,36,7,128518.98,1,1,1,44567.83,1
15693893,Davis,₹684,Germany,Male,59,9,122471.09,1,0,1,15807.07,0
15568519,Wood,534,France,Male,41,9,0.0,2,,0,13871.34 units,0
15599976,Bellasis,749,France  ,Female,₹27,9,0.0,2,1,0 units,₹132734.87 units,0
15813067,Williams,432,Germany,Female,45,3,110219.14,1,1,0,43046.7,1
15652069,Calabrese,833,France,NULL,30,₹1,0.0,2,1,0,141860.62,0
15692291,Hs?eh,563,Spain,Female,42,6,99056.22,2,1,0,154347.95,1
15652266,CHIDIEBELE,703,Germany,Male,42,9,63227.0,1,₹0 units,1,137316.32,0
15599084,Hopwood,782,France,Male,33,₹7,191523.09,,1,1,167058.75,0
15796313,Olsen,662,France,Female,,4,166909.2,2,1,0,138871.12,1 units
15663312,Marino,494,France,Female,35,9,112727.06,2,1,0,183752.91,0
15649451,,746,France,Male,25,₹9,0.0,₹2,0,1,88728.47,0
15758831,Thornton,754,France,Male,39,3,74896.33,,0,0,34430.16,0
15620746 units,Lorenzo,632,NULL,Male,42,4,126115.6,1,1,0,100998.5,0
,Pisani,827,SPAIN,Male,46,1,183276.32,1,1 units,1,13460.27,0
,Summers  ,743,France,NULL,40,8 units,₹68155.59,1,1,0,94876.65,0
,Kelly,610,France,Female,27,9,159561.93,1 units,₹0,1 units,103381.47,0
15612092,Palmer,646,Germany,Male,32,8,105397.8,1,1,0,78111.84,1
15692317,Craig,722,France,Male,30,5,0.0,2,1,0 units,166376.54,0
15702656,NULL,₹651 units,France,Female,33,1,96834.78 units,1,1,0,108764.69,0
15651983,FANG,591,FRANCE,Female,56,9,128882.49,1,1,1,196241.94,1
15579166,Munro,619,FRANCE,Female,30,7,70729.17,1,1,1 units,160948.87,₹0
15636595,Loton,602,Spain,MALE,37,3,107592.89,2,₹0,1,153122.73,0
15647974,,679,France,Female,44,3,118742.74,2,1,0,1568.91 units,
15781298,Hughes,808,Germany,Male,,3,124216.93,1,0,1 units,171442.36,₹0
15589475,Azikiwe,591,Spain,Female,39,3,0.0,₹3,1,0,140469.38,1
₹15815428,,823,France,Male,₹34,3 units,105057.33,1,1,0,9217.92,0
₹15742442,Udegbulam,705,SPAIN,Female,,5,89364.91,1,0,1,139162.15,0
₹15637977,Barese,542,Germany,Male  ,25,8,139330.1,1,0,0,54372.37,0
15780835,Liang,652,Germany,Female,26,1,131908.35,1,1,1,179269.79,0
15761670,Morley,695,France,FEMALE,50,8,0.0,₹1,1,0,126381.6,1
15601324,,697 units,France,Female,48,1,0.0,2,1,1,87400.53,0
15697686,STEWART,787,FRANCE,Female,40,₹6,0.0,2,1,1,84151.98,0
15668774,,758,Germany,NULL,,5,122739.1,₹1 units,₹1,0,102460.84,1
,Ross,696,France,NULL,30,8,0.0,2,1,1,196134.44,0
15626985,Yefremova,850,France,FEMALE,39,0,104386.53,1,1,0,105886.77,
15735270,Ruggiero,,,Male,47,2,0.0,1,1,0,48161.18,1
15720943,PIROZZI,747,France,Female,45,1,114959.12,₹1,1,0,189362.39,1
15671969,PRUNEDA,649,Spain,,₹36,8,0.0,2,1,0,161668.15,0
₹15672091,Ulyanov  ,786,Germany,Female,32,2,104336.43,2,0 units,0,59559.81,0 units
15646351,Somerville,486 units,Spain,MALE,27,7,,2,1,0,28823.04,0
15667289,Henderson,₹719,SPAIN,Male,50,2,0.0,2 units,0,0,₹10772.13,0
15719950,Sutherland,682,France,Male,61,10,73688.2,₹1,1,1,172141.33 units,0
15716324,Ignatieff,665,France,Female,23,9,143672.9,1,1,1,115147.33,0
15576352,REVELL,586,Spain,Female,57,3,0.0,2,0,1 units,6057.81,0
15660541,Olisanugo,694,France,Male,34,,127900.03,1,1,0,101737.8,0
,Norris,570,France,FEMALE,46,3,0.0,2,0,0,820.46,0
15628007,Genovese,653,France,Male  ,33 units,1,0.0,2,0,0 units,53379.52,0
15707968,Akobundu,545,Spain,Male,36,8,73211.12,2,1,₹0,89587.34,1
15694946,Hanson,663,France,Male,35 units,9,0.0,2,1,1,195580.28,0
15729019,Arcuri,602,Spain,Male,34,₹8,98382.72,1,1,0,39542.0,
15665385,Gibney,657,NULL,Male,44,6,76495.04,1,1,0,79071.89,0
15809736,Steigrad,664,France,,46,2,0.0,1,1,1,177423.02,1
₹15633729,Wang,488,France,Male,43,10,112751.13,1,1,1,₹28332.0 units,₹0
15628420 units,Alekseeva,660,Spain,Male,33,2,80462.24,₹1,0,0,150422.35,0
15581323 units,WHITE,488,Germany,NULL,28,7,139246.22,2,1,,106799.49,0
15719827,O'Donnell,767,France,Male,36,3,0.0,1,0,0,65147.27,0
15569682,LECKIE,768,Germany,Male,₹37,9,108308.11,1,₹1,0,41788.25,1
15660840,Kalinin,723,FRANCE,Male,30,3,124119.54,1,1,0,162198.32,0
15641158,Belcher,739,Germany,Male,32,3,102128.27,1,1,0,63981.37,1
15692991,Wood,710,Spain,Female,₹38,4,0.0 units,2,1,1,136390.88,0
15687001,Chiemenam,596,Germany,Male,54,1,123544.0,1,1,1 units,120314.75,1
,Izmailova,708,France,Female,47,0,126589.12,₹2,0,1,132730.07,1
15630244,CHU,457,France,Male,40,10,134320.23,2,1,0,150757.35,0
15774696,Cole,,Germany,Female,75,1,106307.91,2,0,1,113428.77,0
15664897 units,Bryant,682,France,Female,35,2,181166.44,1 units,1,,63737.19,1
15649112,Endrizzi,738,Spain,Female,,3,122134.4 units,2,0,1,27867.59,0
15649354,Johnston,754,Spain,Male,₹35,4,,2,1,1,9658.41,0
15759284,Yeh,750,France  ,Female,37,6,0.0,1,1,1,117948.0,1
₹15643042,Han,,Germany,Female,40,2,117641.43,2,0,,92198.05,0
15620341,Nwebube,500,Germany,Male,44,9,160838.13,2,1 units,0,196261.64,₹0
15632264,Kay,476,France,Female,34,10,0.0,2,1,0,26260.98,0
15590966,Lo,729,Germany,Female,42,4,97495.8,₹2,0,0,2002.5,₹0
,Hyde,688,France,Male,29,1,0.0,2,1,0,154695.57 units,0
15587647,Browne,850,Germany,,66,0,127120.62,1,0,1,118929.64,1
15766289,Dickinson,751,FRANCE,Male,,5,142669.93,2,1,0,₹162760.96,0
15760450,Rutherford,512 units,France,Male,43,1,0.0,2,1,1,52471.36,0
15779529,Grant,₹620,NULL,Male,32,,0.0,2,1,1,34665.79,0
15701352,Fanucci,611,Spain,Female,28,3,96381.68,2,1,0,181419.29,0
15591980,Hill,753,France,Male,33,5,122568.05 units,2,1,1,82820.85,0
15651737,,623,Spain,Male,44,1,83325.77,,0,1,80828.78,₹0
15791769,Gardener,691,France,Female,29,9,116536.43,1,₹1,0,51987.99,0
15694098,Jackson,575,FRANCE,Female,54,9,68332.96,1,1,1,144390.75,0
15596455,Mao,546,Spain,Female,45,2,0.0,1,0,0,197789.83,1
15585853,McCardle,743,SPAIN,Male,41 units,7,0.0,1,1,0,163736.09,1
15693771,Y?an,651,Spain,Female,45,8,,₹1 units,,0,84782.42,1
15662884,Naylor,739,Germany,Male,₹58,1 units,110597.76,1,0,1,160122.66,1
15665759,Russell,724,France,Female,69,5,117866.92,1,1,1,62280.91,0
15766686,Nebechi,659,Germany,FEMALE,39,1,104502.11,1,1,0,20652.69,0
₹15580249,Lori,502,NULL,MALE,45,0,0.0,1,0,0,84663.21,0
15722409,Ritchie,693,Spain,Male,47 units,8,107604.66,1,1,1,80149.27,0
15812982,Francis,509,Spain,MALE,38,2,0.0,1,0,,168460.12,0
,Giles,594,NULL,,53,4,0.0,1,1,₹0,5408.74,1
15800514 units,Kenechukwu,477,Germany  ,Female,24,2,95675.62,2,0,0,162699.7,1
15658339,Pugliesi,795,Germany,NULL,37,₹2,139265.63,2,1 units,1,198745.94,0
15621687,NULL,813,France,Male,34,0,0.0,2,₹1,0,43169.15,0
15655274,Bardin,548,France,,29,4,0.0,2,0,1,48673.18,
15635660,Rossi,612,Germany,Male,30,9,142910.15 units,1,1,0,105890.55,1
15647266,Y?an  ,651,Spain,Female,45,10,135923.16,1 units,1,0,,0
15568915,Bailey  ,681,France,Male,38,6,153722.47,,1,0,101319.76,₹0
15796071 units,Loane,657,Spain  ,Male,₹29,7,83889.03,1,1 units,0,153059.62,0 units
15636589,Murray,794,FRANCE,Female,41,7,0.0,2,1,1,₹74275.08,0
15582741,MACLEAN,693,France,Female,35,5,124151.09,1,1,0,88705.14,1
15666012,Rippey,603,France,Male,40,4,102833.46,2,1 units,1,38829.11,0
15774328,Boni,₹606,Germany,Male,40,1,144757.97,2,₹1,1,166656.18,0
15770711,Lu  ,766,Germany,Female,28,4,90696.78,1,0,1 units,21597.2,0
15808386,Cocci,721 units,Germany,Female,45,7,138523.2,1,0,0,59604.45,1
15803749 units,DEROSE,498,Germany,,41,4,87541.06,2,1,1,₹12577.21,1
15675337,Forbes,395,Germany,Female,34 units,5,106011.59 units,1,1,1,17376.57,1
15633950,Yen,737,France,Male,41,1,101960.74,1,1,,123547.28 units,0
15769522,O'Connor,734,France,Male,51,1,118537.47,1,1,1,116912.45,0
15680370,DEROSE,492,,Male,39,7,0.0,2,0,1,71323.23,
15651943,Richards,₹580,Spain,Female,65,,0.0,2,0,1,103182.46,0
15583033,Huguley,640,France,NULL,₹20,4,0.0 units,2,0,1,78310.82,0
₹15671630,MCMILLAN,796,Germany,Female,40,1,99745.95,,1,0,177524.19,0
15618437,Singleton,567,Spain,Male,34,10,₹0.0,2,0,1,161571.79,0
,She,832,Germany,Female,40,9,107648.94,2,,1,134638.97,0
15694188,,700,Spain,Female  ,46,5 units,56580.95,₹2 units,0,1,45424.13,0
15632069,Kazantsev,776,France,Male,39,,125211.55,2,1,0 units,144496.07,0
15602812,Holmes,684,,NULL,44,2,133776.86,2,0,1,₹49865.04,0
15708046,Knowles,₹744,Spain,Male,31,0,₹117551.23,1,1,0,158958.9,0
15770974,Nwabugwu,741,Germany,Female  ,37,8,170840.08,2 units,0 units,₹0,109843.16,0
15745623,Worsnop,₹788,France  ,Male,32,4,112079.58,1 units,0 units,0,89368.59,0
15575438,Pease,₹613,France,Male,42,₹7,115076.06 units,1,1,1,79323.61,0
15724851,Farmer,507,Germany  ,MALE,31 units,9,111589.67,1,1,0,150037.19,0
15808389,Iheatu,617,France,Female,79,7,0.0,1,₹1,1,160589.18,0
15591698,P'eng,849,Germany,Female  ,49,9,132934.89,1,1,0,171056.65,1
15781505 units,Giordano,685,France,Male,20,4,104719.94,2,1,0,38691.34 units,0
15700650,Cousens,681,France,Male,34,3,0.0,2 units,0,0,55816.2,0
15772421,Tretiakov,645,NULL,FEMALE,31,1,128927.93,1,1 units,1,2850.01,0
15775663,Otitodilichukwu,₹712,Germany,Male,53,6 units,₹134729.99,2,1,1,132702.64,0
15791452,Dann,675 units,France  ,Male,39,1,0.0,2,1 units,0 units,153129.22,0
15625586,Monaldo,717,France,NULL,,4,,1,1 units,1,167573.06,0
15658258,Trejo,693,France,Male,43,6,128760.32,1,1,0,36342.79 units,0
15590234,De Luca  ,697,France,Female,42 units,1,₹0.0,1,1,0,1262.83,1
15677382,Miller,625 units,NULL,Female,69,1,,1,1,1,182336.45,0
,Hay,821,Germany,Female,31,2,68927.57,1 units,1,1,25445.0,0
15604706 units,Blake,581,Germany,Male,38,1,133105.47,1,1 units,0,105732.9,1
15664793,Scott,754 units,Spain,FEMALE,50,7,146777.44,2,₹0,₹1,150685.52,0 units
15649033,Echezonachukwu  ,603,Germany,Female,55,7,127723.25,2,1 units,₹0,139469.11,1
15774727,MONALDO,757,Germany,Female  ,34,1,129398.01,2,0,0,44965.44,0
15760550,Duncan,741,Spain,Male,39,7,143637.58,2,0,1,174227.66,0
15757661,TREVISANO,589,France,Female,39,7,0.0,2,0,0,95985.64,0
15800412,Dale,458,Germany,Male  ,35,9,146780.52 units,2,1 units,1,3476.38,0
15715079,Bold,465,France,Male,41,9,117221.15,1,1,0 units,168280.95,0
15626412,Mort,499 units,Spain,Male,39,6,0.0,2,1,1,81409.0,0
15711789,Davey,768,Spain,,42,3,0.0,1,0,0,₹161242.99,1
15604515,Yefremov,737,Germany,Female  ,22,10,111543.26,,0,0,106327.85,0
15772503,Burns,737,France,Female,33,4,0.0,2,1,0,115115.32,0
15621870,Hawkins,739,Spain,Female,,8,0.0,1,1,0,167030.51,0
15706163,Enyinnaya  ,518,Germany  ,Male,₹46,4,113625.93,1,0 units,0,92727.42,1
15575410,Chidiegwu,667,Germany,Female,39,4,83765.35,2,1,0 units,118358.54,₹0
15799652,Daigle  ,763,France,Female,38,0,152582.2,2,0,0,31892.82,
15593795,Linton,516,Germany,Female,53,1,156674.2,1,1,0,118502.34,1
15667424,Forbes,682,Germany,FEMALE,43,7,111094.05,2,1,1,64679.3,0
15591433,MILES,674,Germany,Male,43,8,85957.88,2,1,0,8757.39,0
15778915,Harris,737,France,Female,32,7,₹128551.36,2,0,1,189402.71,0
15579112,Gibson,598,France,Male,47,2,0.0,2,1 units,1,186116.54,0
15814275,Zikoranachidimma,685,France,Male,33,6,₹174912.72,1,1,1,43932.54,0
15633516,Tucker,,France,Male,,1,0.0,1,0,1,168486.02,0 units
15608209,Currey,622,Germany,Male,33,3,96926.12,2,1 units,0,48553.77,0 units
15742009,,₹489,Spain,Male,58,4,0.0,2,1,1,191419.32,0
₹15573893,Barry  ,569,Germany,Male,25,9,173459.45,2,1,1,44381.06,0
15611024,Kalinina,567,France,FEMALE,,9,93522.2,1,0 units,1,81425.61,0
15568834,Howells,698,Spain,Male,27,6,125427.37,2,0,0,27654.44 units,₹0
15797329,Muir,626,France,MALE  ,43,4,137638.69,1,1,0,130442.08,1
15768465,Sheppard,582,,Male,35,8,121309.17,2,₹1,1,28750.67,0
15578515,,659,France,Female,38,3 units,0.0,2,1,0,158553.1,0
15639357,Allan,415,FRANCE,Male,46,9,134950.19,3,0,0,178587.36,1
15711602,Lowrie,676,France,Female,36,₹3,91711.59,1,1,1,95393.43,0
15729117 units,Trevisano,607 units,France,Female,31,1,102523.88,1,1,1,166792.71,0
15798605,Tien,686,Germany,Male,26,1,57422.62,1,1,1,79189.4,
15622527,Holloway,,FRANCE,Female,55,6,0.0,1 units,1,1,22442.13,0
15648725,Sinclair,660,France,Male,41,3,0.0,₹2,1,1,108665.89 units,0
15619699,Yeh,558,France,Male,31,7,0.0,1,1,0,₹198269.08,0
15640377,Goloubev,526,France,Female,36,0,0.0,2,1,0,97767.63,0
15572398,Townsend,614,Spain,Female,39,6,0.0,2,1,1,164018.98,0
15672930,Palerma,₹722 units,Spain,MALE,37,9,0.0,2,1,0,31921.95,0
15714970,Holbrook,667,Germany,Male,32,0,103846.65,1,1,0,20560.69,0
15744273,Waterhouse,637,NULL,Male,30,6,122641.56,2 units,1,0,65618.01,0
15723373,Page,643,SPAIN,Female,34,8,117451.47,1,1,₹0,65374.86,
15745355,Golibe,597,NULL,Male,41,4,153198.23,1,1,1,₹92090.36,0
15660571,Halpern,668 units,Spain,Male,43,10,113034.31,1,1,1,100423.88,0
15735632,Williamson,571,France,,41,8,0.0,1,,1,63736.17,0
15795586,McDonald,478,FRANCE,Male,₹35,1,92474.05,1,1 units,0,178626.07,₹0
₹15647091,Endrizzi,725,GERMANY,Male,19,0,75888.2,1,0,₹0,45613.75,0
15755521,Ma,660,France,Female,48,0,90044.32,2,0,1,187604.97,1
15751167,Toscano,680,France,Female,43,4,0.0,2,1,1,58761.33,0
15780128,Ogbonnaya,705,France,Male,33,3,144427.96,,1,0,113845.19,0
15572631,NULL,609,France,Male,25 units,10,0.0,1,0,1,109895.16,0 units
,Loginov,850,France,NULL,28,9,0.0,2,1,0 units,185821.41,0
15752507,K?,769,Germany,Male,60,9,148846.39,1,1,0,192831.67,₹1
15605673,Liang,₹716,Spain,FEMALE,29,8,0.0,2 units,0,0,78616.92,0 units
15659651,,531,Germany  ,Female,31,7,117052.82,1,1,0,118508.09,1
15813283,Mai,605,France,Female,34,2,0.0 units,1,0,0,35982.42,0
15614491,Lockyer,539,France,Male,39,3,139153.68,2,1,0,,0
15625035,MILLS,₹703,FRANCE  ,Male,50,8,160139.59,2,1,1,79314.1 units,0
15610156,Ma,637,France,Male,40,2,133463.1,1,₹0 units,1,,0
15678057,Lombardi,524,France,Male,44,10,118569.03,2,0,0 units,82117.2,0
15803682 units,Angelo,651,Germany,Female  ,37,10,117791.06,₹2,1,1 units,75837.58,0
15774336,Jamieson,648,Germany,Male,44,9,,2,1,1,₹91947.74,0
15728706,Amaechi,534,France  ,Female,49,7,0.0,₹1,1,0 units,13566.48,₹1
15786042,Willmore,₹706,Germany,Female,44,2,185932.18,,,0,65413.41,0
15649414,Walker,570 units,France,Female,61 units,6,142105.35,₹1,1,1,45214.04 units,0
15616676,Donnelly,632 units,Germany,Male,23,3,122478.51,1,1,0,147230.77,1
15735782,MACDONALD,528,,Male,31,,120962.59,1,1,0,5419.31,0
15608328,Sutherland,760 units,Spain,NULL,₹41,6,0.0,2,0,0,101491.23,0
15756932,Caldwell  ,696,Spain,Female,36,7,0.0,2,1,1,82298.59,0
15758482,Montalvo,626,France,Female,32,0,0.0,2,0,0,187172.54,0
15600173,Manna,595,France,NULL,33,9,0.0,2,1,₹1,₹41447.86,0
15779481,Swadling,628,France,Male,34,4,,2,1,1,126192.54,0
15631170,Clements,695,France,Male,45,3,0.0,2,1,1,,0
15611191,,505,Germany,Female,₹37,10,122453.97,2,1,1,52693.99,0
₹15804709,Watt,688,Germany,Male,35,5,111578.18,1,0,0,166165.93,1
15744041,Yobanna,780,France,NULL,26,3,140356.7,1,1,0,117144.15,0
15614220,Benson  ,750,France,Male,22,5,0.0,2,0,1,105125.65,0
15756071,NULL,₹756,France,MALE,34,1,103133.26,1,1,1,90059.04,₹0
15802560 units,Moran,470,Spain,Female,48,₹6,140576.11,1,1 units,1,116971.05,0
15592222,Lo,505,,Male,49,7,80001.23,1,0,0,135180.11,0
15736146,Afamefula,₹608,,Male,28,4,96679.71,1,1,₹1,49133.45,0
15733429,Chou,₹520,Germany,Male,34,8,120018.86,,1,1,343.38,0
15806709,Hao,609,Germany,MALE,33,₹6,94126.67,1,0,0,93718.16,0
15728005,Urban,698,France,Female,57,9,111359.55,2,,0,105715.01,₹0
15773273,Runyon,730,Spain,NULL,38,₹5,118866.36,1,1,1,163317.5,0 units
15686670,Duke,588,France,,36,2,0.0,₹2,1,0,₹92536.0,1
15624471,Chikwado,850,France,MALE,37,6,0.0,2,1,0,109291.22,0
15756150,Alexander,418,France,Female,39,2,0.0,2,0 units,₹0,9041.71,0
15660608,Chimaraoke,699,France,Male,44,8,158697.61,1,1,0,107181.22,0
15578980,Piazza,516,SPAIN,Female,33,3,0.0,2,1,1,58685.59,0 units
15719958,Degtyarev,850,NULL,Male,39,3,124548.99,2,,1 units,120380.12,0
15688619,Scott,718,SPAIN,Male,45,3,,2,1,1,193724.51,0 units
15712551,Shen,622,Germany,Female,58,7,116922.25,1,1,0,120415.61,1
,Endrizzi,496,France,Male,32 units,4,127845.83,1,1,0,66469.2,0
15753161,Dickson,768,France,Female,36,5,180169.44,2,1,0,17348.56,0
15655213,Udinese,591,Germany,Female,51,8,132508.3,1,1 units,1,161304.68,1
15583597,Ikedinachukwu,696,,Male,47,1,106758.6,1,1,1,80591.18,0
15625247,Scott,807,France,Female,34,1,0.0,1,0,0 units,114448.13,0
15743545,Nworie,,SPAIN,Female,29,2 units,0.0,2,1,0,,0
15741554,Streeter,746,Spain,Male,31,2,113836.27,1,1,1 units,174815.54 units,0 units
15643361,CULLEN,477,Germany,Male,34,8,139959.55,2,1,,189875.83,0
₹15796838,Chibugo,703,SPAIN,Male,₹58,4,92930.92,1,0,1,85148.78,0
15643496,Randolph,730,France,Female,34,5,74197.38,2,1,0,96875.52,0
15732299 units,Boniwell,756 units,France,MALE,67 units,4,0.0,3,1,1,93081.87,0
15651280,Hunter,742,GERMANY,Male,35,5,136857.0,1,0,0,84509.57,0
₹15611088,Genovese,790,France,Female,31,9,0.0,2,1,0,84126.75,0
15732020,Rutherford,610,Germany,Male,57,,₹106938.11,2,0,1,186612.47 units,0
15639278,Chinomso,₹580,GERMANY,Female,36,6,145387.32,2,1,1,169963.2,1
15605835,Rice,743,France,Male,37,8,69143.91,2,0,1,105780.18,0
15726484,Pollard,633,FRANCE,Male,37,7,141546.35,1 units,1,1,124830.11,0
15739576,Bustard,706,Spain,Male,₹20,₹8,0.0,2,1,1,12368.11,0
15804862,Toscani,505,Germany,Male,43,6,127146.68,1,0,0,137565.87,0
15569274,Pisano,678,Germany,Male,49,2,116933.11,1 units,1,0,195053.58,₹1
15708904,Yermakova  ,850,France,Female,37,9,0.0,1,0,0,100101.06,0
15569248,Milanesi,554,France,Female,43,10,0.0,2,1,₹0,,₹1
15593773,NULL,784,Spain,Male,35,3,0.0,2,0,0,81483.64,0
15761600,,713,France,Male,43,5,86394.14,1,1,1,130001.13 units,0
15716926,Macleod,807,France,Male,33,10 units,101952.97,2 units,1,,178153.65,0
15622192,Young,724,Spain,Male,39,3,0.0,2,0,1,,0
15620735,Chiganu,667 units,Germany,Female,33,4,127076.68,2,1,0,69011.66,0
15581332,Pan,655,Germany,Female,30,1,83173.98,2,₹1,1 units,184259.6,0
15801473,Moore,599,Germany,Male,33 units,2,51949.95 units,2,1,₹0,85045.92,0
15646302,Shao,705,France,Female,24,7,100169.51,1,1,0,121408.55,₹0
₹15598840,Moretti,680,France,Male,33,1,123082.08 units,1,1,0,134960.98,
15641585,Newton,850,France,Male,40,6,97339.99,1,0,1,88815.25,0
₹15802501,Onyeorulu,724,,Male,33,5,103564.83,2,1,0,121085.72,0
15689598,Dean,722,France,Male,46,,0.0,1,1,₹1,93917.68,1
15674179,Vorobyova,513,Germany,Male,34,7,60515.13,1 units,,0,124571.09,0
15801994,Buccho,775,France,Male,31,9,0.0,2,1,0,169278.51,0
15597487,Hunter,850 units,France,Female,35,5,0.0,1,1,1,,0
15727857,Flynn,635,Spain,Male,41,₹1,0.0,2,1,0,175611.5,0
15591512,Whittaker,564,Germany,Female,33,2 units,₹115761.51,1,0,1,112350.21,1
15592089,Larsen,788,France,Female,43,₹10,0.0,2,1 units,1,116111.51,0
15730469,Anenechi,663,Spain,MALE,31,4,103430.11,2,0,1,36479.27,0
15793693,Mahomed,694,France,Male,60,9,0.0 units,1,1,1,57088.97,0
15790267,Onuoha  ,625,NULL,Female,40,7,141267.67,1 units,0,₹1,177397.49,0 units
15684908,Davidson,540,Germany,Male,64,1,91869.69,₹1,₹0,1 units,95421.0,0
15675518,Charlton  ,499,Spain,Female,53,1,75225.53,2,0 units,0,144849.1,₹1
₹15778149,Connolly,538,Spain,Male,₹68,9,₹0.0,₹2,1,0,110440.5,1
15806967,Simmons,778,FRANCE,Female,65,7,0.0,1,1,1,₹77867.23,0
15707596,Chung  ,546,Germany,NULL,₹74,8,114888.74,2,1,1,66732.63,1
15574372,Hoolan,738,France,Male,35,5,161274.05,2,1,0 units,₹181429.87 units,
15799350,Mao,632,France,Male,41,0,106134.46,1 units,₹0,1,105570.39,0
15737705,Avdeyeva,775,France,FEMALE,27,4,152309.37,1 units,1,0,104112.0,0
15594577,De Luca,556,France,Male,35,10,0.0,2,1,1,192751.18,0
15726354,Smith  ,688,France,NULL,32 units,6,123157.95,1,,,172531.23,0
15623143,Lung,732,France,NULL,43,9,0.0,2,1,0,183147.17,0 units
15740527,Lai,766,Germany,Female,62,7,142724.48,1,0,1,₹5893.23 units,1
15797822,Kingsley,678,NULL,Male,28,2,109137.12,1,1,1,58814.41,0
15637411,Tochukwu,749,France  ,Male,30,1,0.0,2,0,1,126551.65 units,0
15685536,Chu,552,France,Female,34,5,0.0,2,1,1,1351.41,0
15788118,Siciliano,656,France,Male,33,7,138705.02,₹2,1,0,,₹0
15768244,Macleod,538,Spain,Female,30,8,0.0,2,1,1,41192.95,0
15737647,,775,Germany,Female,77,6,135120.56,1,1 units,0,37836.64,0
15581198,NULL,668,GERMANY,Female,39,0,122104.79,1,1,0,,1 units
15659475,Chung,597,France,Female  ,33,6 units,135703.59,,0,,74850.84,0 units
,Williams,449 units,Spain,Male,32,0,155619.36,1,1,1,₹166692.03 units,0
15586993,Giordano,655,Spain,Female,56 units,5,0.0,2,1,1,41782.7,₹0
15591135,NULL,726,France,MALE,37,₹2,132057.92,2,1 units,0,34743.98,0
15646756,Murphy,682,France,Female,33 units,8,74963.5,1,1,1,32770.56,0
15601796,Chizuoke,645,France,NULL,30,1,125739.26,1,1,1,₹193441.23,0
₹15568469,Buckley,653,France,Male,43,0,0.0,2,1,0,27862.58,0
15687153,Graham,850,GERMANY,Male,49,8,98649.55,1,1 units,0,119174.88,1
15683618,Dyer,774,France,Female,35,3,121418.62,1,,1,24400.37,0
15782569,Stout,687,France,FEMALE,72,9,0.0,1 units,0,1,69829.4,0
15644692,Bibb,546,France,Female,47,8,,1 units,1,,66408.01,1
15641595,,685,Spain,MALE,43,4,97392.18,2 units,1,0,43956.83,0
15690526,Tuan,690,Germany,Male,31,2,137260.45 units,2,1 units,0,55387.28,0 units
15789865,Nnaife,,France  ,Male,28,9,71902.52,1,₹0,1,190208.23,0
15681068,Chinagorom,796,NULL,NULL,45,2,₹109730.22,1,,1,123882.73,0
₹15640865,Romano,636,Germany,Female,31,9,80844.69,2,1,1,74641.9,0
15700710 units,Chiebuka,490,France,,37 units,,116465.53,1,0,1,24435.77,0
15789484,Hammond,751,Germany,FEMALE,36,6,169831.46,2,1,1,₹27758.36,0
15734202,Chidimma,660,,Female,52,4,86891.84,1 units,1,0,90877.76,0
15747503,Hayward,705,Spain,Male,44,0,184552.12,1,1,0,68860.3,1
15794137,Nevzorova,751,Germany,Female,37,0,,1,1,1,109309.29,0
₹15785485,Zhou,595,Germany,Female,41 units,2,138878.81,,0,1,112269.67,0 units
15625675,Clements,569,France,Male,36,1,67087.69,1,1,0,154775.7,0
15601274,Hsieh,667,Spain,Female  ,40,1,,1,1,0,19162.89,₹0
15707567,Esposito,732,Germany,Male,50,6,145338.76,1,0,0 units,91936.1,1
15790442,Wright,631,NULL,Male,33,2,0.0,2 units,1,1,158268.84,0
15701354,BONI,₹699,France,Female,39 units,1,0.0,2,0,0,93826.63,0
15791535,Caraway,592,France,Male,28,5,137222.77,1,0,0,39608.58,0
15616330,NULL,₹595,France,Male,31,4 units,0.0,2,1,0,,0
15627027,Shih,738,FRANCE,Male,39,5,0.0,2,1,1,114388.98,0
15732102,Darling,656,Germany,Female,27,₹3,150905.03,₹2,1,0 units,16998.72,0
15628144,Soares,635,France,Female,72,4 units,74812.84,1,0,,27448.33,0 units
15605826,Korovina,652,Germany,Male,46 units,10,121063.8,3,₹1,0 units,₹151481.86 units,1
15672875 units,Piccio,584,Germany,Male,32,8,40172.91,1,1,₹1,137439.34,0
15802381,Li  ,461,Germany,Female  ,34,5,63663.93,1,,₹1,167784.28,0
15800440,Power,650,SPAIN,Male,61,1,152968.73,1,0,1,82970.69,₹0
15566891,NULL,₹584,Germany,Female,41,3,88594.93,1,,0,178997.89,0
₹15710316,Fang,454 units,Spain,Female,48,5,144837.79,1,1,1,,0
15711901,Iheatu  ,500,France,Male,45,2,109162.82,1,1,1,126145.08,0
15618816,Yu,670,Germany,Female,40,2,,1,0,1,69850.04,0
15692599 units,Chiemela,₹687,France,Male,34,5,128270.56,1,1 units,0,191092.62,0
15572360,Clark,683,France,Male,30,10,57657.49,1,0,0,79240.9,0
15678412 units,NULL,645,FRANCE,Female,45,8,₹85325.93,1,0,0,₹22558.74,0 units
15780561,Hay,622,NULL,Female,39,9,83456.79,2,0,0,38882.34,0
,Tien,714,France,Female,31,4,125169.26,1,1 units,1,106636.89,0
15570912,Ogbonnaya,728 units,Germany,Female,32,9,127772.1,2,1,,152643.48,0
15647800,Greco,850,France,Female,34,6,101266.51,1,1,0,33501.98,0
15669342,Ferri,731,Germany,Male,35,2,127862.93,₹2,1,0,139083.7,0
15656121,Medvedeva,733 units,Germany,Male,31,6,157791.07,2,0,0,177994.81,0
15732293 units,Chia,759,Spain  ,MALE,31,8,0.0,2,1,1,99086.74,0
15568025 units,Hsueh,758,France,Male,51,8,81710.46,1,1 units,1,₹116520.07,0
15666982,Spears,629,Germany,Female,38,9,123948.85 units,1,1 units,0,76053.07,0
15683977,Owens,687,Spain,Female,72,4,0.0,2,1,1,50267.69,0
15690492,Palermo,625,,MALE,41,6,97663.16,2,1,0,57128.78,0
,DONALDSON,534,France,NULL,53,7,0.0,2,₹1 units,1,80619.17,0
15723620,Lu,617,France,Male,41,7,0.0,2,0,1 units,14496.67,0
15641366,Y?an  ,599,,MALE,61,1,124737.96,1 units,0,1,90389.61,1 units
15736656,H?,723,France,Female,,4,0.0,2,0,1,89972.25,0
15640855 units,T'ien,,Germany,Male,40,5,,2,1,,₹103396.08,0
15788659,Howells,695,France,Male,₹46,4,0.0,2,1,1,137537.22,0
15723216,Greco,623,Germany,Male,33,2,80002.33,1,₹1,,104079.62,0
15593959,Travis,524,France,Male,₹28,1,93577.3,1,1,1 units,51670.82,0
15790497,Ross,₹503,Spain,Male,37,6,0.0,2,0,0,136506.86,0
15789582 units,Macleod,587,France,MALE,55,9,0.0,1,,₹0,64593.07,0
15802617,Hudson,697,Germany,Male,43,7,115371.94,2,1,0,64139.1 units,0
₹15754578,Okeke,606,France,Female,35,0,135984.15,2,1,0,186778.89,0
15631838,Findlay,606,France,MALE,61,5,108166.09,2,0,1,8643.21,0
15806486,Cunningham,705,France,Female,48 units,0,0.0,2,0,0,149772.61,0
15622985,Lin,679 units,France,Female,39 units,4,0.0,1,0,0,172939.3,1
15743149,Findlay  ,711,France,Female,35,8,0.0,1,1,1,67508.01,0
15815645,Akhtar,₹481,NULL,Male,37,8,152303.66,2,1,1,175082.2,0
15794939,Chiu,783,France,Female,72,5,121215.9,2,1,1,,0
15726250,Hsia,508,France,Female,38,3,166328.65,2,,1,₹22614.19,0
₹15585768,CAMERON,582,Germany,Male,41,6,70349.48,2,0,1,178074.04,0
15670755,Shaw,650,France,Male,60,8,0.0,2,,1,₹102925.76,0
15722765,Owen,580,Spain,Female,57,0,136820.99,1,0,1,108528.74,0
15589488,Ch'eng,686,Germany,Female,56,5,111642.08,1,1,1,80553.87,0
15636812,Rose,583,France,Male,40,9,112701.04 units,,0,0,,0
15791988,,670,France,NULL,68,4,0.0,2,1,,11426.7,0
15698474,,601,Germany,Female,54,1 units,131039.97,2,1,1,199661.5,0
15637476 units,Alexandrova,683,NULL,Female,57,5,162448.69,1,0,,9221.78,1
15666916,Lira,639,France  ,MALE,43,₹6,99610.92,2,1,0,187296.78,0
,Barrera,686,,Female,41,4,129553.76,2 units,1,0,187599.8,0 units
15599131 units,Dilke,650,Germany,Male,26,4,214346.96,2,1,0,128815.33 units,0
15776404,Williamson,523,France,Male,22,8,123374.46,1,1,₹1,124906.59,0
15812482,Young,575 units,France,MALE,27,3,139301.68,1,1,0,99843.98,0
15799925,Uwakwe,800,FRANCE,Male,60,6,88541.57,2,1,1,131718.12,0
15749964,Jones,610,France,Female,27,4,87262.4,2,1,0,182720.07,0
15635964,Eve,566,Germany,NULL,65,4,120100.41,1,1,0,107563.16,1
15753639,Gibson,608,France,Male,37,5,146093.39,,0,0,₹160593.41,0
15642912,Tu,618,France,Female,21,2,₹125682.79,1 units,0,0,57762.0,0
15732791,Davide,₹641,Germany,Male,32,5,122947.92,1,1,1,99154.86,0
15711991,Chiawuotu,615,France,Male,30,8,₹0.0 units,2,0,0,3183.15,0
₹15592716,Clarke,559,France,Male,₹52,2,,1,1,0,129013.59,1
15717700,McIntyre,683,,Male,34,9,114609.55,2,0,1,25339.29,0
15682322,Aksenov,714,France,Male,37,9,148466.93,2,,1,151280.96,0
15668057,K?,669,France,Female,31,6,113000.66,1,1,0,40467.82,0
15774358,Robertson,443,Germany,Male,59,4,110939.3,1,1,0,72846.58,1
15632669 units,Rees,722,Spain,Female,32,4,0.0,2,1,,113666.48,0
₹15815125,Michael,668,Spain,Male,45,4,102486.21,2,₹1,1,158379.25,0
₹15669410,Yevdokimova,683,,Male,30,8,110829.52,2,0,0,₹24938.84,0 units
₹15733261,Kung,688,Spain,Female,35,6,0.0,1,1,0,25488.43 units,1 units
15669501,Kuo,706,France,Male,35,5,0.0,2,,1 units,81718.37,0
15807900,Chineze,575,France,,36,7,0.0,1,1,1,55868.97 units,1
15793491 units,Cherkasova,714,Germany,Male,26,3,119545.48,2,1,0,65482.94,0
15755638,Mancini,₹673 units,France,Female,43,5,168069.73,1,1,₹1,146992.24,1
15798943,ALEXANDER,646,France,Female,46,8,0.0,2,1,0,133059.15,₹0
15779497 units,Ts'ai,603,France,Male,43,5,127823.93,1,1,1,19483.35,0
15673342,K'ung,703,France,MALE,36,2,0.0,2,1,0,108790.95,0
15658240,NULL,554,France,Female,44,9,135814.7,2,0,0,115091.38,0
15804950,Onyemauchechukwu,514,France,Female,41,7,0.0,2,1,1,3756.65,0
15604146,KAODILINAKACHUKWU,608,Germany,Female,38,8,103653.51,2,1,1 units,137079.86,0
15695356,Chinwemma,722,France,Male,46,5,0.0,2,1,0 units,179908.71,0
15592914,FANG,683,France,Female,29,9,₹0.0,2,1,₹1,48849.89,0
15763108,Davis,600,Germany,Male,53 units,7 units,106261.63 units,1,1 units,0,93629.66,1 units
15810444,Aksenov,562,Germany,Female,39,₹6,130565.02,1 units,1,0,9854.72,1
15582090,Iroawuchi,684,Spain,Female  ,36,4,0.0,1 units,1,0,117038.96,0
15576945,Clements,582,France,Male,29,0,0.0,1,1,0,142516.35,0
15765487 units,KUO,753,Germany,Female,38,9,151766.71,1,1,1,180829.99,0
15714832,Baker,,Germany,Male,36,9,150956.71,1,,0,72350.17,0
15797293,Sopuluchukwu,677,France,Female,25,3,0.0,2,1,0,179608.96,0
₹15746664,Ts'ui,463,Spain,Male,20,8,204223.03,1,1,0,128268.39 units,₹0
₹15614936,Mancini,718,NULL,Female,49,10,82321.88,1 units,0,1,11144.4,0
15740104,Tuan  ,425,,Female,22,7,169649.73 units,2,0,1 units,136365.0,1
₹15668248,Quinn,528,Germany,Female,62,7 units,133201.17,1,0,0,168507.68,1
15575955,Lujan,764,NULL,Female,24,0,₹0.0,2,₹1,0,88724.49,0
15686219,NULL,611,France,Male,38 units,4,71018.6,2,1,0,2444.29,0
15573284,Olisanugo,579,NULL,Female,45,2,0.0,2,0,0,11514.39 units,
15807194,Iweobiegbulam,718,Spain,Male,34,5,,2,1,₹0,30772.22,0
15698749,He,626,Germany,Female,,6,85897.95,1 units,1,0,109742.8,0
15565996,Arnold,653,,Male,44,8,0.0,2,1,1,154639.72,0
15609823,Chieloka,751,Spain,Female,34,8 units,127095.14,2,0,0,479.54,0
15661433,Zetticci,519,France,Male,34,5,0.0,1,1 units,0,68479.6,0
15598331,MORGAN,764,France,Female,40,9,100480.53,1,1,0,124095.69,0
,Pinto,582,France,Female,32,4,0.0,2,1,,59668.81 units,0
15777826,Wofford  ,643,France,Male  ,30,5 units,94443.77,1,1,1,165614.4,0
15689096,Beneventi,590,France,Male,47,0,117879.32,1,1,1,8214.46,0
15602851,Ozioma  ,629,France,Male,40,9,0.0,1,1,0,106.67,0
15779267,ONYEMERE,584,FRANCE,Male,₹47,5 units,0.0,2,1,0,89286.29,0
₹15734312,Kang,577,Spain  ,Male,43,6,0.0,₹2,1,1,149457.81,0
₹15722599,Nelson,751,France,Female,37,9,183613.66,₹2,0,0,49734.94,0
15727361,CHIEMELA,547,France,Female,51,1,0.0,2,1,1,56908.41,0 units
15625524,Rowe,512,France,Male,40,5,0.0,2,1,1,146457.83,0
15766869,Uspenskaya,634,NULL,Male,37,1,89696.84,2,1 units,1 units,193179.88,0
15687946,Osborne,556,France,Female,61,2,117419.35,1,1,1,94153.83,0
15694039,Jen,650,Germany,Female,46 units,9,149003.76,2,1,0,176902.83,
15706232,Niu,595,France,Male,52,9,0.0,1,1,1,106340.66,1
15760865,Fan,754,Germany,Female,48,7,141819.02,,1,0,93550.53,1
15716155,NULL,841,FRANCE,Female  ,36,5,156021.31,1,0,0,122662.98,0
15624428,Longo,651,Germany,Female,24,,40224.7,1,1,1,,0
15777896 units,Chukwudi,₹850 units,Germany,Female,33,2,83415.04,1,0,1 units,74917.64,0
15773934,Fang,670,France,Male,33,6,88294.6,1,1,0,₹66979.06,0 units
15586674,Shaw,663,Spain,Female,58,5,216109.88,1,0,1,74176.71,1
15665327,CATTANEO,706,France  ,Male,18,2,176139.5,2 units,1,0,129654.22,0
15603883,Ch'in,818,France,,36,4,₹0.0,2,,1,8037.03 units,0
₹15667751,Herrera,487,NULL,Female,36 units,1,140137.15,1,₹1,0 units,194073.33,0
15740160,Okwukwe,616,France,Male,31,1,0.0,2,1,1,54706.75,0
15592877,Wright,641,Spain,Male,₹42,9,132657.55,1,1,0,35367.19,0
15804201,Jones,457,Germany,Male,42,4,126772.57,,0,1,126106.4,0
15607269,Costa,492,Germany,Female,49 units,2,151249.45,2,1,1,167237.94,0
15798310,PALERMA,480,France,Male,35,2,165692.91 units,1,1,1,197984.58,0
15769412,Atkinson,684,Spain,Male,39,4,207034.96,2,0,0,157694.76,1
15768006,WU,729,France,Male  ,34,3,152303.8,1,1,0,₹12128.69,0
15782530,Bruce,681,Spain,Male,30,2,₹111093.01,1,1,0,68985.99,0
15701265,Tretiakov,559,Germany,FEMALE,36,1,104356.94,,0,1,54184.06,0
15636736,McLachlan,₹611,France,Female,53,7,0.0,2,0,1,₹156495.39 units,1
15662337 units,Baldwin,744,Germany,Female,50,1,121498.11,2,0,₹1,106061.47,1
15750121,TUNG,639,France,Male,38,,0.0,1,1,0,42862.82,0
15796612,Ch'ang,527,NULL,Female  ,31,1,112203.25,1,₹1,0,182266.01,0
15731890 units,Chukwukere,601,France,Male,₹41,1,123971.16,1,0,1,172814.99,0
15640161,Calabrese,618,Germany,Male,44,5,157955.83,2 units,0,0,139297.71,0
15807837,Mazzanti,640,France,Female,30,₹6,107499.7,1,1,1,187632.22,0
15641655,Black,700 units,France,Female,26,2,0.0 units,2,0,0,50051.42,0
15659807,Nwachinemelu,657,Spain,MALE,41,8,109402.13,1,1,1,66463.62,0 units
15681126,Baker,702,Spain  ,Female  ,38,2,0.0,1,1,1,161888.63,0 units
15709917,Ni,601,France,Female,46,3,98202.76,1,0,0,137763.93,0 units
15651674,NULL,438,SPAIN,Female,₹54,₹2,0.0,1 units,,0,191763.07 units,1
15642515,Arcuri,620,France,Female,42,1,0.0,2,0 units,1,65565.92,0
15792305,Mountgarrett,762 units,Germany,Male,46,₹6,123571.77,3,0,1,₹57014.17,1
15643024 units,Huang,,Germany,Male,35,4,138718.92,1,1,1,47251.79,1
15648225,SHEPHARD,652,Spain,Female,38 units,1,103895.31,1,0 units,1,159649.44,0
15566111,Estes,596 units,France  ,Male,,9,0.0,1,1,0,48963.59,0
15596303,White,688,France,Female,39,0,0.0,2,1,0 units,53222.15,
₹15772995,Ts'ao,529,France,Male,30,2,116295.29,1,1,0,75285.47,0
15677921,Bobrov,720,Germany,Male,60,9,115920.62,2,0 units,0,157552.08,1
15656426,Tyler,713,France,Female,42,₹3,0.0,2,0,0,82565.01,0 units
₹15591822,Mackenzie,593,Spain,Male,26,9,76226.9,₹1,1,0,167564.82,0
₹15718369,KAODILINAKACHUKWU,795,Germany,Female,33,9,130862.43,1,1 units,,114935.21,0
15649523,Kennedy,581,France,Male,38,1,0.0,2,1,0,46176.22,0
15684484,White,543,France,Male  ,22,8,0.0 units,2 units,0,0 units,127587.22,0
15625501 units,Wall,570 units,Germany,Male,38 units,₹1 units,127201.58,1,1,0,147168.28,1
15589435,Davide,₹784,France,Male,31,7,0.0,2,1,1,143204.41,0
15648067,,583,France  ,Male,39,1,129299.28,2,1,0,73107.6,0
15740557,Fedorova  ,753,France,Female,43,5,0.0,2,1,0,109881.71,0 units
15771966,AKOBUNDU,557,France,Male,39,8,146200.01,1 units,1,₹0,177944.64,0
₹15796569,Donaldson,831,Spain,Female,44,10,0.0,1,0,1,47729.33,0
15760749,Vinogradov,509,Spain,Male,41,7,126683.8 units,1,0,1,114775.53,0
15705657,Hewitt,535 units,France,Female,44,2,114427.86,1,1,1,136330.26,0
15644174,MARCHESI,638,Germany  ,Male  ,27,4,135096.05,1,1,1,₹186523.72,1
15784209,TANG,497,France,Male,47,6,0.0,1 units,1 units,1 units,90055.08,0
15689322,Bevan  ,641,Spain,MALE,31,3,153316.14,,1,0,59927.99,0
15702061,Findlay,654,France,Male,29,7,0.0,₹2,1,1 units,149184.15,0
₹15662626,Feng,666,France  ,FEMALE,40,2,0.0 units,2,0,0,36371.27,0
15607577 units,Roberts,663,,Male,,₹8 units,0.0,1,1,1,188007.99,0
15720050,,727,France,Female,28,2,110997.76,1,1,0,101433.76,₹0
15765532,Horton,612,Germany,Male,76,₹6,96166.88,1,1,1,191393.26,0
15579212,Chuang,638,France,Male,57,6,0.0,1,1,₹0,33676.48,1
15802823,Maclean,745,Spain,Female,38,7,0.0,2,₹1,1,194230.82,0
15595447,Tuan,613,Spain,,39,8,118201.41,1,,0,23315.59,0
15766183,Ferguson,580,Germany,Male,76,2,₹130334.84,2,1,1 units,51672.08,0
15578788,Bibi,786,Spain,Male,40,6,0.0,2,0,0,41248.8,0
15697000,Mello,728,Germany,Male,32,5,61825.5,1,1 units,1,156124.93 units,₹0
15724924 units,Giordano,589,France,,37,6 units,138497.84,1,0,1,,0
15654300,Mao,530,Germany,Male,,9 units,75242.28,1 units,0 units,1,101694.67,
15776223,Davide,597,France,Female,42,4,64740.12,1,1 units,1,106841.12,0
15699839,Hall,637,France,Male,36,2,152606.82,1,1,1,71692.8,0
15814267,Zhdanova,550,France,Male,22,6,154377.3,1,1,1,51721.52,₹0
15689514,Kang,625 units,France,Male,43,₹8,201696.07,1,1,0,133020.9,1
15804814,Ts'ui,759,France,Male,40,4,0.0,2,1,0,124615.59,0
15695465,Gibson,638,France,Female,36,6,0.0,1,1,0,164247.51 units,
15742285,Andersen,559,France,Male,62,6,118756.62,1,1,1,20367.68,
15777315,Hill,529,France,Male,43,6,93616.35,2,0,0,98348.66,0
15765982,Chin,735,France,Male,41,7,74135.85,1,1,1,11783.1,1
15617206,Trentino,431,Germany,,42,8,120822.86,2,1,0,126153.24,0
15756901,Ch'ang,641 units,France,Female,26,4 units,91547.84,2,0,1,28157.34,0
15623082,Ch'ang,507,France  ,Female,35,2,0.0,2,1,0,97633.93,0
15668679 units,Ozerova,630,France,Male,31 units,0 units,0.0,2,1,1,34475.14,0
15584037,Denisov,₹727,Germany,Male,58,5,106913.43,1,1,0,25881.0,1
15678720,Evans,741,France,Female,₹44,7,0.0,2,1,1,190534.76,0
15733476,Gonzalez,543,Germany,Male,30,6,73481.05,1,1,1,176692.65,0
15578297,Ebelegbulam,737,Germany,Female,43,1,125537.38,1 units,1,₹0,138510.01,1
15571778,Trentini,817,France,FEMALE,55,10,117561.49,1,1,0,95941.55,1
15715673,Niu,651,Spain  ,Female,46,4 units,89743.05,1,1,0,156425.57,1
15815131,Howells,617,SPAIN,Female,36,7,115617.24,1,1,1,71519.4,0
15571121,Kodilinyechukwu,670,,Female,50,8,138340.06,₹1 units,0,1,3159.15,0
15628863,CALABRESI,601,France,Male,38,,60013.81,1,1,1,38020.05,0
15635116,Burgos,659,Spain,MALE,60,2,0.0,1,1,0,177480.45 units,1
15631436,Gleeson,564,France,Male,35,4,0.0,1,1,0,158937.55,0
15624397,Moore,627,France,Male,43,8,71240.3,1,0,1,127734.16 units,0
15640442,Standish,717 units,NULL,Male,31,₹4,129722.57,1,0,0,41176.6,0
15731586,LAI,785,Spain,Female,31,2,121691.54,2 units,0,0,81778.72 units,0
15726490,Kirby  ,782,Spain,Male,52,4,0.0,1,1,1,52759.82,1 units
15714227,,672,France,Female,53,7,0.0,1,1,1,136910.18,0
15738936,,₹760 units,Germany,Male,29,5,103607.24,2,0,1 units,86334.64,0
15645184,Graham,,FRANCE,Male,,2,0.0,2,₹1,0,176943.59,0
15565878 units,Bates,631,Spain,Male,29,3,0.0,2,1,1,197963.46,0
15602282,NULL,587,Germany,Female,45,8,₹134980.74,₹1,1,1,123309.57,1
15790599,Yin,756,Germany,Female,39,5,149363.12,,1,1,₹109098.39,0
15583499,Chiagoziem,,France,Male,32,9,103324.78,1,1 units,1,46127.7,0
15680430,AJULUCHUKWU,601,GERMANY,Female,49,4,96252.98,2,1,0,104263.82,0
₹15785367,MCGUFFOG,651,FRANCE,Female,56,4,0.0,1,0,0,84383.22,1
15566689,Chimaoke,554,Spain,NULL,66,8,0.0,2,1,1,116747.62,0 units
₹15595391,Norris,,FRANCE,Male,31,1,0.0 units,2,1,0,1375.46,0
15712068,WAN,592,Spain,Male,₹45 units,8,84692.5,1 units,0,1,67214.02,0
15767794,BROWNE,,France,Male,31,9,120718.28,1,1,1,58961.49,0
₹15677305,Hsieh,490 units,France,Female,35,₹7,107749.03,1 units,1,1,3937.37,0
15780142,Wang,632,France,Male,43,2,100013.51,1,1,0,24275.32,0
15589449,Frye,815,France,Female,56,3,0.0,3,1,₹1,94248.16,1
,Pirogov,,Germany,FEMALE,59,7,111396.97,1,0 units,1,191070.01,0
15667392,L?,652,Spain,Female,38,6,123081.84,2,1,1,188657.97,0
15626806,Labrador,668,France,Female,32,2,0.0,2,1,1,40652.33,0
15706463,Yang,597,France,Female,36,9,0.0,2,1,1 units,,
15607040,P'an,593,Spain,Female,38,₹4,88736.44,2,1,0,67020.03 units,0
15720203,Arcuri,577,Spain,MALE,28,7,0.0 units,1,,0 units,143274.41,0
15680405,P'eng,685,France,Male  ,40,2,168001.34,2,1,1,167400.29,₹0
15614137,MacDonald  ,685,France,Female,40,,0.0 units,2,1,0,103898.59,0
15674750,Alexeyeva,481,Spain,Female  ,37,₹8,0.0 units,2,1,0,44215.86,0
15596181,Kwemto,542,France,Male,38,8,65942.26,1,1,1,68093.23,1
15681878,Fan,436,Germany,Male,45,3,104339.11,2,1,1,183540.22,1
15795124,Pan  ,,Germany,Male,50,9,94504.35,1,0,1,5078.9,0
15624186,McGregor  ,813,Germany,Female,25,5,123616.43,1,0,1,132959.33,0 units
15588933,Nwankwo,825,France,Female,36,3,146053.66,₹1,1,1,138344.7,0
15648064,Kennedy,649,FRANCE,Male,33,2,0.0,2,1 units,0,2010.98,0
15812767,Harvey,731,Spain,Male,70,3,0.0,2,1,1,141180.66,0
15713843,Kao,850,NULL,Male,30,₹2,0.0,2,0,1,₹27937.12,0
₹15570908,NULL,687,NULL,Female,29,7 units,93617.07,₹1,0,1,113050.92,0
15624528,L?,664,Germany,Male,26,7,₹116244.14,2,1,,95145.14,₹0
₹15665340,Trevisano,584,Spain,Female,37,8,,2,0,1,100835.19,0
15759751,Tsui  ,₹483,France,Male,48,1,0.0,2 units,₹1,1,110059.38,0
15774872,Joslin,663,France,Male,36,10,0.0,2,₹1,0,136349.55,0
15675854,DOUGLAS,573,NULL,Male,50,0,159304.07,1,0,1,155915.24,1
15572073,Yao,663,Spain,NULL,35,5,0.0,2,1,1,62634.94,0 units
15656351,Laidley,414,Spain,Male,60,3,₹0.0,,1,1,93844.82,₹0
15782468,Hart,₹850,Spain,Male,51,3,109799.55,2,1 units,1,12457.76,1
15565806,Toosey  ,532 units,France,Male,38,9,0.0,2,0,0,30583.95,0
,Ball,704,NULL,Male,27,5,147004.34 units,1,1 units,0,64381.33,1
15799300,Kao,510,Germany,Male,31,0,113688.63,1,₹1,0,33099.41,1
15747772,Cunningham,,Germany,Male,,9,58571.18,₹2,1,0,40774.01,0
15631927,Thomas,574,SPAIN,Female,28,₹7 units,0.0,2,0,0,185660.3,0
15699195,Shen,709,France,Female,24,3,110949.41,1,1,1 units,168515.61,0
15770525,T'an,,Spain,Male,28,1,141038.57,2,0,0,16287.38,0
15657386,Fiorentini,712,Germany,Male,43,1,141749.74,2,0,1,90905.26,0
15611223 units,Ko,752,Germany,Female,38,10,101648.5,2,1,0,172001.44 units,0
15606755,Moretti,597,Spain,Female,46,4,0.0,2,1,0,58667.16,1
15646490,Duffy,537,SPAIN,Male  ,42,1,₹190569.23,1,0,1,127154.8,0
15771086,,512,France,Female,36,3,84327.77,2,1,0 units,17675.36,0
15814553,Ball,559,France,Female,,5,,2,1,1,66879.27,0
15568876 units,Hughes,496,NULL,,34,1,102723.35 units,₹2,1,0,180844.81,0
15762799,Alexander,720,Germany,Male,23,0,₹187861.18,2 units,,,104120.17,0 units
15570004,Tsou,850,NULL,Male,31,3,0.0,2 units,₹1,0,121866.87,0
15623630,Foster,634,Germany,FEMALE,56,₹3 units,116251.24,1,0,1,42429.88,1 units
15631693,Hill,697,France,Male  ,36,7,0.0,2,1 units,1,74760.32,0 units
15815420,McDaniels,808,,Male,47,8,139196.0,1,0,1,₹74028.36,0
15647306,Gibbs,777,France,Female,29,9,131240.61 units,1,1,1,163746.09,1
₹15599440,McGregor,748,France,Female,34,8,0.0,2,1,0,53584.03,0
₹15657214,Hsia,601 units,France  ,Male,₹74,2,0.0,2,0,1,51554.58,0 units
15675626,Dawson,726,France,Male,28,2,0.0,,0,0,98060.51,0
15790678,Davidson,,France,Female,32,8,,1,1,0,100816.29,0
15672894,McCawley,625,NULL,NULL,36,8,129944.39,2,0,0,198914.8,0
15700714,NULL,747,France,Male,29,7,,2,,1,141706.43,0
15730353,OLISAEMEKA,550 units,Germany,Male,29,9,145294.08,2,1,0,147484.13,0
15765287,Grant  ,850,France,Female,38,2,0.0,2,1,0,9015.07,0
15757473,Chukwujamuike,766,,Female,27,7 units,158786.67,2,,1,47579.25,0
15797190,Charlton  ,608 units,Germany,Female,₹40,7,96202.32,1,0,0,161154.85,0 units
15809800,Korovina,726,France,Female,38,4,,2,0,0,6787.48,0
15677387,Folliero,749 units,Germany  ,Female,33,,76692.22,1,0,1,30396.43,₹0
15763415,Gray,567,NULL,Male,41,0,134378.89,1,1,1,105746.94,0
15638355,Woods,658,France,Female,35,5,126397.66,1,₹0,0,156361.58,1
15569209,Amaechi,464,Spain,Female,34,5,,1,1,1,158668.87,0
15628170,Brown,565,Germany,FEMALE,32,9,68067.24,1,1,0,143287.58,0
15629299,Yang,546,Germany,Female,52,1,106074.89,1,1,1,23548.45,1
₹15784320,Lenhardt,632,France,Female,44,3,133793.89,1 units,1,1,34607.14,1
15582849,McIntosh,757,France,Female,51,1,0.0,1,1,,22835.13,1
15714466 units,Baxter,846,France,Female,41,5,0.0,3,1,0,3440.47,1
15804038 units,Quinn,740,FRANCE,Male,44,9,0.0,1,0,1,96528.0,1
15762418,Gant,750,Spain,Male,22 units,3,121681.82 units,1,1,0,128643.35,1
15772996,Rooke,594,Germany  ,Male,40,0,,2,1,1 units,83508.93,0
15801072 units,Hurst,654,France,Female,28,7,0.0,2,1,0,151316.37,0
₹15785339,H?  ,640,France,Female,50 units,9,117565.03,2,0,0,82559.77,0
15672237,Oluchi,633,FRANCE,Male,25,1,0.0,1,1 units,0,₹100598.98,0
15693337,Perry,683,NULL,Male  ,41,,148863.17,1,1,1,163911.32,0
15645496,Seleznyova,648,France,Female,43,7,139972.18,1,1,₹0,143668.58,0
15662243,Taylor,559,France,Male,50,5,,1,0,0,150548.5,1
15786433,Aitken,650,Germany,Female,35,3,165982.43,2,1,1,24482.16,0
₹15747558,BRYANT,,Spain,Female,38,10,0.0,2,1,0,189727.12,
15626474,Onyemere,686,France,Female,31,1,0.0,2,1 units,0,4802.25,0
15631681,Jibunoh,807,Spain,Female,43,0,,2,0,1,,0
,Christie,604,France,Female,32,7,127849.38,1,1,0,15798.7,0
15699753,Zakharov,590,France,Male,41,1,89086.31,1,1,0,24499.97,₹0
15766172 units,Tsao,541 units,France,Male,34,3,128743.55 units,1,₹1,0,134851.12,0
15807163,Ku,537,France,Female,38,10,0.0,1,0,0,52337.97,1
,Swanson,578 units,Germany,Female,31,5,102088.68,4,0 units,0,187866.21,1 units
,Cheng,568,France,Female,44,₹7,0.0,2,0,0,62370.67,₹1
15671987,Meagher,567,Spain,MALE,35,8,153137.74,1,1,0,88659.07,0
15773520,Begg,672,France,Female,43,4,92599.55,2 units,1,1,167336.78,0
15612670,Berry,631,Spain,Female,₹46,10,0.0,2,1,1,129508.96,0
15737795,NULL,512,Spain,MALE,36,1,0.0,1,0,1,,1
15790299,Williamson,592,Spain,NULL,37,9,0.0,3,1 units,1,10656.89,0
15680611,Rose,663,France,Male,67,9,0.0,3,₹1,1,72318.77,
15665053,NIXON,636,Spain  ,Male,52,4,111284.53,1,0,1,32936.44,1
15685019,Graham,528,France,Male  ,29,₹3,102787.42,1,1,0,55972.56,0
15713532,Wang,646,Germany,Female,29,4,105957.44,1,1,0,₹15470.91,0
15737571,Matveyev,540,Spain  ,Female,28 units,6,84121.04 units,1,0,1 units,80698.54,0
15604536,NULL,850,Germany,FEMALE,31,4,164672.66,1,,1,61936.1,0
15807340,O'Donnell,₹525,Germany,Male,33,4,131023.76,₹2,0,0,55072.93,0
15622658 units,Lai,551,France,Female,26 units,₹2,144258.52,1,1,0,49778.79,0
15749519,Lin,822,FRANCE,Male,38,6,128289.7,3,1,0,9149.96,1
15626628,Tretiakova,631,Spain,Female,31 units,2,88161.85,2,1,,127630.88,0
15629002,HAMILTON,747,Germany,Male,36,8,₹102603.3,2,1,1,180693.61,0
15601008,Stevenson,802,France,Male,33,8,0.0,2,1,0,143706.18,0
15611105,Castella,799,Spain,Male,35,7,₹0.0,2,0,,140780.8,0
15729224,NULL,710,France,Female,₹37,5,0.0,₹2,1,0,115403.31,₹0
15582129,Hsia,517,FRANCE,Male,62,1,43772.66 units,₹3,1,0,187756.24,1
15575858,Bergamaschi,763,France,Male,40,3,0.0,2,1 units,0,134281.11,0
15684181,Hackett,643,France,Male,45,5,0.0,1,1,0,₹142513.5,1
15605286,Moyes,565,France,Male,55 units,4,118803.35,2,1,₹1,128124.7,1
15762543,Goliwe,711,France,Female  ,32,1,0.0,2,1,0,126188.42,0
15614818,Trevisani  ,764,Spain,Female,33,₹9,168964.77,1,0,₹1,118982.51,0
15623927,Alexander,576,France,Male  ,₹55,9,0.0,2,1,1,94450.97 units,0
15774586,,₹692,GERMANY,Female,43 units,10,118588.83,1,1,1,161241.65 units,1
15607178,WELCH,850,Germany,Male,38,3,54901.01,1,1,1,,0
,Uchenna,685,SPAIN,Male,43,9,0.0,2,1,0,107811.28,0
₹15644753 units,Hung,848,Spain,Male,40,3,110929.96,1,₹1,₹1,30876.84,0
15658364,Laney,807,Germany,FEMALE,40,1,134590.21,,1,1,46253.65,0
15775892,Caldwell,748,Spain,Female,23,8 units,85600.08,1,0,₹0,134077.71,0
15612187,Morin  ,,,Male,32,8,155726.85,1,1,0,67789.99,0
15779174,,451 units,,Female,36,2,0.0,2,1,1 units,180142.42,0
15585280,Kinney,649,France,Female,36,2,0.0,2,0,1,75035.48,0
15587562,Hawkins,484,France,Female,29,4,130114.39,1,1,0,164017.89,0
15707602,MACLEOD,539,France,Female,47,2,127286.04,2,1,1,166929.43,1
15737267,Marcelo,676,France,Female,49 units,1,0.0,1,1,0,79342.31,1 units
15725767,Milani,701,France,Male,23,3,0.0,₹2,1,0,38960.59,0
15577913,Oliver,651,NULL,Female,32,8,144581.96,1,1 units,1,87609.5,0
15675431,Chidimma,563,France,Female  ,34,6,0.0,2,0,0,36536.93,0
15589257,Grant,670,France,FEMALE,35,3,103465.02,2,1,1,174627.06,0
15802857,Robson,659,Spain,Female,33,8,115409.6,1,0,1 units,1539.21,0
15779915,O'Loghlin,694,Spain,NULL,31,5,0.0,1,1,0,35593.18,0
15747174,Hao,,Germany,Male  ,58,9,190298.89,2,1,1,₹191263.76,0
15773751,Y?,597 units,,FEMALE,29,1,132144.35,1,1,0,158086.33,0
15686236,Trevisani,525,Germany,Female,47,1,118087.68,1,1,0,88120.78,1 units
15804937,Cambage,702,France,MALE,50,3,0.0,2,0,0,₹94949.84,0
15765266,Fleming,615 units,France,Male,32,1,0.0 units,2,0,0,2139.25,0
,Barclay,428,Germany,Female,40,3,129248.11,2,1,0,72876.43,1
15700549,Alvares,721,,Male,54,5,0.0,2,1,1,4493.12,0
,Shao,681,NULL,NULL,38,3,0.0,2,1,1,112491.96,0
,Pavlova,594,Spain,Female,38 units,7 units,96858.35,1,₹1,0,77511.45,0
15700540,Barrera,557,Germany,Female,38,,129893.56,1,0,0,,0
15780038,Paterson,756,,MALE,38,6,119208.85,1,1,0,169763.89,1
15588670,Despeissis,705,Spain,Female,40,5,203715.15,1,1,0,179978.68,1
15725698,Panicucci,₹520,SPAIN,Female,₹35,4,115680.81,1,1,1,90280.7,0
15620758,MARTEL,660,Spain,Male,30,4,0.0,2,1,0,129149.06,0
15685320,Johnstone,767,France,Male,,3,139180.2,1,0,0,123880.19,0
15780056,Reid,660,Spain,MALE,33,4,0.0,₹1,1,₹0,29664.45,0
15609928,Johnston,850,Germany,Male,43,5,129305.09,2,0 units,1,19244.58,0 units
₹15779743,Onwuamaeze,633,France,Female,44 units,7,0.0,2,1,0,29761.29,0
15658211,Morrison,559,Spain,FEMALE,39,2,0.0,2,1,1 units,121151.1 units,0
15677135,NULL,520,Germany  ,Male  ,61,8,133802.29,2,1,1,90304.01,0
15802625,Hardy,,,Male,48,7,85915.52,1,1,1,23860.5,0
15666141 units,BALDWIN,829,Spain,Female,26 units,8,101440.36,,1,1,19324.5,0
15662294,Bennett,710,France,Male,33,10,118327.17,2,1,1,192928.82,0
15583692,Chan,591,Germany,Female,35 units,2,90194.34,2,1,0,57064.57,0
15688059,Chin  ,807,Germany,Female,42,9,105356.09,2,1,1,130489.37,0
15805523,Nnaife,717,France,Female,28,1,90537.16,₹1,0,1,74800.99 units,0
15687752,Griffin,₹641,France,Male,30,2,87505.47,2,0,1,7278.57,0
15688984,Belonwu,595,France  ,Male,20,4 units,95830.43,1,1,0,177738.98,₹0 units
15806284,Briggs,₹739,Spain,Male,31 units,1,0.0,2,1,1,58469.75,0
15644699,,850 units,France,Female,40,0,0.0,2,1,0,1099.95,0
15659656,Pan,849,France,Male,35,4,110837.73,1,0,0,126419.8,
15752344 units,NULL,714,Spain,MALE,34,5,0.0,2,1,0,193040.32,0
15725141,Whiddon,716,France,Female,44,3,₹109528.28,1,1,0,27341.63,1
15619857,Crawford,₹605,France,Female,64,2,129555.7,1,1,1,13601.79,0
15808930,Mai,531,France,Female,37,1,0.0,1,1 units,0,4606.97,0
,Espinosa,,France,Female,32,3,63763.49,1,1 units,0,156593.09,0
15792232,Moss,595,Spain,Female,43,5,,2,₹0,0,105149.8 units,₹0
15745804,Law,628,France,Male,25,,0.0,2,1,1,195977.75,0
15566740,Nazarova,587,Spain,Male,51,3,83739.32,1,0,1,148798.45,0
15732281,UGOJI,680,,Male,₹34,,146422.22,1,1,0,67142.97,1
15745080,Griffiths,634,France,Male,26,8,0.0,1,1,0,21760.96,0
15713379,Anderson,669,France,NULL,26,4,,2,1,1 units,197594.34,0
15610416,CHRISTIE,745,France,Female,36 units,9,0.0,1,1,0,19605.18,1
15703399,McNeil,756,NULL,Female,26 units,,101641.14,2,0,1,154460.68,
15627881,Diehl,603,France,Male,30,8,0.0 units,2,1,₹1,47536.46,0
15705521,Pisani,548,Germany,Female,33,0,101084.36,1,1 units,0,42749.85,0
15579183,Spaull,586 units,FRANCE,Male,64,1,₹0.0,2,1,1,53710.23,0
15755868,Farmer,562,France,Male,35,7,0.0,1,0,0 units,48869.67,0
15654870,Longo,759,France,FEMALE,45,8,0.0,2,1 units,1,99251.24,0
15708357,CHAPMAN,649,Spain,Female,38,8,0.0,1,1,0,103760.53,0
15621083,Douglas,698 units,France,Male,57,6,136325.48 units,2,1,1,72549.27 units,1
15581700,Paterson,615,Germany  ,NULL,43,3 units,86920.86,1,1,1,150048.37,0
15663808,Ifesinachi,666,Germany,Female,59,8,₹152614.51 units,,1,1,188782.3,0
,Bellucci,758,Spain,Female,43,10,0.0,2,1,1,55313.44,0 units
15687492,ANDERSON,₹596,Germany,MALE,32,3,96709.07,2,0,0,41788.37,0
₹15737071 units,Tang,639,NULL,FEMALE,60,,162039.78,1 units,1,1,₹84361.72,1
15800814 units,Palerma,534,France,Male,35,2,81951.74,2,₹1,0,115668.53,0
,Yen,558,France,Male,40,,0.0,2,1,0,173844.89,0
15801125,Kegley,627,France,Female,32,1,0.0 units,,1,0,106851.7,0
15691808,King,656,France,NULL,43,7 units,134919.85,1,1,0,194691.95,
,Wong,,Germany,MALE,50,8,₹121438.58,1,1,1,176471.78,1
15736112,Walton,519,SPAIN,Female,57,2,119035.35 units,2,1,1,29871.79,0
15698791,Udinesi,679,France,Male,45,3,146758.24,1,1 units,0,48466.89 units,0 units
₹15640789 units,Butler,711,France,Male,38,4,123345.85,1,1,0,141827.83,0
15781272,Coles,669,France,Male,50,4,149713.61,3,1,1,124872.42,1
15759067,Bromby,537,Germany,Female,37,7,158411.95,4,1,,117690.58,1
15606554,Douglas,797,France,Male,29,1,0.0,1,0,1,149991.32,0
15793425,NULL,560,Spain,Female,33,9,0.0,1,0,1,183358.21,0
15686983,Rohu,678,NULL,Female,₹25,,76968.12,2,0,1,131501.72,0
15703037 units,Edwards,618,France,Male,37,5,0.0,1,0,1,178705.45,₹1
15797113,BEVAN,552,NULL,FEMALE,34,4,0.0,2,1,0,140286.69,0
15780514,Fuller,707,France,Male,33,8,136678.52,1,1,0,54290.62,0
15676895,Cattaneo,547,Germany,Female,39,6,74596.15,3,1 units,1,85746.52,
15652180,Egobudike,₹582 units,France,Male,30,2 units,0.0,2,1,1,132029.95,0 units
15638803,Donaldson,733 units,Spain,Female,32,5,,2,1,₹0,131625.14,0
₹15697100,Wright,772,Germany,Female,48,6,108736.52,1,1,0,184564.67,1
15740223,Walton,479,Germany  ,Male,51,₹1,107714.74,3,1,0 units,₹86128.21,1
15701042,Dalton,596,Germany,Female,₹27,,151027.56,1,1,0 units,₹170320.58,0
15679961,Davidson,708,SPAIN,Male,46,7,₹68799.72,1,1,1,₹39704.14,0
15616954,Smith,592,France,Male,71,4,0.0,2,0,1,17013.54,0
15631339,Adams,791,France,Male,28,4,0.0,1,1,0,174435.48,0
15621644,Lombardi,678,Germany,Male,83,6,123356.63,1,0,1,92934.41,0
15604813,Zaytseva,494 units,France,Male,40,7,0.0,2,0,1,158071.69,0
15637354,Yobachukwu,₹623,,Female,24,7,148167.83,2,1,1,109470.34,0
15722404,Carpenter,445,France,Female,30,3,0.0,2,1,1,127939.19,0
15654409,Unwin,665,France,Female,34,5,67816.72,1,1,1,29641.58,0
15734524,Wang,653,France,Male,51,3,0.0,1,1,0,170426.65,1
15724620,Dodds,538,France,Male,37,1,134752.08,1,1,0,162511.55,0
15806332,Le Gallienne,₹484,Spain  ,Female,39,5,0.0,2,1,1,175224.12,₹0
₹15735788,Chiagoziem,709 units,France,Male,31,6,0.0,2,1,1,71009.84 units,0
15805162,Sutherland,550,France,Male,25,0 units,0.0,2,1,1 units,184221.11,0
15670866,Chiu,₹693,France,Male,31,2,0.0,,1,1,107759.31,0
15579647 units,Oluchukwu,682,France,Male,42,0 units,0.0,,1,1,160828.98,0
15594391,Samaniego,770,France,NULL,68,2,183555.24,1,0,0,159557.28,1
15761706,Y?an,705,Spain,Female,39,8,144102.32,1 units,₹1,1,11682.36,0
15699637,Anenechi,694,NULL,Male,57,8,116326.07,1,1,1,117704.65,0
15652981,,600,Germany,Male,30,2,119755.0,1,1,1,21852.91 units,0
15713655,Calabrese,720 units,France,Female,38,10,0.0,2,1,1,56229.72,1
15648951,Kao,785,Spain,Male,41,7,0.0,2,1,1,199108.88,0
15718507,Su,647 units,Germany,Male,37,3 units,116509.99,1,1,1,149517.71,1
15586974,PEARCE  ,656,France,Male,39,10,0.0,2,1 units,1,98894.64,0
15731281,Ozuluonye,704,Germany,Female,35,3,154206.07 units,2,1,1,40261.49,0
15710424,Page,435,France  ,Male  ,₹36,4 units,0.0,1,1,1,197015.2,0
15660475,Ndubueze,411,France,,,9,0.0,1,0,1,76621.49,0
15591550,Bianchi,525,Spain,Male,36,3,77910.23,1,1,0 units,67238.01,0
15672027,McIntyre,717 units,GERMANY,Female,33,10,102185.42,2,1,0 units,₹23231.93,0
15689081,Wu,692,France,MALE,29,4,0.0,1,1,0,76755.99,1
15700174,McKay,733,Spain,Female,30,0,83319.28,1,0,0,57769.2 units,0
15732437,Rowley,504,Germany  ,Female  ,44,0,131873.07,2 units,1,1,158036.72,1
15596808,Maclean,679,SPAIN,Male,33,4,96110.22,1,1,0,1173.23,0
15766896,Chieloka,750,France,Male,,3,0.0,2,1,0,16870.2,0
15645248,Ho,510,France,Female,30,₹0,0.0,2,1,1 units,130553.47,₹0
15767064,Davide,614,Spain,Female,36,1,44054.84,1,1,,₹73329.08,0
15599829,Padovesi,577,France,FEMALE,35,10,0.0,2,1,1,25161.61,
15636624,Nwabugwu,,Spain,Female  ,39,5,165272.13,,1,0 units,14109.85,1
15654506,Chang,514,France,Male,₹32,8,0.0,2,1,0,95857.18,0
15624592,Tan,603,France,Male,31,8,0.0,2,1,1,169915.02,0
15787830,Bailey,452,GERMANY,Male,33,7,₹153663.27,1,1,0,111868.23 units,0
15696674,Robinson,643,Germany,Female,45,2,150842.93,1,0,1,2319.96,1
15585047,ONYEMERE,715,FRANCE,Male,28 units,7,160376.61,1,0,0,196853.11 units,₹0
15781710,Carey,558,Spain,Female,31,7,0.0 units,2,1,0,166720.28,₹0
15653937,McIntyre  ,638,Germany,Female,53 units,1,123916.67,1,1,0,16657.68,1
15787835,Simpson,775,Germany,FEMALE,38,4,125212.65 units,2,1,1,15795.88,1
15750874,ONYEMERE,676,France,Male,,3,78990.15,1,,1 units,124777.14,0
15796179,Moore,,NULL,Male,43,8,0.0,1,1,0,96754.8,0
15797475,Brennan,,NULL,Male,₹44 units,3,86102.27,1,1,0,180134.88,₹1
15614049,HU,664,France,Male,55,₹8,0.0,2,,1,₹139161.64,0
₹15626475,Gamble,₹685,FRANCE,Male,30 units,2,0.0,2,1,1,140889.32,0
15640260,Okorie,595,Germany,Male,32,8,₹131081.66,2,1,1 units,,0
15645136,O'Donnell,744,Spain,Male,30,1,128065.12,1,1,0,121525.48,
₹15722578,Spitzer,685,Germany,Female  ,21,,97956.5,1 units,1,1,164966.27,0
15805909,Bergamaschi,700,Spain,Male,28,8,159900.38,1,0,₹0,22698.56,0
15798737,CHAO,654,France,Male,38,8,0.0 units,2,1 units,0,88659.44,0
15748414,Chiang,526,Spain,Female,₹33,8,114634.63,2,1 units,0,110114.38,₹1 units
15670823 units,Hsueh,651,Germany,Female,42,,116646.76,1,1,0,44731.8,1
15572792,Bellucci,535,,Male,35,8,118989.92,1,1,1,135536.72,0 units
15673877,Murray,490,NULL,Male,39,1,0.0,3,1,0,₹171060.01,1
15571281,Ts'ao,651,France,MALE,28 units,,79562.98 units,1,1,1,74687.37,0
15569945,NULL,509,Spain,Male,,1,0.0,2,1,0,69113.14,0
15623791,Padovesi,632,Spain,Female,40,3,,1,1,₹0 units,141896.74,0
15675983,Wood,692 units,France,Female,36 units,3,,1,0,1,178267.07,0
15668309,Maslow,₹350,France,Female,,0,111098.85,1,1 units,1,172321.21,1
15778936,NULL,701,France,Male,33,₹9,147510.34,1,1,₹0,190611.92,0
15746127,Hort,572,France,Female,47,2,0.0,2,1,0,36099.7,0
15626679,Linger,584,France,Male,33,3,0.0,2,0,1 units,59103.13,0
15795079,Nnaife,596,Spain,Male,67,6,,2,1,1,138350.74,0
₹15665629,,719,Spain,Female,33,7,,2,1,0,20016.59,0
15762882,Manna,577,Germany,Female,31,4,61211.18,1,1,1,₹145250.43,0
15677288,GEACH,599,France,MALE,50,3,121159.65,1,0,0,4033.39,₹1
15754113,Li  ,,France,Female,₹35,0,0.0,2,1,1,155485.24,0
15738516,Kozlova,₹687,Spain,Female  ,₹36,5,0.0,1,1,0,17696.22,0
15651369,Wright,626 units,France,Male,21,1 units,,2,1,0,66232.23,0
15813660,Forlonge,754,Spain,Male  ,40,2,160625.17,1,0,1,3554.63,0
15746749,Fleming,681,Spain,Female,32,3,0.0,2,1,1,59679.9,0 units
15574068,Norman,504,Germany,Male,56,9,104217.3,1,0,0,55857.48,1
15804235,Zetticci,698,France,Female,37,2,166178.02,2,1,₹1,71972.95,0
15613962,Kenechi,499,France,Female  ,38,9,0.0,2,₹0 units,1,183042.2,0
15803337,Baresi,648,France,Male,23,9,168372.52,1,₹1,0,134676.72,0
15575399,Somadina,480,France,Female,42,1,152160.21,2,1,0,101778.9,0
15672754,Burbidge,498,Germany,Male,42,₹3,152039.7,1,1,1,53445.17,1
15757931,Fang,804,France,Male,24,3,0.0,2,1,0,173195.33,0
15735339,NULL,663,France,Male,39,4,0.0,1,1,0,76884.05,0
15635277,Coates,605,Spain,Male,47,7,142643.54,1,1,₹0,189310.27,0
15768219,Sung,,Spain,Male,,₹0,0.0,2,₹1,0,141242.57,0
15709338,T'ao,544,FRANCE,Female,29,1,118560.55,1,1,1,164137.36,0
15702138,Swift,510 units,France,Female,22,3,156834.34,1,0,0,44374.44,0
15730810,Storey,613,Spain,Male,44,9,100524.69,1,1,1,47298.95,
15605672,Yuan  ,694,France,Female,38,5,195926.39,1,1,1,85522.84,0
15769451,Hayes,764,France,Female,44,1,0.0,2,1,,11467.38,0
,Pirozzi,698,Spain,Male,45,5,164450.94,1,₹1,0,141970.02,₹1
15738605,Fischer,634 units,Germany,Female,46,5,123642.36 units,1,1,1,49725.16,1 units
15757408,Lo,₹655,Spain,Male,38,3,250898.09,3,0,1,81054.0,1
15730339 units,Bell  ,670,Spain,Male,30,3,133446.34,₹1,0,0 units,₹3154.95,0
15599410,,721,France  ,Male,41,2,0.0,2,1,0,168219.75,0
15653037,Parks,609,France,MALE,77 units,1,0.0 units,1,0,1,18708.76,0
15628697,Tung,631,Spain,Male,46,9,160736.63,1,0,1,93503.02,0
15704144,Mazzanti,812,Germany,Male,33,2,127154.14,2,0,,105383.49,0
15641043,Scott,648,Spain,Male,35,7 units,0.0,2,1,1,78436.36,0
15769818,Moore,850,France,Female,37,3,212778.2,1,0,1,69372.88,0
15595842,Paramor,748,Germany,NULL,45,2,119852.01,1 units,0,0,73853.94,1
,Ts'ai,408,France,Male,40,3,0.0,2,0,0,124874.23,0
15576774,Stevenson,729,France,FEMALE  ,38,7,0.0,2,0,0 units,45779.9,0
15750684,Jibunoh,719,France,Female,42,4,0.0,1,1,0,28465.86,1
15654654,L?,725,Germany,Female,33,7,₹115182.84,2,1,1,177279.41,0
15647965,Genovese,477,France,Female,57,9,114023.64,2,1,1,71167.17,1
15807245,MCKAY,699,Germany,Female,41,1,200117.76,2,1,0,94142.35,0
15635598,Hsieh,812 units,France,Male,29,6,0.0,2,0,0,168023.6,0
15782404,Hughes  ,487,France,Female,34,2,96019.5,,0,0,9085.0,0
15583480,Morgan,807,France,Female,36,4,0.0,2,0,1 units,147007.33,0
15765650,Chigolum,501,Germany,Male,40,5,114655.58,1,₹0,0,126535.92,0 units
15717286,SAL,675,Spain  ,Female,40,8,79035.95,1,1,0,142783.98,1
15780386,Ferri,654,Spain,Male,40,5,105683.63,1,1,0,173617.09,0 units
15743709,,683,France,Male,30 units,4,66190.33,1,1,1,115186.97,0
15699415,NULL,618,France,FEMALE,46,6,150213.71,1,1 units,0,120668.46,1
15786392,Chen,765,France,Male,41,4,124182.21,,0,0,100153.43,0
15637131,Fallaci,829,France,Male  ,38,9,0.0,2,1,0,30529.88,0
15635256,Arcuri,762,France,Male,31,7,117687.35,1,1 units,1,159344.43,0
15622289,Rizzo,605,Spain,Female,36,9,0.0,2,0,1 units,₹35521.63,0
,Wright,572,France,Male,24,1,0.0,2,1,1,151460.84,0
15731569,Hudson,850,France,Male,81,5,0.0,2,1,1,44827.47,₹0
15688337,Dixon,721,France,Male,40,9,118129.87,1,₹1,1,160277.65,0
15785975,Mason,₹525,SPAIN,Female,60,7,0.0,2,0,1,₹168034.9,0
15779064,Chidiegwu,677,France,MALE,₹27,2,0.0,2,1,1,20092.89,0
15646372,Outhwaite,616,France,Female,66,1,,1,1,0,183840.51,1
15750921,Monds,521,NULL,Male  ,37 units,5,105843.26,2,1,,84908.2,0
15633854,Sun,654,NULL,,40,3,0.0,2,1 units,0,167889.1,0
15585106,Calabresi,492,Germany,Female,₹38,8,57068.43,₹2,1,0,188974.81,
15666043,MACKEY,520,France,Male,33,4,156297.58,2,1,1,166102.61,0
15805637 units,Hsing,₹625,France,Male,₹36,9,108546.16,3,1,0,133807.77,1
15619465,Cameron,555,Spain,Female,24,2,0.0,2,0,1,197866.55,0
₹15588197,Endrizzi,670,NULL,Male,36,7,,2,,0,59571.5,₹0 units
15805884,,637,France,Female  ,41 units,9,0.0,2,1,0,145477.36,0
15678168,Gibson,648,Spain,Female,27,7,0.0,2,1,1,163060.43,0 units
15802390,Willoughby,724,France,,34,2,0.0 units,₹2,1,1,118863.38,0
15760861,Phillipps,619,France,Male,43,1,125211.92,1,1,1,113410.49,₹0
15675316 units,Avdeeva,619,France,Female,38,₹3,0.0,2,0,1,116467.35,0
15626948,Butcher,701,FRANCE,Female,42,6,86167.82,1,1,0,153342.38,0
15797748,Lu,729,,MALE,44,5,,2 units,0,1,9200.54,0
15589496,Arrington,778,France,Male,34,5,139064.06,,0,0,67949.32,0
15591711,NULL,739,Spain,MALE,38,0,128366.44,1,1,0,12796.43,0
15577402,Grant,,France,Male,31,9,0.0,2,0,1,20492.16,0
15708505 units,Palerma,641,GERMANY,Female,37,7,62974.64,2,0,1,39016.43,0
15687477,Thompson  ,594,GERMANY,Male,₹28,5,185013.02 units,1,1,0,16481.12 units,
,Pickering,606,Spain,Male,37,8,154712.58,2,1,0,89099.18,0
15609977,Mundy,587,France,Male,47,6,71026.77,1,1,0,57962.41,0
15735428,Talbot,673,Spain,Female,37,0,0.0,₹2,0,0,82351.06,0
15587394,Thomson,462,France,Male,39,4,140133.08,2,0,0,₹131304.45,0
15624850,Grant,850,FRANCE,Male,30,10,153972.89,2,,0,₹62811.03,₹0
15736008,Hunter,644,France,Female  ,46,9,95441.27,1,1,0,108761.05,1
₹15803908 units,Fu,628,France,Male,45,9,0.0,2,1,1,96862.56,0
15647838,Davison,648,Germany  ,Female,51 units,2,116574.84,1,1,0,4121.04,₹1
15736601,Tai,716,France,Male,35,4,₹144428.87,1,1,0,134132.65,0
15711635,Chu,788,Germany,Female,42,6,138650.49,2,1,0,64746.07,0
15789413,FITZGERALD,733,France,Male  ,64,3,0.0,2,1,,75272.63,0
15784676,Fanucci,583,France,Male,51,6,125268.03,2,1,0,,0
15617648,Mikkelsen,584,,Female,44,5,95671.75,2,1,1,106564.88,0
15655082,Pape,607,France,Female,48,4,112070.86,3,1,0,173568.3,₹1
15650018,Chen,₹681,France,Female,43,₹8,154100.3,1,0,0,114659.81,₹0 units
15789557,HOWELL-PRICE,817,Germany,Female,27,₹7,129810.6,,1,1,59259.44,0
15789371,,593,Germany,Female,41,,119703.1,2,1,1,109783.29,0
15732307,Lavrentiev,694 units,Germany,Male,33,4,124067.32,1,1,1,77906.87,0
15662662,,573,France,Female,₹30,,0.0,2,1,0,66190.21,0
,Robertson,595,Germany,Male,34,2,87967.42,2,0,1,156309.52 units,0
15777958,Ch'ien,587,France,Male,39,10,0.0,2 units,1,1,170409.45,0
15772148,Ferrari,639,Germany,Female,37,5,151242.48,₹1,0,1,49637.65,0
₹15676810,Jen,561,France,Female,31,1,81480.27,₹2,1,1,65234.6,0
15713975,Gibson,565,Germany,Female,47 units,10,139756.12,1,1,0 units,165849.49,1
15665158,Chukwuemeka,813 units,Spain,Male,27,1,₹137275.36,1,0,1 units,115733.16,0
15636731 units,Ts'ai,714,Germany,Female,36,1,101609.01,2 units,1,1,447.73,0
15744044,Fiorentini,572,Germany,Male,47,4,99353.42,1,,0,,₹1
15668889,GALGANO,665,Germany  ,Female,43,2,116322.27,4,1,0,35640.12 units,1
15584545,Aksenov,532,France,Female,40,5,0.0,2,0,1,177099.71,0
₹15635939,Fenton,458,France,Female,39,9,0.0,2,1,0,116343.09 units,0
15667438,Ferguson,675,FRANCE,Female  ,38,1,104016.88,1,0,0,22068.83,1
15801062,MATTHEWS,557,Spain,Female,40,4,0.0,2,0,1,105433.53,
15754084,Palazzi  ,710,Spain,NULL,35,1,106518.52,1,1,1,127951.81,0
15762110,Anderson  ,₹628,France,Male,37,0,0.0,2,1,1,171707.93,0
15579915 units,,707,France,Male,29,4,0.0,2,1,0,139953.94,0
15753213,LEES,604,France,Female,34,7,0.0,2,1,0,193021.49,0
15569266,Rahman,644,,Male,28,7,155060.41 units,1,1,0,29179.52,0
15608595,Lo Duca,748,France,Female,₹39,3,157371.54,1,0,1,97734.3,0
15628950,Coates,501,Germany,Male,25,6,₹104013.79,1,1,0,114774.35,0
15686964,Spence,675,France,Female,34,10 units,84944.58,₹1,0,0 units,146230.63,0
,Su,850,Germany  ,,36,6,143644.16,1,1,0,22102.25,1
15614213,Muramats,620,France,Male,37,0,107548.94,1,1,0,71175.94,0
15730447 units,Anderson,629,France,Female,49,4,0.0,2,1,1,₹196335.48 units,0
15780256,Palfreyman,630,France,Male,34,9,0.0,₹2,1,1,114006.35,0
15628319,Walker,792 units,France,Female,28,4,130142.79,1,1,0 units,38190.78,0 units
15667321,Cocci,644,Spain,Male,49,10,₹0.0,2,1,1,145089.64,0
15640635,Capon  ,769,France,Male,29,8,0.0,2,1,1,172290.61,0
15596710,Ku,640,France,Female,33,1,167298.42,1,0,1,145381.65,0
15703682,Kalinina,681,Spain,Male,33,10,0.0,1,0,0,₹158336.36 units,0
15572547 units,Vaguine,670,France,Female,45,9,104930.38 units,1,₹1,0,155921.81,1
15594612,Flynn,702,Spain,Male,44 units,9,0.0,₹1,0,0,59207.41,1
15687372,Padovesi,547,Germany,,49,8 units,121537.71,2,1,0,46521.45,1
15664734,T'ao,₹673,GERMANY,Female,25,3,108244.82 units,2 units,1,1,103573.96,0
15644849,Zikoranachidimma,₹655,France,Female,32,2,0.0 units,1,1,1,71047.51,0
15579820,Robertson,704,NULL,Male,38,6,106687.76,1,1,0,₹173776.5,0
15731829,Simmons,616,France,Male,34,10,0.0 units,2,1,0,25662.27,0
15573520,Rhodes,692,Germany,Male,49,6,110540.43,2,0,1,107472.99,0
,Chapman,791,FRANCE,Female,44,5,0.0,2,1,1,123977.86,1
15704284,Ekechukwu,736,Germany,Male,57,₹9,95295.39,1,1,0,28434.44,1
15711299,Wilson,711,Germany,FEMALE,52,8,145262.54,1,0,1,131473.31,₹0 units
15739514,Preston,659,France,Female,32,9,0.0,2,1,1,93155.75,0
15576022,Nwachinemelu,565,France,Male,38,5,0.0,2,0,,80630.32,0
15616745,Hs?,542,Spain,Male,35,2,174894.53,1,1,,22314.55,0
15716420,Kelly,612,Spain,,39,5,170288.38,1,1 units,,59601.15,0
15729377,Ku  ,798,France,Male,36,1,0.0 units,2,1,1,159044.1,0
15616700 units,Leach,622,Spain,Female,41,₹9,,2,1,1,155786.39,0
15755209,Fu,484 units,Spain,Female,35,₹7,133868.21,1,1,1,27286.1,0
15694376,Sullivan,705,NULL,Female,64,3,153469.26,3,0,0,146573.66 units,1
15806771,Yefremova,753,France,Female,40,0,3768.69,2,1,0,177065.24,1
15576745,Fyodorov,769,France,Male,48,2,96542.16,2,0,1,197885.72,0
15636756,MARINO,545,France,Male,23,2,0.0,2,1 units,0,189613.12,0
15785542,Kornilova,572,Germany,Male,26,4,118287.01,2,0,0,60427.3,0 units
15809100,Nucci,548 units,France,Female,32,2,172448.77,,1,0,188083.77,1
₹15725882,Feng,618,Germany,Female,40,1,133245.52 units,2,1,1,54495.82,0
15760121,Maynard,₹712,France,MALE,32,9,100606.02,1 units,1,0,165693.06,0
15695078,Kemp,699,France,MALE,32,3,0.0,2 units,1,1,170770.44,0
15665181,Chung,808,Spain,Male,25,7,0.0,2,,1,23180.37,0
15788683,Kang,588,Germany,Female,34 units,10,129417.82,,1,0,153727.32 units,0
15713604,ROSSI,425,GERMANY,Male,40,9,166776.6,,0 units,1,172646.88,0
15623972,Wisdom,479,Germany,Female,23,9,123575.51,1,0,1,95148.28,0
15645937,Guerin,790,Spain,Male,32 units,3,0.0,1,1,0,91044.47,0
15613189,Browne,774,France,Female,52,2,56580.93,1,1,0,113266.28,1
15603683,Ofodile,796 units,Spain,Female,23,3,146584.19,2,0,0,125445.8,
15663421,Esposito,₹527,Spain  ,NULL,28 units,6,128396.33,2,₹1,0,79919.97,0
15808223,LEA,615 units,Spain,Male,41,1,126773.43,1,1,1,55551.26,0
15769346,Baird,587,France,Female,₹36,1,134997.49,2,1,0,44688.08,0
15575581 units,Dickson,614,Germany,Female,30,3,131344.52,2,,0,54776.64,0 units
15813645,Hamilton,491,France,Female,36,0,,1,1,1,103934.12,0
15676715,,640,France,Male,68,9,0.0,2,1,1,₹199493.38,0
15587596,Morrison,628,Spain,Female,,8,,₹1,1,0,117523.41,0
15719561,Lin,768,France,NULL,42 units,5,0.0,3,0,0,60686.4 units,0
15623858,Charteris,603,France,Male,45,9,,1,₹0,0 units,,0
15750396,McKissick,670,France,Male,33,1,0.0,2,1,1,86413.11,0
15575498,Gould,705,FRANCE,Female,39,5,149379.66 units,2,1,0,96075.55,0
15674928,Mullah,850,Spain,Male  ,37,2 units,0.0,2,1,0,119969.99,0
15799785,Ikemefuna,679,Germany,Female,30,4,77949.69,1,1,1,121151.46,0
15799635,ARBOUR,577,NULL,MALE,51,2,,1,0,0,140800.66,1
15679394,,651,France,Female,41,4,38617.2,1,1,1,₹104876.8,
15747762,Chigozie,609,France  ,Male,32,7,118520.41 units,1 units,0,₹0,,0
15625819,Arnold,625,France,Female,38,7,0.0,1,1,0,164804.02,0
15805112,POKROVSKY,578,,Male,₹38,₹7,₹82259.29,1,1,,8996.97,0
15598266,NULL,610,France,Male,40,9,0.0,1,1,1,149602.54,0
15725094,Fang,623,France,Female,37,4,140211.88,1 units,1,1,93832.33,0
,H?,472,NULL,MALE,29,8,102490.27,1 units,0,1,181224.56,0
15670602 units,Burgess,790,Germany,Male,24,7,107418.27,1,0,1,160450.21 units,0
15602572,Hsing,,France,Male,33,9 units,0.0,2,1,1,142956.48,0
15653110,Chan,694,France,Male,42,8,133767.19 units,1,1,0 units,36405.21,0
15757895 units,,569,Germany,Male,30,₹6,106629.49,1,0,1,44114.88,0
15755649,Winter-Irving,584,Germany,MALE,47,7,130538.77 units,1,1,0 units,92915.84 units,0
15613844,Murphy,557,France,Female,28,7,146445.24,2,1,0,184317.74,0
15598751,Ingram,556,France  ,Female,43,6,0.0,3 units,0,0,125154.57,1
15592451,Lombardi,565,France,Male,32,9 units,0.0,2,1,₹0,5388.3,0
15796413,Green,794,France,Male,46,6,₹0.0,2,1,0,195325.74,0
15600510,Hsueh,680,Spain,Female,37,6,124140.57,2,1,0,92826.35 units,0
15639549,Jen  ,718,Germany,,33,4,₹70541.06,1,0,0 units,88592.8,0
,Long,₹763,France,Female,23,2,0.0,2,1,0,153983.99,0
15812917,Kosisochukwu,653,Spain,Male,35,6 units,116662.96,2,1,1,23864.21,0
15615477 units,,529,Spain,FEMALE,44,1,₹0.0,2,₹0,0,14161.3,0
15650322,Grigoryeva,701,NULL,Female,34,3,105588.66,1,₹0,1,74694.41,0
15679801,Hsueh,712,Spain  ,Female,39,5,163097.55,,1,1 units,23702.42 units,0
15782806,Watson,718,Spain,Male,28,6,0.0,2,1,0,146875.86,0
15711446,Sinclair,569,Spain,Female,51,3,0.0,3,1,0,75084.96,1
15658935,FREEMAN,630,Germany,Female,34,9,106937.05,2,1,0,138275.01,0
15621629,Scott,773,Germany,Male,43,8,81844.91 units,2,,1,35908.46,₹0
15710161,,850,France,NULL,34,2,0.0 units,2,1,1,171706.66,0
15766734,Castiglione,430,France,Male,31,5,0.0 units,1,1,0,95655.16,0
15706587,,560,France,Male,57,₹0,0.0,2,₹0,1,116781.71,₹0
15668775,PENDRED,757,France,Male,47,3,130747.1,1 units,1,,143829.54,0
15786199,Hsing,535 units,France,Male,,2,133040.32,1,1,1,₹110299.78,₹0
15592531 units,Bartlett,822,France,Male,50,₹7,0.0,2,₹1 units,1,10062.8,0
15806389,NULL,549,Germany,Female,55,1,137592.31,2,0,1,116548.02,1
15640922,Demaine,791,France,,₹52,7,0.0,1,1,1,122782.5,0
15714939,Fallaci,484,Germany,Female,34 units,4,148249.54,1,0,1,33738.27,0 units
15618314,CHU,676,FRANCE,Male,40,8,114005.78,₹1,1,1,67998.45,0
15685706,Bird,731,France,Female,40,7,118991.79,1,1,1,₹156048.64,0
15671789,Woods,616,France,Male,31,3,94263.91,2,1,0,168895.06,
15574115,SHAW,656,Spain,,41,6,101179.23,2,,1,35230.61,0
15627840,TOSCANO,682,France,Female,42,0,0.0,₹1,0,1,91981.85,1
15656300,LUCCIANO,411,France,Male,29,0,59697.17,2 units,1,1,53483.21,0
15665678,NULL,607,Spain,Male,36,8,158261.68,1,1,1,₹76744.72,0
15576360,Ch'iu,600,France,Male,40,,141136.79,1,1,1,67803.83,0
15644572,Turnbull,501,France,Male,40,4,125832.2,₹1 units,1,1,100433.83,0
15728773,Hsieh,568,France,Female  ,47,7,₹0.0,2,1,1,45978.39,0
15693947,Tokareva,614,France,FEMALE,₹19,5,97445.49 units,2,1,0,122823.34,0
15659677,NULL,746,NULL,NULL,47,8,142382.03,1,1,1,62086.62,0
15766417,McKinley,678,France,FEMALE,60,2,0.0,₹2,1,1,43821.56,0
15715750,Okeke,646,Germany,Female,44,2,113063.83,1,0,0,53072.49,1
15742609,Lombardo,600,Germany,NULL,28,2,116623.31,1,0,1,59905.29,0
15630167,Gibson,684,Spain,Female,39,4,139723.9,1,1,1,120612.11,0
15699389,Ch'ien,807,France,Male,42,7,118274.71,1,1,1,25885.72,0
15600781,WU,699,Germany,Male,34,4,185173.81,2 units,1,0,120834.48,0
15778368,NULL,552,Germany,Male,50,4,121175.56,1,1 units,0,117505.07,1
₹15624995,McCane,714,Spain,Female,31,6,152926.6,1,1,1,50899.91,
15754940,Descoteaux,597,Spain,Male,43,2,85162.26,1,0,,5104.08,1
15603914,Arcuri,614,NULL,Male,40,6 units,0.0,1,1,1,20339.79,1
15777067,THOMAS,445,France,Male,64,2,136770.67,1,0,1,43678.06,₹0
15659234,Y?,494,France,Male,30,3,85704.95,,0,1,27886.06,0
15610930,Kwemto,₹572,Germany,Female,35 units,1,139979.07,1,1,0,₹185662.84,0
15576044,NULL,579,NULL,MALE,28,6,150329.15,1,1,0,145558.42 units,0
15762855,Hill,622,Spain  ,Female,23,8,0.0,2,1,1,131389.39,0
15659194,Mishina,628,France,Male,30,8,89182.09,1,1,1,,0
15598086,Brown,624,France,Female  ,45,3,68639.57,1,1,0,168002.31,1
15586848,Rose  ,706,France,Male,38,1 units,0.0,2,₹1,0,122379.54,0
15788946,Anthony,,Spain,Female,29,3,116805.82,1,0,0,4092.75,0 units
15761713 units,Johnstone,678,,FEMALE,43,7,178074.33,1,0,0,110405.9,0
15572182,Onwuamaeze,505,NULL,Female,33,3,106506.77,,1,0,45445.78,1
15638607,Nwabugwu,546,NULL,,52,2 units,0.0,1,1,0,137332.37,1
15747288,Ferri,838,Spain,Female,40,6,61671.19,1,0,1,150659.35,1
₹15621974,NULL,778,NULL,NULL,₹33,4 units,111063.73,2,₹1,₹0,83556.65,0
15633461,Pai,639,Germany,Male  ,38,5,130170.82,1,1,1,149599.62,0
15704466,UDOKAMMA,692,,FEMALE,34,7,0.0,2,1,0,195074.62,0
15789563,FIORENTINO,706,Germany,Female,46,7,111288.18,₹1,1,1,149170.25,1
₹15638068,Thompson,,Spain,Male,32,7 units,0.0,2,1,0,67926.18,0
15646563,Wright,772 units,France,Female,35,9,0.0,1,0,1,25448.31,0
15711825 units,Ts'ai,655,Spain,Female,35,1,₹82231.51,2,1,0,88798.02,0
15658852,Stevens,676,France,Male,₹38,8,0.0,₹2,1,1,133692.88,0
15685829,McKay,551,France,Male,37,3,0.0,2,1,1,50578.4,0 units
15747795,Pai,593,Germany,Female,38,4,129499.42,1,1,1,154071.27,0
15701364,Doherty,724,France,Male,30,10,0.0,2,1,1,54265.55,0
15749381,Yu  ,790,France,Female  ,41,2,126619.27,1,1,0,198224.38,0
15574868,Lowell,792,Germany,Male,36 units,5,115725.24,2,0,0,1871.25,0
15796496,Trevisani,631,FRANCE,Female,31,8,137687.72,1,1,0,190067.12,0
15718572,NULL,600,Germany,Male,57,9,138456.03,2,1,1,103548.25 units,0
15772383 units,Toscani,613,France,Male  ,36,9,131307.11,1,0,₹0,83343.73,0
15609475,Ricci,604,Spain,FEMALE,39,7,98544.11,1,1,1,₹52327.57,0
15807909,Rubensohn,744,France,NULL,47,9 units,0.0,2 units,1,0,113163.17,0
15770159,Nnanna,664,Germany,Male,25,6,172812.72 units,2,1,₹1 units,108008.65,0
15693526,Ku,618,France,Female,₹40,0,0.0,₹1,1,0,119059.13,0
15758939,Bray,540,,Male,35 units,₹7,127801.88,1,0,1,84239.46,0
15615330,Tretiakova,651,France,Male,23,10,0.0,2,,1,170099.23,₹0
15661036,Davis  ,725,,Male  ,46,6 units,0.0,2,1,0,161767.38,0
15582492 units,Moore,535,France,Female,29,2,112367.34,1,1,0,185630.76,0
15806360,Hou,,France,Male,41,6,0.0,1,0,1,112585.19,0
15603565,MACKENZIE,603,Spain,Female,56,5 units,₹90778.76,2,1,0,162223.67,1
15812351,BELUCHI,710,Spain,Female,27,2,135277.96,₹1,1 units,0,142200.15,₹0
15607884,Wallace,663,FRANCE,Female,39,8,0.0,2,1,1,101168.9,0
15787174,Sergeyev,512,France,Female,37,1,0.0,2,0,1,156105.03,0
₹15766746,Darwin,835,FRANCE,Male,₹35,6,127120.07,1,1,0,28707.69,0
15679693,Walker,625,FRANCE,Male,31,5,0.0,2,0,₹1,₹90.07,
₹15575691,Palerma,₹689,France,Female,₹58,5,0.0,2,0,1 units,49848.86,0
15746451,Barry,686,SPAIN  ,MALE,41,7,102749.72 units,1,0 units,1,194913.86,0
15771873,Buccho,776,Germany,Female,37,2,103769.22 units,2,1,0,194099.12,0
15805627,Nebechukwu,670,France,Male,37 units,2,₹0.0,,1,1,54229.74,0
15801817,Carpenter,688,France,Female,38,7,123544.21,1,1,1,157664.02,0
15644453,LOGGIA,606,Germany,Female,41,4,132670.53,1,1,0,₹156476.36,1
15582951,Crawford,696,France,Female,25,8,126442.59,1,1,0,121904.44,0
15792176,Henty,698 units,Spain,Female,40,0 units,92053.44,1,1,1,143681.83,0
15746076,Saunders,₹506,SPAIN,Male,50,3,0.0,2,1,0,12016.79,0
,Jamieson,481,Germany,Male,44,3,163714.52 units,1,1,0,₹96123.72,0
15592104,Lane,655,France,Female,41 units,₹5,0.0,1,0,0,36548.0,1
15688880,Amechi,672,,Male,40,10,₹102980.44,1 units,1,,1285.81,1
,Panicucci,703,Spain,Male,73 units,5,137761.55,,1,1,159677.46,0
15815530,Chin  ,612,France,Female  ,42,10,75497.51,1 units,0 units,0,149682.78,0
15784918,Brown  ,498,Germany,Male,35,2,121968.11,2,0,1,188343.05,0
,Cremonesi,767,France,FEMALE,35,6,115576.44,1,0,1 units,27922.45,0
15617078,Ewing,658,France,Female,44,6,148481.09,1,1,0,130529.13,0
15694253,Palerma,686,France,Female,41,7,₹152105.57,2,0,1,132374.41,0
15569446,Tu,732,France,Female,34,8,122338.43,2,1,0 units,187985.85,0
15696175,Echezonachukwu,602,GERMANY,Male  ,35,7,90602.42,2,1,1,51695.41,0
15773421,Genovese,673 units,NULL,Female,42,₹4,0.0,,1,₹0,121440.8 units,0
15569590,Yoo,,Germany  ,Male,42,1,98495.72,1,1,0,₹40014.76,1
15734628 units,Lysaght,₹623,France,,35,,0.0,2,1 units,0,101192.08,
15732778,Templeman,,Germany,Male  ,29,1,111681.98,2,1,1,195711.16,0
15715597,Onyemauchechi,679,France,Male,36,1,97234.58,1,₹1,0,,0
15628813,King,693,France,Female,43,4,152341.55,1,1,0,9241.78,0
15744517,Esposito,735,Spain,Male,50,,0.0,1,₹0,0,166677.35,1 units
15717984,Longo,477,France,Male,47,9,144900.58,1,1,0 units,61315.37,1
15574480,Ubanwa,652,Spain,Male,31,1,132862.59,1,0,0,158054.49,0
15704315,Teng,556,France,Male,34,₹8,163757.06,1,1,₹1 units,104000.06,0
15785899,Ch'en,789,Germany,Male,33,8,151607.56,1,1,0,4389.4,0
15810826,Chiekwugo,624,France,Male,36,6,0.0,2,0,0,84749.96,0
15597131,Fu,415,France,Male,32,5,145807.59,1,1,1,3064.65,0
15619932,Lombardi,₹847,France,Male,66,7,123760.68,1,0,1,53157.16,0
15729956,AKABUEZE,726,Spain,Female,26,1,₹80780.16,1,1,,19225.85,0
15797900,Chinomso,517 units,France,Male  ,56,9,142147.32,1,0,0,39488.04,1
15760568,NULL,593,Germany,Female,38,5,142658.04 units,₹2,0,1,135337.11,0
15679770,Smith,611,France,Female,61,3,131583.59,4,0,₹1,66238.23,1
15714485 units,,774 units,France,Male,60,,85891.55,1,1,0,74135.48,1
15620000,Chambers,760,Germany,Male,34,6,121303.77,2,1,1,59325.21,0
15717290,Onyekaozulu,688,Germany,Male,₹41,2,112871.19,2,0,1,65520.74,0 units
15648178,Lettiere,630,Germany,Female,23,4,137964.51,1,0,,174570.55,0
15652658,Finch,721,France,Male,36,1,155176.83,2,₹1,1,49653.37,0
15757646,Olague,584,France,Male,35,9,0.0,2,1,0,192381.21,0
15780088,Porter,607,Spain,Male,34 units,9,132439.99,1,1,0,177747.72,0
15656829,NULL,577,Spain,Female,33,6,0.0,2,1,0,57975.8,0
15729362,Lombardi,745,France,Male  ,36,8,67226.37,1,1,0,130789.6,0
15577751,Pisano,759,Germany,MALE,30,4,101802.67,1,0,0,8693.8,0
15724127,McLean,790,France,Female,26,4,141581.71,2,0,0,98309.27,0
15675328,Knight,449 units,France,Female,37,6,0.0,2,1,₹0,82176.48,₹0 units
15589572,Otutodilichukwu,785,Spain,Female,61,4,129855.72,2,1,0,₹170214.82,1
15719426,COLE,529,France,Male,67,8,103101.56 units,2,1,1 units,154002.02,1
15696506,NULL,₹604,Spain,Male,27,9,101352.78,1,0,0,30252.3,0
15807568,Wright,632,France,Male,50,2,0.0 units,2,0,0,57942.88,0
15584812,Overby,693,Spain,Female,39,0,0.0,2,0,0,81901.6,0
15802758,NULL,594,Germany,Female,23 units,4,104753.84,2,1,0,56756.52,1
15799480,Webb,600,France,Male,34,0,0.0,2,0,1,3756.23,0
15811036,Ferri,565,France,Male,46,7 units,135369.71,1,0,₹1,140130.22,0
15683053,Reyna,809,Spain,Female,48,2,0.0,1,1,0 units,160976.85 units,1
₹15595883,Nkemdirim,540,Germany,Male,39,4,127278.31,1,1,1,16150.34,0
15571261,Toscani,714,Germany  ,Female,35,6,126077.43,2,1,1,53954.24,0
15646594,ALI,749,France,Male,41,5,57568.94,1 units,1,1,61128.29,0
15630920,Du Cane,724,FRANCE,NULL,34,2,154485.74,2,₹0,0,78560.64,0
15735636,Toscano  ,604,France,Female,53,2,121389.78,1,₹1,1,48201.64,1
15806230,Trevisano,629,Germany,Male,40,2,121647.54,2,1,1,64849.74,1
15704771,Ugochukwu,593,France,Female,35 units,6,133489.12,2 units,1,1,78101.29,0
15569451,Miller,463,France,NULL,35,2,,1,1,1,₹118113.64,0
15587835,Osinachi,850,France,Male,41,3,136416.82,1,0 units,1,57844.26,0 units
15711309,Sumrall,574,Germany,Male,33,3,₹129834.67,1,1,0,193131.42,0
15718289,Bradley,553 units,Germany,Male,46,₹3 units,82291.1,1,1,0,112549.99,1
₹15614923,Nielson,630,Spain,Male  ,41,7,107511.52,1,0,1,46156.87,0
15795511 units,Vasiliev,800,Germany,MALE,39,4 units,95252.72,1,1,0,13906.34,0
15694408,Lung  ,749,France  ,Male,40,1,139290.41,1,1,0,182855.42,1
15812647,Yin,691,France,Male,34,8,133936.04,2,1,0,91359.79,0 units
15725478,McClemans  ,775,France,Male,₹60,7,0.0,2,1,1,111558.7,0
15790763,Trujillo,599,Spain,Female,49,2,0.0,2,1 units,0,111190.53,0
15587266,Douglas,606,Germany,Female,27,6,172310.33,1,0,1,111448.92,0
15715414,White,658,France,Female,38,6,,1,0,0,155665.76,0
15583067,McMillan,₹687,France,Female,36,,97157.96,1,0,1,63185.05,0
15772030,COUPP,₹662,Spain,NULL,33,3,0.0,2,0,1,68064.83,0
15623828,Akobundu,682,France,Male,30,4,0.0,1,0,1,161465.31,0
15737194,Tu,635,FRANCE,Female,33,₹5,0.0 units,2,1 units,0,122949.71,0
15688760,Obialo,522,Germany,NULL,37,3,95022.57,1,1,1,129107.59,0
15630419,Davis,634 units,,MALE,44,9,149961.11,1,1,0,57121.51,₹0
15696733 units,McKenzie,724,,Male,29,4,0.0,1,1,0,8982.75,
15718281,Muir,706,Germany,Male,67,1,123276.69,2,1,₹1,86507.88,1
15720968,Young,606,Germany,Male,₹27,2,130274.26,2,1,0,147533.09,0
15782311,Feng,529,France,Male,28,9,0.0 units,2 units,1,1,52545.24,0
15788480,PAGNOTTO,786,Germany  ,Female,33,0,122325.58,1,0 units,0,,1
15593943,Chinagorom,685,France,Female,43,1,132667.17 units,1,1,1,41876.98,0
15660211,Shih,629,Germany,Male,35,₹7,156847.29,2,,0,31824.29,0
₹15609562,MacDonald,774,Spain,Female,43,1,116360.07,1,1,0,,0
15752838,Lucas,723,Spain,Male,38,6,0.0,2,1,1,94415.6,0
15743617,NULL,713,Germany,Male,47,1,95994.98,₹1,₹1,0,197529.23,0
15634949,Hay,593,Germany,Male,74,5,161434.36,₹2,1 units,1,₹65532.17,₹0
15734311,Hamilton,661,FRANCE,Female,27,3,0.0,2,1,1,76889.79,0
15579994 units,Shaw,616,FRANCE,Male,23,8,73112.95,1,1,₹1 units,62733.05,0
15720071,Fiorentini,535,France,Female,49,3,0.0,1,0,0,61820.41,1
15700657,Thornton,641,Germany,Female,40,₹2,110086.69,1,1,0,159773.14 units,0
15576368 units,Bledsoe,624,Germany,Female,48,3,122388.38,2,0,,30020.09,0
15733491,McGregor,512,Germany,Female,40,₹8,153537.57,₹2,0 units,0,23101.13,0
15678727,Tan,770,Germany,Male,45,4,,1,1,0,26163.74,1
15801395,Warren,790 units,,FEMALE,33,₹10,₹135120.72,1,0,0,₹195204.99,0
15599956,Payne,747,France,Male,27,10,0.0,2,0,0,13007.89,0
15647207,Onwuemelie,609,France  ,Male,26,7,0.0,₹2,1,0,98463.99 units,0
15745527,Burke,655,France,Male,₹37,₹5,93147.0,2,1,0 units,66214.13,0
15618936,MacDonald,688,France,Female,51 units,5,0.0,1 units,1,0,91624.11,₹1
15706116,MCKAY,659,Germany,Female,30 units,8,154159.51,1,1,0,40441.1,0
15619529,NDUKAKU,531,Spain,Male,27,8,132576.25,1,₹0,0,7222.92,0
15583394,,,Germany,Male,39,8,106259.63 units,2,1,1,198103.32,0
15744913,Chizoba,788 units,SPAIN,Male,36,10,109632.85,1,1,1,16149.13,0
15715643,Ijendu,662,France,Male,44,8,0.0,2 units,1,1,175314.87,0
,Cook,778,Spain,Female,47,6,127299.34,2,1,0,124694.99,0
15716822,Moen,646,France,NULL,30,5,98014.74,1,1,,₹12757.14,0
15570414 units,Chizoba,618,SPAIN,Male,41,4,115251.64,₹1,0,0,136435.75,0
15729279,Naylor,718,France,Female,25,₹4 units,108691.95,1 units,1,0,63030.97,0
15607713,Kaeppel,850,Spain,,29,1,0.0,2,1,1,197996.65 units,0
15664881,Norton  ,702,France  ,Male  ,34,4,100054.77,1,1,0,109496.45,0
15624293 units,Mironova,514,FRANCE,Female,46,3,106511.85,1,1,0,55072.32,
15645355,Macleod,677,Germany,Male  ,34,3,126729.41,1,1,1,26106.39,1
15803716,WEST,706,Spain,Male,,3,0.0,2,0,1,181543.67,₹0
15719170,,679,France,Female,30,1,112543.42,1,1,1,179435.21,0
15664521,David,659,Spain,Male,31,7,149620.88,2,1 units,1,104533.51,0
15729804,Manfrin,714,France,Male,₹34,10 units,0.0,2,1,1,80234.14,0
15581551,Yobachukwu,850,Spain,MALE,41,8,132838.07,1,1,1,175347.28,0
15782941,Chijindum,573,France,Male,31,2,₹0.0,2,1,1,₹91957.39 units,0
15609558,McDonald,835,Germany,Female  ,47,5,108289.28 units,2,1,₹1,45859.55,1
15740846,WEI,556,France,Male,40,5,₹125909.85 units,1,,1,95124.4,0
15634564,Aksyonov,593,Spain,Male,31,8 units,112713.34,1 units,₹1,1,176868.89,0
15634262,Fantin,709,Germany,MALE,34,4,148375.19,2,1,1,21521.38,0
15809817,Ch'en,593,Spain,Male,43,10,0.0,2,0,0,53478.02,0
15593128,Vinogradoff,608,France,NULL,56,10 units,129255.2,2,,0,142492.04,1
15796370,Shah,604,Spain  ,Male,40,5,155455.43,1,0,1,113581.85,0
15799811,Herrera,724,France,Male,40,10,0.0,1,1,0,127847.25,1
15646566,Bell,763,France,Female,58 units,9,187911.55,1,0,1,35825.18 units,0
₹15705991,Kenenna,469,Germany,Male,38,9,113599.42,1,0,0,11950.29,0
15669611,Mott,632 units,France,Male,71,3,83116.68,1,1,1,27597.76,0 units
15587177,LLOYD,646,France,Male,36,6,124445.52,1,1,0,,0
15576760,Onodugoadiegbemma,673,Germany,Male,36,5,73088.06,2,0,0,196142.26,0
15706764 units,Spencer,560 units,France,FEMALE,35,1,0.0,2,1,0,3701.63,0
15637138,NULL,660,France,NULL,34,1,0.0,₹2,1,0,9692.58,0
15695819,,504,Germany,MALE,43,5,134740.19,2,1,0,181430.91,0
15593555,Chinedum,430,France  ,Male,38,9,0.0,₹2,1,1,12050.77,0
,Lewis,797,Germany,Male,32,1,151922.94,1,1,0,8877.06,0
15572145,Ashton,767,France,Female,34,8 units,0.0,2,1 units,0,94767.77,0
15701932,Millar,586,NULL,Female,52 units,6,140900.97,1,1,1,67288.89,0
15796787,Vassiliev  ,681,France,Male,46 units,0,105969.42,1,1,0,5771.56,0
15681081,Marrero,545,Spain  ,Female,47,5,0.0,2,1,1,38970.14,0
15652674,Hou,539,France,Male,20,0,83459.86,1,₹1,1,146752.67,0
15591577,Moran,,France,Male,,3,146311.58,1,1,1,105443.47,0
15716994,Green,559,Spain,Male,24,3 units,114739.92,1,1,0,85891.02,1
15759741,Knepper,591,Germany,Female,34,4,150635.3,₹1,1,1,72274.84,0 units
15591386,Golubova,622,France,Female,35 units,5 units,0.0,2,₹1,,51112.8,0
15802071,NULL,762,NULL,Male,35,1,117458.51,1,0,1,178361.48,1
15640905 units,Vasin  ,579,Spain,Female,35,1,129490.36,2,0,₹1,8590.83,1
15618750,Phillips,590,France,MALE,31,8,112211.61,1,1,0,26261.42,0
15752956,Stanley,629,Spain,Male,29,6,0.0,2,1,1,88842.8,0
15677123,,767,Spain,Male,37 units,7,₹0.0,2,1,1 units,24734.25,0
15719856,Lamb,646,France,Female  ,45,3,₹47134.75,1,1,1,₹57236.44,0
15672145,NULL,534,France,FEMALE,₹34,₹7,121551.58,,1,1,70179.0,0 units
15600575,PADOVANO,802,Spain,NULL,41,6,0.0,₹2,1,0,47322.05,0
15770576,Hammond,555,Spain,Male,₹50,7,128061.0,2,1,1,62375.1,0
15658929 units,Taverner,683,Spain,MALE,29,0,133702.89,₹1,1,0,55582.54,1
15665784,She,637,France,Male,27,9,128940.24,1,1 units,0,46786.92 units,0
15616280,Hsia,536,France,Male,46,1,65733.41,1,1,0 units,61094.53,0
15764351,YURYEVA,668 units,Germany,Female,59,5,120170.07,1,0,1 units,50454.8,₹0
15623566 units,Barnhill,714,France,Male,40,9,46520.69,1,1,1,96687.25,0 units
15692406,Gow,₹427,France,Male,37,5,0.0,2,1,₹1,121485.1,0 units
15808175,Castiglione,557,France  ,FEMALE,39,7,49572.73 units,1,1,0,115287.99,1
15768566,K?,₹706,France  ,Male,34,8,0.0,2,1,1,37479.97,0
15626322,Lees,699,Spain,,29,9,127570.93,2,1,,164756.81 units,0
15590623,Kovalyov,561,Spain,Male,34,4,85141.79,2,1 units,1,29217.37,
15719309,STEPHENS  ,,FRANCE,Female,42,1,115961.58,2,0,1,29483.87,0
15673372,Stevenson,635,France,Female,58,1,0.0,1,1,1,58907.08,1
15577423,,627,,Female,39,5,124586.93,1,₹1,0,93132.61,1
15625311,Dickinson,589,Germany,Female,41,7,92618.62,1,1,1,101178.85,0
15766908,Trevisani,488,Germany,Male,32,3,114540.38,₹1,1,₹0,92568.07,0
15570947,Bruny,615,Spain,Female,₹29,7,143330.56,2,1,1,126396.01,0
15762937,Chiganu,743,Germany,Female,32,6,140348.56,2,1 units,1,163254.39,0
15737051,Denisov,639,FRANCE,Male,27,8,0.0,2,1,0,192247.35,0 units
15570205,Tao,682,Spain,Male,36,5,0.0,2,1,1,147758.51,0
₹15579808,Kramer,754,Germany,FEMALE,39 units,8,129401.87,1,1,1,,0
15701176,Brown,663,France,Male,26,5,141462.13,1,1,0,440.2,0
15588566,Wilkinson  ,778,Spain,MALE  ,33 units,5,116474.28,2,₹1,1,32757.55,0
15661007,Thompson,660,France,Male,33 units,0,72783.42,1,0,0,181051.99,0
15622017,Bruno,773,Spain,Female,33,10,0.0,,1,1,98820.09,0
15595036,NULL,726,GERMANY,Male,30,7 units,92847.59,1,1,0,146154.06,0
15813718,Kirillova,651,Spain,Male  ,45,4,0.0,2,0,₹0,193009.21,0
15581237,BIRYUKOVA,573,Spain,Male  ,33,1,₹160777.9,1,1,1 units,149536.15,0
15738291,Nevzorova,671,France,Female,48,8,115713.84,2,0,0,₹83210.84,0
15709737,Hunter,643,France,Male,36 units,7,161064.64,2,0,1,84294.82,0
15662955,Nicholls,697,France,Male,27,8,141223.68,2,1,0,90591.15,0 units
15582714,Napolitani,749,Germany,Male,47,9,110022.74 units,1,0,1,135655.29,1
15584090,Jen,621,Spain,Female,40,7,0.0,2,0,1,131283.6,1
15670584,Nkemakolam  ,646,SPAIN,MALE,31,2,0.0,1,₹1,1,170821.43,1
15814209,Capon,814,France,MALE,,1,118870.92,1,1,0,101704.19,0
15759915,Rapuokwu,814,France,NULL,31,6,87772.52,1,,0,188516.45,0
15664214,NULL,670,FRANCE,Male,33 units,2,141204.65,2,1,0,76257.46 units,0
15639252,Shao,603,Spain,Male,30,6,129548.5,2,1,1 units,19282.85,0
15812422,Ugorji,637,France,Male,41,2,0.0,2,0,1,102515.42,0
15809509,VENABLES,699,FRANCE,Male,29,3,125689.29,1,1,1,151623.71,0
15620268,Thomson,634,Germany,Male,43,3,212696.32,1,1,0,115268.86,₹0
15662574,Brady,636,Spain,Male,37,1,115137.26,1,1,0,52484.01 units,0
15670492,Gordon,737,France,Male,28,8,0.0,2,1,0,106390.01,0
15737408,L?,703,France,FEMALE,41,6,109941.51,1,1,0,₹116267.28,0
15804017,Chigolum,631,Germany,Female  ,33,4,123246.7,1,0,0,112687.57,0
15698294,Royster,635,Spain,Male,31,1,0.0,2,1,₹0,135382.23,0
15786643,Tsao,602,France,MALE,32,10,0.0,2,1,1,116052.92,0
15577598,CHIANG,651,Spain,Male,23,₹4 units,115636.05,2,1,,₹70400.86,0
15723481,Wright  ,728,Spain,Male,42,8,0.0,2 units,0,1,41823.22,0
15750569,Iweobiegbunam,684,Germany,,46,3,102955.14,2 units,1,0,154137.33,0
15813590,Vance,610,Spain,Male,₹42,6,0.0,2,1,0,₹158302.59,1
15805565,Obiuto,,Germany,Male,30,7,116927.89,1,1,0,21198.39,0
15612931,Korovin,722,Spain,Female,50,4 units,,₹1,1,1,128262.14,0
15611947 units,Banks,557,France,Male,34,₹3,83074.0,1,1,0,132673.22,0
15748597,NULL,844,Spain  ,NULL,56,,99529.7,1 units,0,1,157230.06,1
15798348,Chukwuebuka,600,Spain,Female,50,6,,1,1 units,1,50488.91,0
15572051,,721,France,Male,40,3,0.0,1,1,1,144874.67,₹0
15624347,Fokine,651,France,MALE,40,₹4,0.0,2,1,1,,0
15664615,NNACHETAM,689,Germany,Female,30,5,136650.89,1,1,1,41865.72,1
15696361,Chung,648,Germany,Male,31,7,125681.51,1,0,1,129980.93,0
15731463,Gboliwe,818,Germany,Male,43 units,10,105301.5,1,1,1,78941.59,0
15649668,Wilhelm,637,Germany,Female,36,10,145750.45,2,1,1,96660.76,0
15656086,Bovee,542,Spain,Male,54,8,,1,0,1,140929.98,1
15658485,Heath,785,France,Female,34,9,70302.48,1,1,1,68600.36,
15722090,Tseng,₹615,Spain,Male,₹51,6,81818.49,1,1,1,169149.38,0 units
15779414,Rossi,696,NULL,Male,40,3,153639.11,1,1,1,138351.68,0
15668594,Diggs,620,Germany,Female,25,1,137712.01,1,1,1,76197.05,0
15803681,Sims,803,France,Female,26,4,0.0,2,1,1,181208.47,0
15679642,Feng,695,Spain,Male,44,8,₹0.0,2,1 units,1,70974.13,0
15742091,Parkhill,825,Germany,Female,35,6,118336.95,1,1,0,,1
15614813 units,Cocci,777,Germany,Female,46,0,107362.8,1,,0,487.3,0 units
15646262,Ross,622,France,NULL,31 units,7 units,0.0,1,1 units,0,35408.77,0
15769829,Cheng,534,Spain,Male,51,3 units,0.0,2,0,1,20856.31,0
15801256,Bazhenov,746,Spain,Male,49,7,0.0,2,0,1,10096.25,0
15595282,White,735,France,Female,33,4,0.0,2,1,,149474.69,0
15709252,Fuller,616,Germany,Female,28,10,105173.99,1,0,1,29835.37,1
,,766,GERMANY,Male,43,6,112088.04,2,1,1,36706.56,0
15614520 units,Smith,682,FRANCE,Female,37 units,8,148580.12,1,1,0,35179.18,0
15624423,Liu,850,France,Male,28,8 units,99986.98,1,1,0,196582.55,0
15670615,NULL,652,Spain,Male,37,7,0.0,2,₹1,0,68789.93,0
15732476,Ifeanyichukwu,,France,Female  ,27,3 units,0.0,2,0,1,125698.97 units,0 units
15590011,Hughes,749,Spain,Male,38,9,129378.32,1,1,1,13549.34,0 units
15674331,Bidwill,576,Germany,Male,₹30,7,132174.41,2,0,0,93767.03,0
15652835,Liang,419,Spain,Female,27,2,121580.42,1,0,1,134720.51,0
15590320,Shelton,850,France,Male,66,4,0.0,2,,1,64350.8,0
15673481,Morton,726,Spain,Female,48,6,99906.19,1,1 units,0 units,64323.24,0
15645717,Avdeeva,732,France,Male,62,2,0.0,2,1,1,25438.87,0
₹15595917,Mackay,580,France,Female,35,1,102097.33,1 units,0,1,168285.85,0
15572361 units,CHILL,790,Germany,Female,34 units,2,164011.48,1,1,,199420.41,0
15656263,Teng,764,Spain,Male,29,5,0.0,2 units,1,0,65868.28,0
15580988,Odell,842,France,Male,29,8,0.0,2,₹1,1,123437.05,0
15633546,Frederick,652,Spain,Female,₹33,3,124832.51,1 units,1,,195877.06,0
15663386,Tuan,597,Spain,Female,26,7,0.0,2,1,0,110253.2,₹0
15669491,CRUZ,850,France,NULL,46 units,2,157866.77,1 units,1,1 units,18986.12,0
15803633,T'ien,678,France,Female,46,1,0.0,2,0,0,82106.19 units,0
15568120,Lacross,681,France,Female,37,7,69609.85,1,1,1,72127.83,
15774164,Coles,502,Germany,Male,33,5 units,174673.65,2,1,,33300.56,0
15681506,Lane,₹478,Spain,Male,43,₹1,0.0 units,2,,1,197916.43,0
15749103,Ginikanwa,604,Germany,Female,47,,118907.6,1,0,1,47777.15,₹1 units
,NULL,700,Germany,FEMALE,30,4,116377.48,1,₹1,1,134417.31,0
15657603,Finch,850,France,Female,35,6,81684.97,1,1,0,824.0,0
15797276,Sturt,662,Spain  ,Female,41 units,4 units,90350.77,1,1,0,75884.65,1
15631359,Daluchi,489,France,Female,38,5,117289.92,1,0,0,85231.88,0
15629750,ARTYOMOVA,697,France,Male,35,₹5,133087.76,1,1,0 units,64771.61,0
15783097,Lombardo,813,Germany  ,Male  ,27,6,111348.15,1,1,0,46422.46,0
15736302 units,McKay,687,France,Male,48,4,0.0 units,2 units,1,1,170893.85,0
15727489,Madueke,567,Spain,Female,45 units,1,157320.51,1,1,0,62193.92,0 units
15624820,Ross,683,Spain,Male,56,₹7,,₹3 units,0,0,97629.31,1
15620988,MURRAY,616,,Male,46,2,₹0.0,2 units,1,0,137136.46,0
15812720,Hooker,807 units,Germany,Male,37,10,130110.45,2,0,1,172097.95,0
15712176,Burke,816,France,Male,31,8,0.0,,1,1,28407.4,0 units
15605000,John,550,France,Male,38,9,140278.99,3,1,1,171457.06 units,1
15698927,,675,France,Male,39,7,0.0 units,2,0,1 units,36267.21,0 units
15726403,Glenny,660 units,NULL,Male,₹41,1,129901.21,1,1,0,26025.6,1
15776725,Kerr,724,,Male,54,,₹172192.49,1,1,1,136902.01,0
15717498,Boni,775,France,MALE,42,6,133970.22,2,0,,187839.9,0
15595640,RIZZO,698,France,Male  ,37,8,0.0,2,0,0,145004.39,₹0
₹15793854,Ahmed  ,723 units,France,Male,42,2,99095.73,1,1,1,,0
15661827,Brown,693,Spain,Female,45,4,0.0,2,₹1,1,26589.56,0
15668886 units,Blakey,684,Spain,Female  ,38,₹3,0.0,2,1,0,44255.65,0
₹15616028,T'ao,694,France,Male,30 units,2,0.0,3 units,0,1,15039.41,0
15670943,See  ,778,Germany,Male,31,9,182275.23,2,1,₹0,190631.23,0
15745417,Knipe,707,France,NULL,58,6,89685.92,1,0,1,126471.13,0
₹15731790,Boyle,697,Germany,Female,38,6,132591.36,1,1,1,7387.8 units,1
15706223,Barnes,₹715,SPAIN,Male,₹38,2,96798.79,2,,1 units,4554.67,0
15736431,Congreve,494,Spain,Male,27,2,0.0,2,1,0,,0
15615029,MUNRO,734,Spain,Male,39,6,0.0,1,1,1,95135.27,0
15676091,Iloerika,543,France,Male,42,7,0.0,1,1 units,1 units,56650.47,0
15792627,REID,765,SPAIN,,33,5,84557.82,1,,1,69039.43,0
15727421,Anayolisa,586,France,Female,38,6,0.0,2 units,1,1,37935.83,₹0
15614740,Walters,684,France,Female,41,6,135203.81,2,1,1,121967.88,0
15594039,Lung,599,Spain,Male,42,6,0.0,₹2 units,₹1,0,113868.4,0
15654230,Miller,526,Germany,Male,31,5,145537.21,,1,0,132404.64,0
15617790,Hanson,626,France,Female,29 units,4,105767.28,2,0 units,0,41104.82,0
15624068,Fu,779,,Female,26,0,0.0 units,2,0,1,,₹0 units
₹15799653,Fiorentino,583 units,Germany,Female,32 units,7,94753.55,2,1,1,18149.03,0
15598338,Mays,647,GERMANY,,33,3,168560.46,2,,0,90270.16,0
,Meng  ,548,France,FEMALE,37,9,0.0,,0,0,98029.58,0 units
15680399 units,Tung,772,France,Male  ,23,2,0.0,2,1,0,18364.19,0 units
15636634,Lindon,630,Germany,Female,25,7 units,79656.81,1,1,0,93524.22,0
₹15688409,Donaldson,742,France,Female,28,2,,1,1,0,108457.99,1
15575883,Manna,559,France,Male,34,2,137390.11,₹2,1,0,9677.0,0
15671917,Wade,666,France,Male,46,5,123873.19,1,1,1,₹177844.06,0
15577078,Zakharov,539,Spain,Male,38,6,0.0,1,1,1,152880.07,1
15616172,Ubanwa,838,France  ,Male,31,2,0.0,2,1,0 units,8222.96 units,0
15632344,Jones,792,France  ,FEMALE,42 units,0,99045.93,2,1 units,0,47160.01,0
15802570,Dyer,811,France,Female,45,5,0.0,2,1,1,146123.19,0
15719265,NULL,589,France,Male,46,9,0.0,2,1,0,170676.67,0
15776518,Pugh,,France,Female  ,38,4,175739.36,1,1,1,193130.55,0
15799600,Coles,640 units,Germany,Male,48,1,111599.32,1,0,1,135995.58,0
15607753,Alexandrova,606,Spain,NULL,23 units,10,₹70417.79,1,0,1,₹90896.04,0
15674149 units,Esomchi,599,Germany,Male,₹36,3,128960.21,2,1,1 units,40318.33,0
15743076,Pai  ,669,,Male,29,9,0.0,1,1 units,,93901.61,0
15795895,Yermakova,678,Germany,Male,36,1,117864.85,2,1,0,27619.06 units,0
15575605,Napolitano,725,France,Male,38,6,0.0,2,,1,158697.28,₹0
15790455,,478,France,Female,50,2,0.0,1,0,1,93332.64,₹1
15619130 units,Simpson,752,Germany,Female,37,,113291.05,2 units,₹1,1,,0
,Akabueze,₹741,France,Male,37,9 units,105261.76,2,1,1 units,₹149503.54,0
15648989,Moss,850,France,Male,37,4,126872.6,1,1,0,197266.58,0
,Uspensky,522,Germany,Male,25,,111432.13,1,1,1,168683.57,0
15716357,Corran,,Spain,Female,39,4,122486.11,2,1 units,1,140709.25,0
15586479,Yin,692,France,Female,36,4,0.0,1 units,₹1 units,0,185580.89,1
15573926,Lung  ,735,Spain,Male,₹38,7,86131.71,2,0,0,93478.96 units,0
15796015,Wu,633,GERMANY,Male,42,3,126041.02,₹1,0,₹1,11796.89,0
15656717,Elewechi,687,France,Female,₹30,6,0.0,2,0,0,179206.92 units,0
15715638 units,Ch'ang,824,Germany,Male,77,3,27517.15,2,0,₹1,2746.41,0
15668521,Jamieson  ,693,France,,37,1,0.0,2,1,1,82867.55,0
15650098,Baranova,630,France,Female,40,7,0.0,2,1,1,34453.17,0
15626882,Stobie,662 units,SPAIN  ,Male,37,5,94901.09,1,1,1,48233.75,₹0
15602030,Ramirez,717,France,Male,28,4,128206.79,1,1,1,54272.12,0
15797910,Zetticci,775,Germany,Male,51,2,123783.25,1,1,1,₹134901.57,
15574842,Lorenzo,653 units,Germany,,25,2,158266.42,3,1,1,199357.24,0
15661507,Muldrow,587,Spain,,45,6,0.0,1,,0,158684.81,0
15682757,Pardey,₹734,France,Male,30 units,3,0.0,2,1,0,107640.25,0
15674922,Beavers,710,France,Male,54 units,6,171137.62,1,1,1,167023.95,1
15771323,Panicucci,480,Spain,Male,39,5,121626.9,1,1,1,82438.13,0
15680998,Nwankwo,725,France,Male,44,5,0.0,1,1,1 units,117356.14,0
15597901,Chidozie,609,France,Male,34,1,0.0,1,1,1,181177.9,0
15590146,Mao,630,France,MALE,50,1,81947.76,1,0,1,63606.22,1
15713463,Tate,645,Germany,Female,41,2,138881.04,1,1,0,129936.53,1
15723717,Heath,483,Germany,Male,41,1,₹118334.44,1,0,0,163147.99,1 units
15753079,Chidi,612,France,Male,41,5,0.0,3,0,0,151256.22,0 units
15687270,Iroawuchi,491,Spain,Female,61,8,0.0,2,0,1,139861.53,0
15627185,Terry,744,Germany,,29,6,123737.04 units,2,1,0 units,141558.04,0
15716781,Dolgorukova,,France,Male,24,7,171922.72,1,0,1,178028.96,0
15756070,GREENWOOD,585,Spain,FEMALE,44,4,₹0.0,2,0,1,101728.46,0
15582325,Jennings,524,France,Male,52 units,2,₹87894.26,1,1,0,173899.42,1
₹15604551,Robb,732,France,Female,35,3,0.0,2 units,1,0,90876.95,0
15720353,Chiang,553 units,France,Male,41,1,0.0,2,1,0,90607.31,0
15815097,Root,603,France,Female,34,9,0.0,2,1,0,167916.35,0
15598259,Gregory,673,Germany,Female,41,9 units,98612.1,1,1 units,0,151349.35,
15661591,Panicucci,413,Germany,Male,39 units,1,130969.77,2,1,1,158891.79,0
15754569,PAGNOTTO,664,France  ,Male,57,1,0.0,₹2,1,1,56562.57,0
15665811,,644,France,Male,₹33,9,₹141234.98,1,1,0,95673.05,0
15578648,Marino,543,Germany,Male,₹49,6,59532.18,1,1,0,104253.56,0
15698117,Jerger,701,Germany,Male,41,0,,1,0,1,127623.36,0
15768340,Beavers,642,,Female,19,3,113905.48,,1,1,176137.2,
15575430,ROBSON  ,579,France,Female,33,₹1,118392.75,1,₹1,1,157564.75,0
15719479,Chukwuhaenye,619,Spain,Female,56,7,0.0,2 units,1,1,42442.21,0
15757648,MARSHALL,683,Germany,Female,35,5,95698.79,1,0,1,182566.76,0
15703177,Bell,654,France,Female,35,2,90865.8,1,1,1,86764.46,0
15750497 units,Longo  ,850,France,Female,37,7,₹153147.75,1,1,1,152235.3,0
15678210,Robson,684,France,Male,38,,₹105069.98,2,1 units,1,,0
₹15728542,NULL,,France,,71,4,₹0.0,2,1,1,107236.87,0
15569430,Burrows,704,Spain,FEMALE,36,2,₹175509.8,2 units,1,0,152039.67,₹0
15728917,Gill,598 units,FRANCE,Male,48,6,,1,1,0,30635.52,1
15719352,Davidson,,Spain,NULL,39,6,₹170184.99,2,1,0,89593.26,0
15722845,Meldrum,665 units,,Male,29,1,182781.74,2,1,1,63732.9,0
15682928,Chiazagomekpere,,Spain,Male,39,4,65521.2,1,1,1,1243.97,0
15712543,Chinweike,789,Germany,Male,39,7,124828.46,2,1,,124411.08,₹0
15802256,Yao,439,France,MALE  ,28,7,110976.23,2,1,0,138526.96,0
15768777,Wang  ,507 units,Spain,Female,34,4,0.0,2,1,₹1 units,60688.38,0
15700263,Ifeatu,569,France,Male,66,2,0.0,1,1 units,0,130784.2,1
15768763,Bogdanov,562,France  ,Male,37,2,0.0,1,0 units,1,52525.15,1
,Pagnotto  ,798,Germany,Female,38,4,129055.13,1,1,0,157147.59,0
15743828,Stevens,691,,Male,41,2,0.0,1,1,1,56850.92,1
15600280,Tao,703,France,NULL,32,6,0.0,2,0,0,33606.52,0
15765173,Lin,350,France  ,Female,60,3,0.0,1,0 units,0,113796.15,1
15619304,Onio,₹502,France,NULL,42,8,159660.8,3,1 units,0,113931.57,1
15614103,Colombo,850,Germany,Male,42,8,₹119839.69,₹1,0,1,₹51016.02,1
15606232,Holloway,621,NULL,Female,36,7,116338.68,1,,1,155743.48,0
15609299,Chamberlain,595,France,Male,29,6,150685.79,1,1,₹0,87771.06,0
15751177,Milne,685,GERMANY,Female,44,2 units,119657.53,1,1,0,145387.05,1
,Robertson,569,Spain  ,Male,35,3,116969.35,1,0,0,94488.82,0
₹15671655,,763,Germany,Male,31,7,143966.3,2,1,₹1,140262.96,₹1
15716605,Chukwufumnanya,710,Germany,Female,24,7,₹103099.17,2 units,1,0,173276.62,0
15711977,Finch,695,France,Male,36,4,₹161533.0,1,₹1 units,,100940.91,0
15645896,NULL,646,Germany,MALE,39,6,₹121681.91,2,0,1,61793.47,0
15685329,McKenzie,531,FRANCE  ,Female,63,1,114715.71 units,1,0,1,24506.95,1
15738980,Yobanna,506,France,Male,43 units,2,0.0 units,2,1,0 units,105568.6,0
15578799,Anayolisa,625,France  ,Female,58,10,53772.73,1,1,1,192072.1,1
15743192,HUNG,623,France,Female,44,6,,2,0,0,₹167162.43,0
15747043,Giles,599,Spain,Male,36,4,0.0 units,2,0,0,13210.56,0
15813034,Martin,727,Spain,Male,38,2,62276.99,1,1 units,1,59280.79,0
15717231,Yang  ,721,Germany,Male,37,4,98459.6,1,0 units,0,90821.66,0
15795878,Anayochukwu  ,636,Spain,Male  ,45 units,,0.0,2,1,1,159463.8,0
15806455 units,Miller,611,France,NULL,27,₹7,0.0,2,1,1,157474.1,0
15658195,Efremova,653,France,Male,34,5,118838.75,1,₹1,1,52820.13,0
15636069,Plummer,632,Spain,Male,₹28,7,₹155519.59,1,1,0,1843.24,0
15569892,,516,France,Male,35,10,57369.61,1,1,1,101699.77,0
15737778,Dickson,782,Spain,FEMALE,41,4,0.0,1,1,0,132943.88,0
15572114,Shih,673,Spain,Male,40,1,121629.22,1,1,1,3258.6,0
15808831,Dale,669,France,NULL,29,7,0.0,2,₹1 units,1,138145.62,0
15657306,Kershaw,567,France,Female,47,2 units,0.0,1,0,0,110900.43,1
15626684,Huang,547,France,Female,38,5,167539.97,₹1,0,1 units,159207.34 units,0
15736420,Macdonald,596,France,Male,21,4,210433.08,2,0,1,197297.77,
15601503,Tokaryev,578,Spain,Male,28,4,0.0,2,0,0,6947.09,₹0
15606855,Wang,730,Spain,MALE  ,₹26,6,0.0,2,,1,185808.7,0
15806467,Boyle,568,Germany,Male,40,₹1,99282.63,1,0,0,134600.94,1
15655961,Palermo,756,Germany,Male,27,1 units,131899.0,₹1,1,,93302.29,0
15590730,Hunt,₹745,Spain,Male,34,9,,2,1,₹0,50046.25,0
15586880,P'eng,₹594,Germany,Male,41,2,122545.65,2,1,1,₹42050.24,0
15709387,OBIAJULU,711,France,Male,52 units,5,0.0,1,1,1,159808.95,0
15660385,Stevenson,592,France,Male,39,7,0.0,2,1,0,83084.33,0
₹15631392,Douglas,654,Germany  ,Male,43,9,84673.17,2,0,1,₹82081.35,0
15776596,,730,Spain,NULL,39,6,140094.59,1,1,0,172450.04,1
15673971,Houghton,655,Germany,Female,44,6,146498.76,1,1,0,64853.51,1
15799384,Collier,683,France,Male,33,8,0.0,1,0,0,73564.44,0
15789425,Marsden,694,Germany,Female,37,8,98218.04,2,1,0,,1
15771855,Yu,682,France,Male,37,5,0.0,2,0,1,112554.68 units,0
15734649,Martel,779 units,Spain,Female,55,0,133295.98,1,1,0,22832.71,1
15649297,T'ang,605 units,France,Female,62,4,111065.93,2,0,₹1,125660.99,0
15697441,HSUEH,485,FRANCE,Male,29,7,182123.79,₹1,1,0,116828.51,1
15678146,NULL,668,Spain,Female,₹24,7,173962.32,1,0,₹0,106457.11,1
15768282,Perez,724,Germany,NULL,36,6,,₹2,1,1,10627.21,0
,NULL,564,,Male,37,9,100252.18,1,1,1,146033.52,₹0
15660636,NULL,540,Spain,Female,40,₹8,0.0,2,1,0,3560.0,0
15726747,Donaldson,714,France,Male,63,,138082.16,1,0,1,,₹0
15620030,NULL,744 units,France,NULL,29,1,0.0,1,0,0,82422.97,0
15735388,Wayn,,France,Female,25,7 units,108664.85,2,1,0,190011.85,0
15686885,Nekrasov,777,Germany,Male,44,3,124655.59,2,0,1,79792.3 units,0
15810775,Tsao,576,SPAIN,Male,,2,100549.43,2,1,1,16644.16,₹0
15635775,Watt,781,FRANCE,Male,33,3,89276.48,1,1,0,6959.0,0
15752885,Nnonso,529,France,Male,42,1 units,157498.9,1,1,1,82276.62,0
15568819,CHIGANU,619,Germany,Female,42 units,8,₹132796.04,3,1,1,191821.35,1
,Demuth,747,Germany,Female,32,5,67495.04,2,0,1,77370.37,0
15775590,MACKAY,482,Germany,Female,48,₹2,69329.47,1,0,0,102640.52,₹1
15750014,NULL,₹755,Germany,Female,37,0,113865.23,2,1,1,117396.25,0
15680278,,661,,Female,42,9,75361.44,1,1,0,27608.12,1
15598046,Su,662,France,Female,39,5 units,139562.05 units,2,1,0,61636.22,0
15711288,HAY,512,France,Male,24,6,0.0,2 units,1,0,37654.31,0
15631240,Dubinina,,France,Female,36,8,0.0,2,1,1,12096.61,1
15706131,Logan  ,621,Spain,Female,37,9,83061.26,2,1,0,9170.54,0
₹15622897,SHARPE,646,France,Female,46,4,0.0,3,1,0,93251.42,
15757759,,807,Spain,Female,28,,165969.26,3,1,0,156122.13,1
15724858,Begum,688,NULL,Female,54,9 units,0.0 units,₹1,1,0,191212.63,1
15627042,Reilly,555,France,Female,26,7,0.0,2,1,0,93122.41,0
,Pirozzi,554,Spain,Female  ,34,8,0.0,1,0,1 units,106981.03,0
15612525 units,,499,France,Female,57,1,0.0,1,0,0,131372.38,1
15768476,Chukwubuikem,703,Spain,Male,₹31,6,0.0,2,1,1,67667.19,0
15744582 units,Randall,680,France,Female,24,10,0.0,3,1,0,154971.63,1
15652626,Grave,826,France,Male,55,4,115285.85,1,1,0,140126.17,0
15626578 units,Milne,622,France,Male,26,9,0.0,2,1,1,153237.59,0
15631848,Grover,727,France,Female,26,9,121508.28,1,1,1 units,146785.44,0
15565879 units,Riley,₹845,France  ,Female,28 units,9,0.0,2,1,1,56185.98 units,0
15601627,Siciliano,587,France,Male,,8,₹148163.57 units,1,0,0,122925.4,0
,Campbell,806,Spain,Female,37,2,137794.18,2,0,1,₹75232.02,0
15642041,Burns,727,Germany,Male  ,40,1,93051.64,2,1,0,71865.31,₹1
15696371,Thomas,812,Spain  ,Female,24 units,1,92476.88 units,1,0,0,83247.14,0
15754929,Douglas,757,France,Male,31,10,39539.39,2 units,0,0 units,192519.39,0
15618363,Muomelu,659,,Male,,₹9,82916.48,1 units,1,1,84133.48,0 units
15680920,Marchesi,695,France,Male,46,7,49512.55,1,1,0,133007.34,0
15702293,Medvedeva,588,Spain,Female,35,,0.0,2,1,1,108739.15,0
15780804,Nucci,482,France,Male,55,5,97318.25,1,0,1,78416.14,0
15740072,Padovesi,720,France,Female,,2,₹120328.88,,1,1,138470.21,0
15754443 units,Fadden,443,France,Female,35,9,₹108308.0,1,1,0,129031.19,1
15717629,Docherty,632,Germany,Male,42,6,59972.26,2,0,1,148172.94,0 units
15660417,Lambert  ,613,Germany,Female,43,10,120481.69,1,0,0,94875.03,1
15778589,Collier,626,France,Male,34,7,,2,1,1,56646.28,0
15569867,Chinweuba,529,France,Female,29,8,0.0,2,1,0,19842.11,0
,Milani,559,Spain  ,Female,27,1,₹0.0,1,0,1,1050.33,₹0
15591607,Fernie,770,France,Male,24,9,101827.07,1,1,0,167256.35,0 units
15692463 units,Rahman,799,Spain,FEMALE,28,3,142253.65,1,1,0,45042.56,0
,Marshall,616,Spain,Male,30,5,0.0,2,0,1,196108.51,0
15730735,Henning,713,France,Male,38,9,72286.84,2,1,1,26136.89,0
15640409,Carpenter,817,Germany  ,Female,46,0,89087.89,1 units,0,1,87941.85,1
15773972,Balashov,₹614,France,,50,4,137104.47,1,1,0 units,127166.49,1
15782247,Yeh,540,France,Male  ,22,₹4,0.0,3 units,1,1 units,186233.26,
15569626,Miller,577,Spain,Male,35,5,110080.3,1,1,1,109794.31 units,0
15613319,Rice,793 units,France,Female,33,0,0.0,1,0,0,175544.02,0
15644882,,616,Germany,Female,36,10,78249.53,1,1,0,136934.91,0
15717191,Ferri,508,France,Male,49,1 units,93817.41,2,1,1,132468.76 units,1
₹15639004,Chiemezie,668 units,France,Male,72,₹2,0.0,2,1,1,70783.61,0
15750104,Chan,718,Germany,Male,43,5 units,132615.73,2,1,0,32999.1,0
15602551,Johnson,667,Spain,MALE,39,9,0.0,2,1,0,68873.8,0
15591428,Myers,781,France,Male,29,9,0.0,2,0,0,172097.4,0
15739131,Whitworth,718,,Male,,4,65643.3,1,1,0,28760.99,0
15593683,Solomina,668,Spain,Female,30,8,0.0,2,1,0,138465.7,0
15592000,Calabresi,,Germany,FEMALE,48,9,82794.18,1,1 units,0,124720.68,1
15575214,Ch'en,709,France,Male,37,7 units,0.0,1,1,0,159486.76,₹0 units
15657085,Gardiner,578,France,Male,23,10 units,88980.32,1 units,1,1,125222.36,0 units
15749528,Achebe,652,Spain,Male,₹58,6,0.0,2,0,1,170025.43,0
15641732,Mills,543,France,Female,36 units,3,0.0 units,2,0,0,26019.59,0
15675949,Fleming,696,SPAIN,Female,43,4,0.0,2,₹1,1,66406.37,0
15733876,Schneider,667,France,Male  ,36,9,0.0,2,1,1,40062.29,0
15730590,Ko  ,738,Germany,Female,40,1,115409.18,2 units,0,0,180456.8,0 units
15788224,Sanderson,669,Germany,,45,1,123949.75,1,0,0,110881.56,0
15791674 units,Sutherland,846,FRANCE,Female,34,10,142388.61,2,0,1,68393.64 units,₹1
15676156,BOYLE  ,528,France,FEMALE,32,4,85615.66,2,1,,156192.43,0
15813422,Lu  ,781,Spain  ,Male,35,4,80790.74,1,1,0,116429.51,0
,Dilibe,679,Germany,FEMALE,37,8,77373.87,2,0,1,174873.09,0 units
15692002,Skelton,538,France,Male,33,6,93791.38,1,1,1,199249.29,0
15783019,Price,794,France,Female,62 units,9,123681.32,,1,0,173586.63,1
15784761,Ballard,554,Spain,FEMALE,46 units,7,,3,0,1,96929.24,1
15601172,NELSON,672,France,Male,31,6,91125.75,1,1,0,177295.92,0
₹15624715,Ma,593,Spain,,40,2,,1,1 units,1,5194.95,0
,Whitehead,708,France,Female,44,2,161887.81,2,,0,84870.23 units,0
15725068,Quinn,,Spain,Female,21,9,0.0,2,₹1,1,26327.42,0
15723671,Lucciano,661,France,Male,35,9,100107.99,1,1,0,83949.68,0
15604891,Zaytseva,624,Spain,Female,38,8,0.0,2,1,0,95403.41 units,0
15703413,Montes,519,France,Female,38,7,125328.56,1,1,0,188225.67,0 units
15709511,,622,France,Male,43,8 units,0.0,2,1,0 units,100618.17,0
15746802,Onio,477,France,Female,30,6,131286.46,1,1,0,194144.45,0
,,450,Spain,Female,46,5,177619.71,1 units,,,₹54227.06,0
15791191,Mitchell,633,NULL,Male,59 units,2,103996.74,1,1,1,103159.11,0
15580493,Chin,469,France,Male,33,1,127818.52,1,1,0 units,163477.22,0
15671293,Marcus,779,Germany,Female,37,2 units,128389.63,,1,1,6589.16,1
15632850,T'ang,731,France,Male,37,8,,2,1,1,170338.35,0
15734886,NULL,₹686,France,Female,34,3,123971.51,2,1,0,147794.63,0
₹15712568,NULL,515,Spain,MALE,40,10,121355.99,1,1,0,138360.29,0
15784736,Jamieson,₹562,France,Male,45,6,136855.24,1,1,,46864.0,0
15773731,John,758,Spain,NULL,35,5,0.0,2,0,0,100365.51,0
15581539,Atkinson,474 units,,Male,37,3,0.0,2,0,0,₹57175.32,0
15739476,Ferrari  ,680,France,Female,32,5,0.0,1,1,1,150684.23,0
15679307,NULL,559,France,Female,43 units,1,0.0,1,0,1,86634.3,0
15576615,Giordano  ,719,Spain,Male,37,10,145382.61,1,₹1,0 units,80408.59,0
15589361,Chikwendu,716,Spain,Male,34,9,₹0.0,₹1,1,1,66695.71,₹0
15581733,Bates,781,France,Female,28,4,0.0,2,1,0,177703.15 units,0
15635197,Glover,640,Germany,Male,26,5,90402.77,1,1,1 units,3298.65,0
15812893,COSTA,629,France,Female,39,10,0.0,2,1,1,43174.49,1
,Cook,690,France,NULL,35,6,112689.95,1,1,0,176962.31,0
15775627,Gordon  ,509 units,France,Male,35,8,0.0 units,2,0,1,67431.28 units,0
,Grant,701,Germany,Male,38,₹3,125385.49,₹2,0,1,52044.66,0
15596984,Pinto,629,France,Female  ,₹31,6,0.0 units,1,1,1,16447.6,1
15745433,CONTI,716,Germany,Female,30,2,205770.78,2,0,0,65464.66 units,0
15640648,Howe,698,France,Male,36 units,6,0.0,2,0,1,19231.98,0
15574237,,588 units,France  ,Female,21,8,0.0,2,1,1,110114.19,0
15692430,Milano,699,NULL,Male,36,2,123601.56 units,2,,0,103557.85,0
15587573,Castiglione,626,Germany,Male,27,4,115084.53,2,0,1,26907.43,0
15768600,Harris,805,Germany,Male,50,9,130023.38,1,1,0,62989.82,1
15778934,,678,SPAIN,Female,49,8,0.0,2,0,1,98090.69,0
15643967,Chineze,652,France,NULL,37,4,92208.54,1,₹0,1,197699.8,1
₹15661162,Akabueze,526,Spain,Male,49,2 units,0.0,1,1,0,114539.67,1
15645637,Huggins,798,Germany,Female,39,6,119787.76,1,1,1,164248.33,0
15649430,White,723,France,Male,28,4,0.0,2,1,1,123885.88 units,
15758692,Kao,669,FRANCE,Female,29,7,146011.4,1,0,0,50249.16,0
15608344,Dawson,749,Germany,Female,29,7,137059.05,3,1,0,₹102975.72,1
,Yevdokimova,609,France,Male,37,1,39344.83,1,1,1,178291.89 units,1
15679200,Crawford,580,Spain,Male,29,9,61710.44,2,1,0,128077.8,0 units
15687421,Highland,559,SPAIN,Male,67,9,125919.35,1,1,0,175910.95,1
15570141,P'eng,724,France,Female,34,3,132352.69,1,1,0,80320.3,0
15774491,ROSS,480,France,Female,28,6,0.0,2,0,0,48131.92,0
15627195,Parrott,568 units,Germany,Male,26,1,112930.28,₹2,1,0,22095.73,0
15568963,Naquin,₹674,Germany,,,2,152797.9,1,1,0,175709.4,1
15615245,Shao,660,France,Male,19,5,127649.64,1,1,,40368.65,
15669282,Uchechukwu,636,France,Female,20 units,10,124266.86,1,0,0,100566.81,0
15593468,Findlay,850,France,FEMALE,33,3,0.0,2 units,1,1,11159.19,0
15810075,Fang,648,France,Female,39,6,130694.89,2,1,1,₹153955.38,₹1
15607230,Michel,588,Germany,Male,33,9,150186.22,2,₹1 units,1,65611.01,0
15605804,WATSON,737,France,Male,45,10,₹0.0,2,1,0,1364.54,0 units
15595874,NULL,666,Spain,Female,36,6,0.0 units,2,1,0,176692.87,0
15693814,Niu,806,SPAIN,Male,25 units,7,0.0,2,1,0,18461.9,0
15782630,Genovese,543,France,NULL,35,5,137482.19,1,0,0,62389.35,0
15795990 units,Lumholtz,722 units,GERMANY,,48,10,₹138311.76,1,1,1,3472.63,1
15623989,Griffin,₹435,France,Male,54,3,0.0,1,1,0,156910.46,1
15814116,Castiglione,583,France,Female,42,7,0.0,2,1,0,144039.05,0
15641004,Doyne,605,Spain,Female,48,₹10,150315.92,1,0,1,,0
15572356,Tsai,689,Spain,Male,73,1 units,₹108555.07,1,0,1,167969.15,0
15796790,Amaechi,₹573,France,Female,47,8,154543.98,1,1,0 units,29586.73,0
15581968,Reid,745,France,Female,33,1,0.0,2,1,1,174431.01,0
15740868 units,Pirogova,658,Germany,Female,45,9,134562.8,1,1 units,1,159268.67,0 units
15752139 units,Salter,682,Germany,Male,36,5,72373.62,2,1,0 units,36895.99,0
15615096,Costa,492,France,Female,31,7,0.0,2,1,1,49463.44,0 units
15710315,Chukwukadibia,529,Germany,Male,29,4,135759.4,1,0,,112813.79,1
15623502,Morrison,598,Spain,Female,56,4,98365.33,1 units,₹1,1,44251.33,0
₹15661629,Ricci,522 units,NULL,Male,34,9,126436.29,1,1,₹0 units,174248.52,1
15653997,Haynes,699,Spain,Male,31,6,114493.68,1,0,0,138396.32,0
15761525,,,SPAIN  ,Female,31,10,96997.09,2,0,0,,0
15594594,Loggia  ,546 units,Spain,,₹42,7,139070.51,1,1,1,86945.0,0 units
15734659,Sozonov,640,NULL,Female,46,5,107978.4,,1,0,155876.06,0
15735222,Ignatieff,705,Spain,Female,23,5,0.0,2,1 units,,73131.73,
₹15810218,Sun,610,Spain,NULL,29,9,0.0,3,0,1,83912.24,0
15715394,NULL,613,Spain,Male,35,4,123557.65,2,0 units,1,170903.4,0
15622834,Stevenson,₹678,France,Female,35,4,0.0 units,1,1,0,125518.32,0
15702190,Fan,672,Spain,Male,43,5,0.0,₹2,1,1,64515.5,0
15771728,Mackenzie,641,Germany,Male,41,7,104405.54,3,1,0,₹17384.21,0
15633608,Black,641,France,Male,33,2,146193.6,2,1,1,55796.83,1
15658435 units,Hingston,781,France,Female,₹27,5,0.0,2,0,0,72969.9,0
,McMillan,774,France,Female,26,5,0.0,2,1,1,64716.08,
15782531,Chou,,Spain,Female,31,8,0.0,2,1,0,,0
15662100,Hsu,850,Germany,NULL,44,,128605.32,1,0,1 units,,0
15739194,Manfrin,₹548,SPAIN,Male,38,₹0,,2 units,1,0,38434.73 units,0
15771580,Davison,850,FRANCE,Female,38,0,106831.69,1,0,1,148977.72,0
15674583,Trevisani,768,France,Male,25,0,78396.08,1,1,1 units,8316.19,0
15746203,Hsia,555,Germany,Male,62,4,119817.33,1,0,1,43507.1,1
₹15644621,Mironova,597,Germany,Female,40,9,106756.01,2,1,0,151167.94,0
15736228,Chambers,645,France,Female,40,₹3,129596.77,1,1,1,103232.6,0
15578369,Chiedozie,652,Germany,Female,37,₹9,145219.3,1,1,0,159132.83,0
₹15795737,McNaughtan,771,Spain,Female,47,3,72664.0,2,1,1,107874.39,0
15782121,Leonard,610,,Female,,2,0.0,2,1,0,14546.76,0 units
15685826,Hsiung,563,France,MALE,30 units,7 units,90727.79,1,1,0,122268.75,0
15636238,Graham,611,NULL,MALE,40,1,0.0,2,1,1,102547.56 units,0
15774551,K?,772,SPAIN,Male,36,3,112029.83,1,1,1,186948.35,0
15812272,Ugonna,693,GERMANY,NULL,44,5,124601.58,2,1,1,46998.13,1 units
15642001,LORENZEN,,Germany,Male,44,9,119530.52,1,1,0,119056.68,1
15566543,Aldridge,573,Spain,Male,₹44,9,0.0 units,2,1,0,107124.17,0
15811958,Medland,850,Germany,Male,44,,112755.34 units,2,0,0,158171.36 units,0
15740428,Wyatt,507,France,Female,35,1,0.0,2 units,₹0,0,92131.54,0
15803352,Scott,613 units,,MALE,33,3,155736.42,2,1,1,57751.21,0
15784594,MAZZI,549,Germany,Female,37,1,130622.34,2 units,1,1,128499.94,0
15592379,Walker,741,Spain,Female,42,9,121056.63,2,1,0 units,39122.58,0
15730272,EVSEEV,619,France,Male,58,5,,1,1,1,86022.09,0
15593345,Bradbury,502,Germany  ,Female  ,33,6 units,125241.17 units,2,1,1,158736.07,0
15723169,Williams  ,640 units,France,Female,31,9,138857.59 units,1,1,0,48640.77,0
15790809,Lo Duca,685,Spain,Male,40,7,74896.92,1,1,0,198694.2,0
₹15762716,Chigozie  ,762,Spain,FEMALE,60,10,168920.75,1,1,0,31445.03,1
15763798,McMillan,680,France,Male,23,5 units,140007.19,1,0,1 units,₹31714.08,0
15798024,LORI,537,NULL,Male,84,8,92242.34,1,1,1,186235.98,0
15578783,Mai,620 units,Germany,Male,35,0,76989.97,1,1,1,17242.79,0
15726589,Matveyev,540,GERMANY,Male,39,1,82531.11,₹1,1,,114092.52,0
15685109 units,Teng,689,France,Male  ,₹39,7,0.0,2,0,₹0,14917.09,0
15757310,Otitodilichukwu,655,Germany,Male,₹67,6,148363.38,1,1,1,186995.17,0
15650454,Tran,641,France,Male,57,5,0.0,2,1 units,1,122449.18,0
15813132,Chukwukadibia,696,Germany,Male,30,4,114027.7,1,1,1,193716.56,0
15599268,Yobachi,584,Spain,Male,32,5,0.0,2,1,0,10956.82,0
15624729 units,Tsao  ,594,FRANCE,Male,27,0,197041.8,1,0,,₹151912.49,₹0
15715031,NULL,,France,Female,28,6,0.0,2 units,0,1 units,₹52193.23,₹0
15605968,Fancher,574,France,Male,26,8,,1,1,1,43093.67,0
15592461,NULL,603,Germany,Male,26 units,4,₹109166.37,1,1,1,92840.67,0
15610711,Eluemuno,678,Germany,NULL,40,8,128644.46,1,₹0,0,167673.37,0
15607634,Cobb,606,,Male,40,9,95293.86,2,0,1,96985.58,0
15712319,Chukwukere,714,Spain,Male,45,8,150900.29,2 units,0,1,139889.15 units,0
₹15578045 units,Mitchell,,Spain,Female,49,9,141434.04,1 units,0,0,173779.25,1 units
₹15650258,Sinclair  ,479,France,Female,35,2,113090.4,1,1,0,195649.79,0
15665760,Kazantsev,802,SPAIN  ,Male,38,₹7,0.0,2,0,1,57764.65,0
15659149,King  ,530,France,Male,39,2,0.0,2,,0,,0
15787151,Liao,638,France,Female  ,34,7,0.0,,1,1,198969.78,0
15750574,LUMHOLTZ,677,Spain,Female,34,4 units,0.0,2,1,1,6175.53,0
15752409,Grant,553,France,Male,31,₹6,0.0,2,0,0,124596.63,0
15606229,Obijiaku,771,France,Male,39,5,₹0.0,2 units,1,0,96270.64,0
15807728,Ferri  ,530,France,Female,45,1 units,0.0,₹1,0,1,190663.89,1
15607874,Keane,687,France,Male,38,0,144450.58,1 units,0,1,₹137276.83,0
15634218,Mancini,501,Germany,Male,27 units,4,95331.83,2,1,0,132104.76,0
15754112 units,Musgrove,653,Spain,Male,55 units,7,0.0,2,1,1,,
15697129,Ulyanova,706,Spain,Female  ,43,1,0.0,2,1,0,31962.77,0
15715003,Ko,625,Spain,,49,₹2,80816.45,1,1,1,20018.79,0
15719090,Osonduagwuike,676,Germany,Female,34 units,4,89437.03,1,1,1,189540.95 units,0
15778345,NULL,749,NULL,Female,33,1,74385.98,1,1,0,20164.47,0
15708714,NULL,675,France,Female,33,6,0.0,2,1,0,34045.61,0
15775108,Lo Duca,571,France,Male,34,₹1,99325.04,2,0,1,186052.15,0
15781678,Pisani,470,Spain  ,Male,31,4,55732.92,2 units,1,1,103792.53 units,0
15794345,Ma,706,NULL,Male,38,8,0.0,2,0,1,46635.11,0
15723851,Mazzanti,699,Spain  ,Male,40,2,0.0,1,1,0,78387.32,0
15638988,Fu,684,France,,54,6,0.0 units,2,1,1,94888.6,0 units
15726179,Ferrari,757,Germany,Female,43,5,131433.33,2,1,1,₹3497.43,1
15672216,Uvarov,584,France,Female  ,40,4,82441.75,1,0,0 units,80852.11,0
15643378,Muir,744,France,Male,42,1,112419.92,₹1,1,1,83022.92,0
15630661,Vasilyev,614,Spain,Female,25,10,75212.28,1,1,0,58965.04,0
15686588,MANFRIN,777,France,Female,28,2,134571.5 units,1,0 units,₹1,118313.38,0
15740406,Padovesi,628,Germany,Male,,10,113525.84,1,1,0,46044.48,1
15577359,Bezrukov,767,Spain,Male,47,5,0.0,1,1,0,121964.46,1
15755239,Maughan,758,GERMANY,Male,32 units,4,162657.64,2 units,1,1,,0
15791867,HICKS,₹544,GERMANY,Male,44,2,108895.93,1,0,0,69228.2,1
15566380,Drury,586 units,Spain,Female,₹33,₹10,66948.67,2,1,1,140759.03,0
15634632,NULL,711,France,Male,38,3,₹0.0,2,₹1,0,68487.51,₹0
15585255,,577,France,Male,42,9,0.0,1,1,0,74077.91,0
15682454,MCFARLAND,626,NULL,FEMALE,₹34,3,0.0,₹2,1,1,₹37870.29,0
,Metcalfe,831,France,Female,32,2 units,,,1,0 units,191260.74,0
15674541,Robinson,575,Spain,Male,52,8 units,,1,0,0 units,111342.66,1
15633227,Kenechukwu,₹518,FRANCE,Female,28,₹9,85146.36,1,0,0,2803.89,
15667651,Young,585,Spain,Female,33,8,0.0,2,₹1 units,0,114182.07,0
15580043,Murray,575,Spain,Female,22,8,105229.34,1,1,1,34397.08,0
15650351,Millar,653,France,Female,38,8 units,102133.38,₹1,1,1,166520.96,₹0
15709324,Bruce,417,France,MALE,34,7,0.0,2,1,0,55003.79,0
15675585 units,Burns,416,,Female,25,0,97738.97,2,1,1,160523.33,0
15782236,Gibbs,735,Spain,Male,34,5 units,0.0,2,0,0,₹71095.41,0
15774192,Miller,₹539,GERMANY,Female,,8,105435.74,1,0,0,80575.44,1
15811290,Komarova,680,GERMANY,Male,,0,129974.79,2,1,1,33391.38,0
15723856,GONZALEZ,602,France,Female,29,3,88814.4,,1,1,62487.97,0
15770041,Manna,728,Spain  ,Female,43,8,128412.61,1,0,₹1,139024.31,0
15720706,Hsing,529,Spain,Female  ,39,2,82766.43,1,1,1,122925.44 units,0
15635097,Okeke,599,Germany,Male,39,2,188976.89,,0,1,176142.09,0
15621653,Rice,716,France,NULL,29,10 units,87946.39,,1,1,182531.74,0
15601811,Caldwell,668,France,Female,53,10,110240.04,1,0,0,183980.56,1
15807555,Chung,535,France,Male,45,2 units,0.0,₹2,1,0,125658.28,0 units
15762588,Kaleski,644,France,Male,31,5,0.0,2,1,1,41872.17,0
15679738,Brown,527,,Female,35,,0.0,1,1,0,98031.53,1 units
15569394,Bailey,704,NULL,Male  ,24,2,148197.15,,1,0,182775.08 units,0
15801277,Maccallum,715,France,Female,31,2,112212.14,2,1,1,181600.72,0 units
15658432,Freeman,688,France,Male,40,6,0.0,1,1,1,47886.44,0
15805955,L?,638,FRANCE,,48,10 units,138333.03,1,1 units,1,47679.14,0
15612594,IFEANACHO  ,599,Spain,Male,25,3,0.0,2,1,1,120790.02,0
15806796,Higgins,516,Germany,Female,33,10,138847.9,1,1,1,127256.7,
15682048,Pisano,605,France  ,Female,51,3,136188.78,1,1,1,,1
15699550,Babbage,695,SPAIN,Female,34,9,0.0,2 units,1,1,,0
₹15730150,Otutodilichukwu,540,Spain,Male,37,0,120825.7,1,₹1,,28257.89,0 units
15706706,Chinwendu,648,Germany,Male,33,7,135310.41,2 units,0,1,171668.2,0
15701885,Tucker,647,France,Female,40,9,0.0,2,0,1,92357.21,0
,Liu,590,France,Male,47,3,0.0,2,1 units,0,171774.5,0
,Buccho,504,France,MALE,42 units,3,₹134936.97,2 units,0,0 units,135178.91,0
15692664,Diribe,677,France,NULL,58,1,90022.85,1,0,1,2988.28,
15578722,Bradley,689 units,NULL,Male,39,4,0.0,2,1,0,196112.45,0
15572021,Ts'ao,798,Germany,Female,29,8,80204.11,2,1,₹0,₹70223.22 units,0
15583076,Deleon,588,Germany,Male,41,6,106116.56,2,1,0,198766.61,0
15641170,Liang,640,Spain,Male,36,₹4,0.0,1,0,0,173016.46,0
15618245,Chukwumaobim,706,Germany,MALE,31,1,117020.08,2,1,0,54439.53,₹0
₹15627162,Blesing,695,Germany,Male,27,6,125552.96,1,1,0,105291.26,₹0
15746461,Taylor,709,Spain,Male,35,2,,2,1,0,104982.39 units,0
15579616,Goodwin,683,FRANCE,Female,42,8,₹0.0,2,0,₹1,198134.9,0
15678572,Keating,529,Spain,Male,38,7,99842.5,2,1,0,90256.06,1
15809777,Gadsden,,Germany,Female,55,7,131778.66,1,1,1,9972.64,0
15752467,Johnson,720,Spain,Male,34,3,0.0,₹2,1,1,77047.78,0
15598614,Lucchesi,₹790,Spain,Male,20,8,0.0,2,1,0,168152.76,0
15667456,Ross,709,Spain,MALE,62,3,0.0,2,1,1,82195.15,0
15744691,,₹755,France,NULL,29,3,₹0.0,3,1,0,4733.94,0
15743153 units,Singh,740,Germany,Female,40,2,122295.17,2,1,1,30812.84,0
15647301,Bray,549,NULL,Female,45,3,143734.01,2,1,,₹96404.38,0
15768387,Nott,581,France,Male,,8,0.0,2,0 units,0,29737.14,0
15655252,LARIONOVA,758,Germany,Male,41,10,₹79857.64,1,1,1,78088.17,0
15684592,Lamb,557,Spain,Male,42 units,4,₹0.0,2,0,1,86642.38 units,0 units
15593694,Williams,814,France,Male,49,8,,2,0,0,157822.54,0
15668580,Todd,716,Spain  ,MALE,,2,0.0,2,1,1,92916.53,0
15623346,Czajkowski  ,820,France,Male,36,₹4,0.0,2,1,0,31422.69,₹0
15697606,Sturdee,637,France,Female,21,10,125712.2,1 units,0,0,175072.47,0
15811947,Gordon,850,,Male,33,0,124781.67,1,0,1,33700.52,0
15787907,Wang,719,Germany  ,Female,42,5,137227.04,3,1,0,149097.38,
15625584,Martin,786,France,Male,32,2,120452.4,2,0,0,79602.86,0
₹15610271,Andreev,684,Spain,Female,,3,103210.27,1,1,0 units,31002.03,0
15656333,Jen,574,France,Female,33,3,134348.57,1,1,0 units,63163.99,₹0 units
15623219 units,Smith,596,France,MALE,33,8,0.0,1,1 units,0,121189.3,1
15785385,Fiorentino,550,Spain,Male  ,51,₹5,0.0,2,1,₹0 units,153917.41,₹0
15680224,Ross,687,,Female,26,6,0.0,2,1,1,32909.13 units,0 units
15713370,Hunter  ,657,Spain,Male,36,8,188241.05,2,0,0,183058.51,1
15738662,,652,GERMANY,Male,41,9,159434.03,1,1,,178373.93,0
15712849,Tung,632,Germany,Male,41 units,3,126550.7,1,0,0,177644.52,1
15737888,Mitchell,₹850,Spain,Female,43,2,125510.82 units,1,1,1,79084.1,0
15662501,Ebelechukwu,₹583,France,Male,48,3,91246.53,1,1,0,60017.46,
15605461,Lucas,594,Germany,Female,29,3,130830.22,1,1,0,61048.53,0
15752026,Hammer,,France,Male,58,3,0.0,1,0,1,194930.3,1
15726931,Onwumelu,715,France,FEMALE,41,8,56214.85,2,0,0,₹92982.61,1
15769915 units,Charlton,643,Spain,Female,20,0,133313.34,1,1,1,3965.69,0
15680243,BROWN,792 units,France,Male,19,7,₹143390.51,1,1,0,33282.84,0
15699225,Pirozzi,757,France,Male,46,0,0.0,₹2,1,0,,0 units
15574554,Pugh,537,Germany,,66,₹8,103291.25,2,1,1,130664.79,0
15723613,Jenkins,623,France,Female,28,4,0.0 units,2,1,0,41227.67,0
15772528,Mishin,750,France,Female,47,7 units,121376.15,2,1,0,54473.6,1
15638028,Ifeanyichukwu,562,Germany,Male,31,4,127237.25,2,0,1,143317.42,0 units
15787189,Tai,824,Germany,Male  ,60,8,134250.17,3,0,0,153046.16,1
15639277 units,Lin,₹678,France,Female,41,9,0.0 units,1,0,0 units,13160.03,0
15570855,Leonard,670,,Male,38,7,0.0 units,2,1,1,77864.41,0 units
15638788,MACK,550,France,Male,32,,97514.07,1,1 units,1,₹199138.84,0
15569264,YOBANNA,622,France,Male,32,5,179305.09,1,1,1,149043.78,0
15785078,Fomin,730 units,Spain,Male,26,3,₹0.0,1,1,0,34542.41,0 units
15785290,Hao,542,France,Male  ,29,9,0.0,1,1,0,,
15742511,Gordon,514 units,France,Male,35 units,3,121030.9 units,1,1,0,10008.68,0
15614187,Pottinger,648 units,Germany,Female,39,3 units,126935.98,2,0,1,57995.74,0
15705085,Quesada,670,Spain,Female,29,9,0.0,2,1,0,27359.19,0
15730688,Yu,548,France,Female,28,8,116755.5,2,1,1,158585.17,1
,Liao,554,GERMANY,Male,26,4,121365.39,1,1,1,8742.36,0 units
15724321,Baresi,516,Germany,Female,47,9,128298.74,1,0,₹0,149614.17,1
15620750,Sugden,559,France,Male,28,3,141099.43,1 units,1,1,15607.27 units,0
15710978,PALERMA,715,Germany,Male,42,2,88120.97,2,1,1,21333.22,0
15774744,Lord,664,Germany,Male,33,7,97286.16,2,1,0,143433.33,0
15758546,Norton,850,Spain,Male,39 units,₹8,0.0,2,1,1,37090.44,0
15806511 units,Berry,445,Spain,Male,45,10,0.0,2,0,1,90977.48,0
15805312 units,BELLUCCI,607,France,NULL,45,7,123859.6,1,0,1,113051.57,0 units
15775662,McKay,760 units,France,Male,43,₹8,121911.59,1,1,0,193312.33,0
15726814,Walton,554,Spain,Male,46,4,₹0.0,2,0,1,57320.92,
15795458,McMillan  ,718 units,Spain,Female,39,2,0.0,1,₹1,1,52138.49,0
15675185,Chuang,697,Germany,Female,48,2,108128.96,2 units,1,1,103944.37,
15699450,Li,723,France,Male,₹48,7,₹0.0,2,1,₹1,150694.58,0
₹15748616,Napolitani,599,France  ,Male,27,5,0.0,2,1,0,30546.4,0
15734058,Anayochukwu,509,Germany,Male,32,9,170661.47,1,1,1,21646.2,
15654519,Hassall,680,France,Male,31,1,0.0,2,1,1,,0
15704483,Lorenzo,₹724,France,Male,40,6,0.0,2,,0,,0
15678333,,683,France,Female,26,7,0.0,2,,0,86619.77,0 units
₹15706810,Zuyeva,606,Germany,FEMALE,32,1,106301.85,2,0,1,59061.25,0
15811177,Beneventi,643,FRANCE,FEMALE,31,3,167949.48,₹1,1,0,143162.34,0
15678374,NULL,666,France,Female,59,5,0.0,2,1,1,,0
15726289,Cawood,645,France,Male,25,0,174400.36,1,1,0,42669.37 units,0
15757588,WRIGHT,526,France,Male,30,9,0.0,,0,0,100995.68,0
15735784,Gardner,583,France,Male,,8,0.0,1,1,0,47848.56,0
15729412,Holloway,682,FRANCE,Male,38,4,107192.38 units,1,1,1,15669.17,0
15590876,Knupp,764,France,Female,24,7,106234.02,1,0,0,115676.38,0
15679062 units,Morrison,734 units,Germany,Female,47,10,91522.04,2,1,1,138835.91,0
15724150,Nkemdirim  ,814,France,Male,48,9,136596.85,1,1,1,185791.9,0
15609011,Barry,480,Spain,MALE,47,8 units,75408.33,1,1,₹0,25887.89,1
15769781,Nucci,699,Spain,,25,8,0.0,2,1,1,,0
15714241,Haddon,749 units,Spain,Male,42,9,222267.63 units,1,0,0,101108.85,1
15758023,Grigoryeva,544 units,Germany,Male,47,5,105245.21,1,0,0,99922.08,1
15785183,Chukwuebuka,596,,Male,29,2 units,0.0,2,1 units,1,1591.19,0
15746569,Tsui,589 units,FRANCE,Male,38,4 units,0.0,1,1,0 units,95483.48,1
15779103,NULL,527,Germany,Female,39,9,96748.89,2,1,0,94711.43,0
15613713,Kozlova,644,France,,30,5,44928.88,1 units,₹1,1,10771.46,0
15613097,Kao,605,France,Female,33,4,0.0,2,0,1,83700.66,0
15669293 units,Hovell,517,France,Male,37,5,113308.84,1,0,₹1,31517.16,0
15770255,Onwughara,₹797,NULL,Female,33,10,83555.58,1,0,0,69767.14,0
15716984,Palermo,₹695,Spain,Female,56,₹4,0.0,2,1,0,84644.76,0
15645200,Chiang,581,Germany,Female,54,2,152508.99,1,1,0,187597.98,1
15792862,Blinova,653,GERMANY,Male,41,1,104584.11,1 units,1,0,15126.32,₹1
15671345,Piccio,531 units,Spain,Female,42,6,75302.85,2 units,0,0,57034.35,0
15575486,Okoli,529,France,Female,27,1,0.0,2,1,1,37769.98,0
15676937,Nicholls,635,,Female,32,8,₹0.0,2,1,1,19367.98,1
15606944,Fleming,645,Germany,MALE,43,9,140121.17,1,1,0,11302.7,1
15798885,Burns,585,France,Male,56,4,138227.19,2,1,1,55287.84,0
15769645,Senior,612,France,Female,35,3,0.0,1,₹1,1,48108.72,0
15684269,Gray,₹707,Spain,Female,35,₹3 units,56674.48,1,1,0,17987.4,1
15653253,Pagnotto,704,SPAIN,Male,48,8,167997.6,1,1,1,173498.45,0
15618647 units,Kornilova,744,France,Male,29,1,43504.42,1,₹1,1 units,119327.75,0
15703117,Findlay,565,France,Female,44,1,0.0,2,0,1,89602.81,0
15702919,COLLINS,729,Germany,Male,30,6,63669.42,1,1,0,145111.37,0
15782454,Hancock,552,FRANCE,Male,49,4,0.0,1,1,1,190296.76,₹1
15600912,Gorshkov,706,Germany,Male,32,5,88348.43,2,1 units,1,104181.78,0 units
15585888,Nwokezuike,553,Spain,Female  ,48,3,0.0,1,0,1,30730.95,1
15718839,Tsui,850,Germany  ,Female,38,2,102741.15,2,0,1,23974.85,0
15720583,Finch,₹745,Germany,Female,44,0 units,119638.21,1,1,1,34265.08 units,1
,Milani,483,France,Female,30,9,0.0,₹2,0,0,136356.97,0
15759038 units,Whitehead,793 units,France,Female,41,,141806.46,1,1,0,102921.17,0
15637315,Melvin,601,Spain,Female,41,3 units,0.0,2,1,0,₹54342.83,0
15583073,Martin,771,Spain,Female,56 units,2,0.0,1,1,1,25222.6,1
15690134,HUGHES,464,Germany,Female,42,,85679.25,1,1,1 units,164104.74,0
15773949,Cherkasova,692,FRANCE,NULL,36,3,0.0,2,1,1,8282.22,0
15594502,Zotov,655,France,Male,37,6,109093.41,2,1,0,1775.52,0
15601688,Piccio,546,France,Male,28,8 units,0.0,1,1,0,159254.29,0
15617434,Yen,655,Spain,Male,38,9,0.0,1,0,1,90490.33,0 units
15665438,Hs?,669,France  ,Male,43,1,₹163159.85 units,₹1,0,1,15602.8,0
15583456,Gardiner,₹745,Germany,Male,45,10,117231.63,3,1,₹1,122381.02,1
15587299,NULL,567,France,Female,48,3,0.0,1,1,0 units,₹55362.45,0 units
15662698,Ko,648,Spain,Female  ,43 units,7,81153.82,1,1,1,,1
₹15594651,Milani,748 units,France,Male,38,4,115221.36,1 units,0,1,70956.75,0
₹15704651,Bishop  ,514,France,MALE,,,0.0,2,0,0,121551.93,0
₹15753343,Barry,523,France,Female,28,2,121164.11 units,1,1,1,59938.81,0
15581748,Shen,754,Germany,MALE,57,2,101134.87,2,1,1,70954.41,0
15623478,Maslova,670,Germany,Female,32,4,₹102954.68,2,,1,134942.45,0
15693322,Shaver,635,Germany,Female,37,9,146748.07,1,,1,11407.58,0
15747208,Watt,608 units,France,Male,50,6,₹0.0,1,1,0,93568.77,1
15590337,Golubov,659,France,Male,29,6,123192.12,1,1 units,1,56971.41,1 units
15707962,Gunson,606,France,Male,40,6,119501.88,2,1,0,46774.94,0
₹15646374,Wynne  ,766,Germany,,28,3,62717.84,2,1,1,13182.43,0
15694566,Roberts,602,France,Female,,10,0.0,2,0,0,169921.11,1
15791550 units,Kelly,696,France,Male,27,4,87637.26,₹2,0,0,196111.35,0 units
15776467 units,,702,Spain,FEMALE,35,8,,2,1,0,54689.16,0
₹15812241,Udinese,438,Germany,Male,59,7,127197.14,1,1,0,51565.98,1
15785350,NULL,528,,Male,23,7 units,104744.89,1,1,0,170262.97,0
15616152,Pai,754 units,FRANCE,Female,47,1,185513.67,1,1,0,27438.83 units,0
15760063,Chiedozie,595,Spain,Male,23,7,0.0,2,₹1,1,168085.97 units,0
15605276,BROTHERS,742,FRANCE,Female,29,4 units,0.0 units,2,1,1,180066.59,0
15748986,Bischof,705,Germany,Male,42,8,166685.92,2,1,1 units,55313.51,0
15606133,Lay,628,NULL,Male,42,7,0.0,2,0,1,172967.87,
15750410,Jordan,680,France,Female,25,4,123816.5,1,1,1,90162.35,0
15743478,JOHNSON,659,Germany,MALE,39,8,52106.33,2,1,1,107964.36,0
15724890,Cross,584,Spain,Male,36,4,82696.09,2,0,0,83058.14,0
15662641,Amadi,850,,Male,19,8,0.0,1 units,1,1,68569.89,0
15729832,Cheng,658,France,Male,29,3,145512.84,1,1,0,20207.02,0
15803121,Chia,847,France,MALE,51,5,97565.74,1,0,0,144184.06,1
15672330,NULL,678,France,Female,31,1,0.0,2,0,1,130446.65,0
15667417,Tao,572,France,Male,33,9,68193.72,1 units,1,0,19998.31,0
15774277,Chiu,809,France,Male,43,2,0.0,2,1,1 units,132908.07,0
15567893,Lei,556,NULL,Male,33,3,124213.36,₹2,1,0,62627.55 units,0
15617401,Thomson,468,France,Male,22,2,0.0,2,1,0,28123.99,0
15724834,Wilson  ,498,FRANCE,Female,30,1,0.0,2,0,0,135795.53,0
15619360 units,Hsiao,472,Spain,Male,40,4,0.0,1,1,0,70154.22,₹0
15584776 units,Shen,847,Spain,Female,37,9,112712.17,1,1,0,116097.26,0
15742886 units,Ford,642,France,Male,26,₹1,138023.79,2,0,1 units,117060.2,0
15616529 units,Hsieh,613,Spain,Male,34,3,0.0,1,1,1,41724.72,0
15576641,Crawford,733,Germany,Male,40,5 units,125725.02,2,1,1,50783.1,0
15625092,Colombo,502,Germany,Female,₹57,3,101465.31,1,1,0,43568.31,1
15739548,Johnson,775,France,Male,28,9 units,111167.7,1,₹1,0,149331.01,0
15737735,Grant,683,Spain,NULL,40,4,95053.1 units,1,1,1,116816.54,1
15572735,Chang  ,433,Spain,MALE,27,₹2 units,0.0,2 units,1,1,153698.65,0
15594340,Tao,569,France,Male,41,4,120243.49,1,1,0,163150.03,1
₹15577274,Genovese,549,GERMANY,Female,43,3,134985.66,1,1,0,6101.41,0
15717995,Keen,849,France,,27,0,0.0,2,0 units,1,157891.86,0
15723105,Feetham,756,France,Female,28,6 units,0.0,1,1,1,164394.65,0
15765537,Liang,687,Germany,Male,26,2,142721.52 units,1,1,1,153605.75,0
15636935,RISCHBIETH,797,France,Female,29,1,0.0,2,1,1,132975.39,0
15782159,Ndubuagha,850,NULL,Male,₹28,8,67639.56,2,1,1,194245.29,0 units
₹15597968,Fyans,617,Spain,Male,50,7,0.0,1,1,₹0,184839.7,1 units
15791216,Mann,600,Germany,Male,43,8,133379.41,1,1,0,₹177378.66,1
15600399,Trentino,598,France,Male,60,4,0.0,1,1,0,197727.14,1
15699340,Okorie,680,,Male  ,37,4,0.0,2,1,₹0,61240.87,0
15726634,Wei,479,NULL,Male,47,1,0.0,1,₹1,0,95270.83,0
15664001,Riddle,695,Germany,Female,53,8,95231.91,1,0,0,70140.8,1
15798439,DAVIDSON,₹714,Spain,Male,25,2,0.0,1,1 units,₹1,132979.43,0
15774250,Gallo,532 units,France,Male,42,1,159024.71,1,1,0,,1
₹15780846,Redding,787,France,Male,33,1,126588.81,2,0,₹1,62163.53,0
15804131,Farmer,850,Spain,Female,53,7,₹65407.16,2 units,0,0,182633.63 units,1
15629519,YEN,472,France,Female,37,1 units,0.0 units,2,1,1 units,48357.9,0
15684958,AMADI,489,Germany,Male,38 units,2,126444.08,2,1,1,82662.73,0
15606003,Abramowitz,566,France,NULL,21,3,0.0,2,1,1,3626.47,0
15775625,McKenzie,596,France,Male,47,6,0.0,1,1,0,74835.65,0
15591091,Goering,644,France  ,Male,44,5 units,73348.56,1,1,0,157166.79,₹1
15714240,Ponomarev,₹712,Spain,Male,74,₹5,0.0,2,0,0,151425.82,0
15622578,Sergeyev,806,France,Male,34,5,113958.55,1,0,1,32125.98,0
15767358,Obioma,711,Germany,NULL,45,1,97486.15,2,1,0,50610.62,0
15658668,Hunter,581,SPAIN,Male,49,10,0.0,2,0,0,41623.59,0
15673837,Ko,617,NULL,Male,61,3,113858.95,1,₹1,1,38129.22,0
15579526,O'MEARA,551,France  ,Male,42,1,50194.59,1,1,1,23399.58,0
15612627,Ozuluonye,627,Germany,Male,29,,139541.58,₹2,1,0,80607.33,0
15644896,Thompson,663,Germany,Male,32,3,108586.86,1,1 units,1 units,182355.21,0
15745232,Chikelu,759,France,Female,39,6,0.0,2,₹1,1,140497.67,0
15688085,WARNER,627,Spain,FEMALE,28,3,157597.61,1,0,1,34097.22 units,0
15625698,Dumetochukwu,624,Spain,Female,23,6,0.0,2,0,1,196668.51,0
15588537,Robinson,615,Spain,Female,41,₹9,109013.23 units,1,₹1,0,196499.96,0
15781534,Rapuluolisa,536,Germany,Female,35,4,121520.36,1,0,0,77178.42,0
15651460,Hsieh,424,Spain  ,Male,34,₹7,0.0,1,1,1 units,16250.61,0
15799710,Wei,739,France,MALE,37,7,104960.46,1,0,1,80883.82,₹0
15796813,Storey,493,France,Male,54,3,167831.88,2,1,0 units,150159.95,₹1
15788723,McIntyre,599,Germany,Female,49,10,143888.22,2,1,1 units,166236.38,1 units
15749068 units,Nickson,632,FRANCE,Female,40,9,139625.34,1,1,0,93702.96,1
15768495,Chidimma,700,France,Female,32,,110923.15,2,1,1,161845.81,1
15700693,Tu,693,France,,68,2,0.0,2,1,1,59864.96,0
15688193,Graham,468,FRANCE,Male,36,3,61636.97,1,0,₹0,107787.42,0
15815560,Bogle,666,Germany,Male,74,7,105102.5,1,1,1,46172.47,0
15651103,,762,Spain,Female,69,9,183744.98,,,1,196993.69,0
15737521,Ball,619,Germany,Male,40,₹9,103604.31,2,0,0,140947.05,0
15611544,Ibeamaka,701,Germany,MALE,36,7,95448.32,2,₹1,0,189085.07 units,0 units
15578098,Jamieson,₹600,France,Male,31,8,0.0,,1,1,121555.51,0
15664543,Shaw,699,NULL,Male,40,7,0.0,1 units,0,1,152876.13,1
15646817,Chiekwugo,769,France,Male,51,9,156773.78,,₹1,,40257.79,0
15764335 units,Caldwell,463 units,Germany,Female,41,8,123151.51,2,1,0,70127.93,₹0
₹15588955,Mazzi,581,Germany,,43,,93259.57,3,1,0,141035.65,1
15643574,Odinakachukwu,682,France,Male,,8,0.0,2,1,0,₹178373.43,0
15690337,Chinwenma,581 units,France,Female,27,5,102258.11,2,1,0,194681.6,0
15635078,Chiemela,714,Spain,Male,45,0,124693.48,1,0,1,187194.15,0
15708048,Burn,,France,Female,34,4,124379.14,1 units,1,0 units,106892.91,0
15759381,NULL,617,SPAIN,Male,61,7,91070.43 units,1,1,1,101839.77 units,0
₹15766017,Brookman,615,Germany,Male,58,3,72309.3,1,1,1,85687.09,1
15648272,Medvedeva,₹658,Spain,Male,35,,,1,1,1,68141.92,0
15609176,Cawthorne,688,France,Female,32,5 units,0.0,2 units,0,₹1,177607.77,0
,May,603,France,Male,51,8,186825.57,1,1,0 units,93739.71,1
15619083,Yip,502,France,Female,35,6,0.0,2,1 units,1,80618.47,0
15611756 units,Chapman,537,NULL,Female,47,4,124192.28,2,1 units,1,50881.51,0
15636395,NULL,529,France,Female,31,5,0.0,2,1 units,0,26817.23,0
15723737,Pitcher,680,France,Male,27,3,0.0,1,1,0,32454.26,0
15677087,Green,,France,Female,39,5,138106.75,1,0,0,19596.73,0
15811127,Volkov,521,FRANCE,Male,35,6,96423.84,₹1,1,0,10488.44,0
15750839,Burns,649,Spain,Male,29,2,45022.23,1,1,1,173495.77,0
15729975,Chidozie,613,France,Female,46,8,167795.6,1,0,1,44390.38,₹0
15651883,Genovesi,794,Germany,Female,,6,115796.7,1,1,0,160526.36,1
15653762,Chidiebele,501,,NULL,39,9,117301.66,1,0,0,182025.95,0
15798659,Kennedy,526,Spain,Female,43,3,0.0,2,1,₹0,31705.19,0
₹15611669,Nyhan,623,Germany,Male,50,7,126608.37,1,0,1,645.61,1
15656901,Nnonso,615,France,Male,59,8,,2,1,1,165576.55,0
15731781,Onyemachukwu,551,FRANCE,Male,43,7,0.0,2,1,0,₹178393.68,0
15592412,Sun,713,Germany,Male,45,4,131038.14,1,1,0,74005.04,1
15805260,NULL,705 units,Germany,Female  ,56,2 units,143249.67,1,1,0,88428.41,1 units
15812009,Grant,662,Spain,Male,38,4 units,0.0,2,1,0,136259.65,0
15603741,MacDonnell,719,Spain,Male,40,4,128389.12,₹1,1,1,176091.31,0
15691952 units,Fanucci,676,France  ,Male,37,10,106242.67,1,1,1,166678.28,0
15691513,Dawkins,592,France,Male  ,60,9,0.0,4,1,1,13614.01,1
15712483,Chidi,608,Spain,Female,28,₹4,0.0,2,1,0,10899.63,1
15783659,Blackburn,659,France,Male,67,4,145981.87,1,1,1,131043.2,0
15579062 units,CHU,707,NULL,Male,32,9,0.0,2,0,0,30807.02,0
15723484,Hunt,₹669,GERMANY,Female,42,1,103873.39,1,1,0,148611.52,0
15647333,Fleming,621,France,MALE,27,4,137003.68,1,1,0 units,21254.06,0
15803526,Eremenko,685,Germany,Male,30 units,3,90536.81,1,0,1,63082.88,0
15702806,Martin,696,Spain,Male,,9,0.0,1,0,0,₹10883.52,0
15616555,Fu,850,Germany,Male  ,41,8,60880.68,1,1,0 units,31825.84 units,0
15627377,Sabbatini,593,,NULL,41,6,0.0,2,1,1,99136.49,0
15787825,,585,Germany,Male,37,6,152496.82,1,1,1,99907.29,0
15661974,Pirozzi,677,FRANCE,Male,46,2,57037.74,1 units,1,1,158531.01,0
15748123,Chienezie,613,France,Male,20,₹3 units,0.0,₹2,1,,149613.77,0
15689952,Zuyeva,724,Spain,Male,41,5,0.0,1,0,1,115753.94,0
15806438,Chiabuotu,₹580,Germany,Female,42,2,₹123331.36,1,0,0,103516.08,1
15628155,Dike,410,France,Female  ,35,7 units,117183.74,1,1,1,109733.73,0
15665790,Rowntree,538,Germany,Male,39,7,108055.1,2,1,0,27231.26 units,0
15797065,Goloubev,613,Spain,Female,32,0,0.0,2 units,0,1,126675.62,0
15617518,Hu,675,GERMANY,Male,36,7,89409.95,1,1,1 units,149399.7 units,0
15603465,Dunn,665,Germany,Female,45,5,155447.65 units,2 units,1 units,0,51871.95,1
15768201,Paterson,850,France,,39,2,148586.64,1,1,1,176791.27,0
15712287,Pokrovskii  ,652,FRANCE,Female,80,4,0.0,2,1,,188603.07,0
,NULL,610,France,Female,57,7,72092.95,4,0,1,113228.82,1
15773394,Bergamaschi,644,France,Male,38,3,0.0,2 units,1,1,79928.41,0
15638730,Macleod  ,711,France,Female,21,₹0,82844.33,2 units,0,1,₹1408.68,0
15667944,Onuchukwu,679,France,MALE,39,0,86843.61,1,0,1,159830.58,0
15655341 units,Chinagorom,₹458,Spain,Female,35,5 units,166492.48,1,1,0,135287.74,0 units
15774857,Synnot,460 units,NULL,Female,27 units,₹7 units,0.0,2,1,0,156150.08,1
15678385,Lange,,France,Male,25,2 units,78247.31,2,1,,10472.31,0
15648577,Pickering,493,FRANCE,Female,31,₹3,0.0,1,1,1,176570.28,1
15796910,Tsui,625,Spain,Female,57,7,0.0,1,0,0,,1
₹15727546,OLEJURU,762,France,Male,₹35 units,9,0.0,2,1,,₹43075.7,0
15588854,Wu,715,FRANCE,Female  ,31,3,110581.29 units,1,1,1,94715.24,0
15724719,Jones,550,FRANCE  ,NULL,22,7 units,139096.85,1,1,0,₹129890.94,0
15763111,Niu,808,SPAIN  ,Female,67,10,124577.15,1,,1,169894.4,0
,Onyekaozulu,727,Germany,Female,18,2,93816.7,2,1,₹0,126172.11,0
15787884,Martin,692,France,Female,30,7,0.0,2,1,1,18826.34,0
15613854,Mauldon,622,NULL,FEMALE,46 units,4,107073.27,2,1 units,1,30984.59,1 units
₹15763107,LITTLE,₹700,France,Female,,9,0.0,1,1,1,174971.64,0
15706647,Jordan,761,France,Male,31,7,0.0,3,1,1,166698.18,0
15629133,BLACK,579,France,FEMALE,27,9,0.0,2,1,0,126838.7,₹0
15742632,Alexeyeva,670,France,Female,31,9,0.0,1,0,1,76254.83,0
15631189,NULL,613,Germany,NULL,₹38,9,67111.65,1,1,0,78566.64,1
15743759,Brooks,619,France,Male,39,5,0.0,2,1,1,158444.61,0
15662021,NULL,685,Spain,Female,42,2,0.0 units,₹2,0 units,0,199992.48,0
15619045,Baxter,776,France,Female,₹43,4,₹0.0 units,2,0,1,162137.5,0
15671249,Kent,422,France,,33,,0.0,2,1,0 units,102655.31,0
15769499,Lampungmeiua,545,SPAIN,Female,74,3,0.0,2,1,1,161326.73,0
15697801,Sokolova,605,Germany,Female,56,1,74129.18,2,1,1,62199.78,1
15771211,Perkins  ,668,France,MALE,38,10,₹86977.96,1,0,1,37094.75,0
15644119,SOCHIMA,531,,Male,31,3,0.0,1,1,1,42589.33 units,0
₹15809057,Lu,600,Spain,Female,27 units,6 units,0.0,2,1,1,172031.22,0
15720187,Han,479,NULL,Female  ,30,7,143964.36,2 units,1,0,41879.99,0
15587297,Ruiz,507,France,Male,33,7,₹0.0,2,1,1,85411.01,0
15599211,Findlay,707,France,Male,40,1,0.0,2,1,0,14090.4,1
15682995,Azuka,600,France,Female,32,1,78535.25,1,1,₹0,64349.6,0
15787772,Hansen,759,France,Female,38,1,104091.29,₹1,0 units,0,91561.91,0
15775803 units,Cawker,841,NULL,NULL,41,1,0.0,₹2,0,1,193093.77,0 units
15803840,Forbes,729,France,Female,32,9,0.0,2,0,0,150803.44,0 units
15598097,Johnstone,550,France,Male,44,9,0.0 units,2,1,0,26257.01,0
15630349,Hollis,543,Spain,Male,23 units,5,0.0,2,1,0 units,117832.39,0
15690188,Maclean,631,France,Male,33 units,7,0.0,1,1 units,1,58043.02,1
15633640,LOEWENTHAL,799,France,Female,52,4,161209.66 units,1,1,1,89081.41,0
15608873,Smith,665,France,Male,51,2,₹0.0,1,0,0,53353.36,0
15813659,Folliero,594 units,France,Female,56,7,0.0,1,,0,26215.85,1
15739692,Tsui,679,France,Male,42,1,0.0 units,,0,0,71823.15,0
15606861,NULL,,France,Male,34,8,0.0,2 units,₹1,0,38570.13,
15618661 units,Chidubem,535,France,Male,30,6,103804.97,1,₹1,1,125710.53 units,0
15578096,Nnachetam,537,France,Male,26,7,₹106397.75,1,0,0,103563.23,₹0
15699507,Messersmith,542,France,Female,25,7 units,0.0,2,0,₹1,82393.08,0
15593295,Greathouse,548,France,Male,57,6,76165.65,1 units,1 units,1 units,133537.53,0
15581295,Ch'ien,617,Spain,Female,45,1,0.0,1,1,0,143298.06,0
15787014,King,648,Germany,Female,28,8,90371.09,1,1,1,146851.73,₹0
15690456,Yudina,749,Germany,Female,32,7,79523.13,1,0,1,157648.12,
15644796,Dyer,821,Spain,Female,38,8,0.0,2,0,1,126241.4,1
15683213,BERGAMASCHI,554,France,Female,35,10 units,74988.59,2,0,1,190155.13,0
15707696,Lu,471 units,Spain,Female,28,5,0.0 units,2,1 units,1,22356.97,0
15776558,Nicholls,673,France,,31,1,108345.22,1,0,1,38802.03,0
15715078,Nkemakolam,584 units,France,Male,35,6,161613.94,2,1,1,,0
15659305,Webster,605 units,Germany,Male,19,,166133.28,1,1,1,107994.99,0
15672012,Jen,773,Spain,Female,41,5,₹0.0,1,1,0,28266.9,1
15654156,MARCELO,722,Germany,Female,32,5,106807.64,1,1,1 units,76998.69,0
15586310,Ting,578,France,Male,30,4,169462.09,1,1,0,112187.11,0
15620276,Palermo,539,Spain,Male,36,6,0.0,3,1,1,118959.64,0
15574584,Fang,670,NULL,Male,33 units,,126679.69 units,1,1,1,39451.09 units,0
15795275,Lamb,521,Spain,Female,49,4,82940.25,2,0,0,62413.01,1
15754068,Judd,578,NULL,Male,32 units,4,0.0,2,1,1 units,141822.8,0
15729954,Azuka,586,France,Female,28,5,0.0 units,3,1 units,0,170487.4,1
15600724,Scott,567,Germany  ,Male,₹29,5,129750.68,1,1,0,109257.59,0
15643426,Robertson,523,Spain,Female,36,8,113680.54,1,0,₹0 units,13197.44,0 units
15641675,Kirillova,611,France,Female,49,2,88915.37,3,0,0,161435.02,1
15641582,Chibugo,735,Germany,Male,43,10,123180.01,2,1,1 units,196673.28,0
15634141,Shephard,708,Germany,Female,42,8,192390.52,2,1,₹0,823.36,0
15581893,,747,FRANCE,Male  ,43,1,130788.71,1,0 units,1 units,101495.0,1
₹15721303,O'Meara,640,Spain,Male,34,1,137523.02,1,0,0,24761.36,0
15719898,Young,556,FRANCE,Male,36,7,,2,1,1,32044.64,0
15713378,Brownless,711,France,Male,38 units,10,0.0,2,0,0,53311.78,0
15633525,Payne,631,France,Male,29,7,0.0,2,0,1,125877.22 units,0
15753719,Rickards,547,Germany,Female,,9,72392.41,1,1,0,77077.14,0
15734365,,579,France,NULL,39,5,0.0,2,0,1,39891.84,0
15685844,White,518,Germany,FEMALE,₹35,8,141665.63,1,0 units,1,192776.64,₹0
15605918 units,Padovesi,635,Germany,Male,43,5,₹78992.75,2,0,0,153265.31,0
15748995,Ifeajuna  ,691,Spain,Male,30 units,9,₹0.0,2 units,0,1,10963.04,0
15743456,Birnie,715,France,Female,32,10,0.0,2,1,0,60907.49,0
15616922,Kelly,479,France,Female,26,1,0.0,2,1,1 units,19116.97,0
15692226,Onwumelu,705,France,Female  ,31,3 units,142905.51,1,1,1,58134.97,0
15601026,Gallagher,572 units,Germany,Female,19,1,138657.08,1,1,1,16161.82,0
15652084,BONI,515,France,Male,40,0,109542.29 units,1,1,1,166370.81,0
15683339,P'eng,656 units,Spain,NULL,34,6,59877.33,1,1,0,14032.62,1
15641604,Frolova,850,France,Female,55,10,98488.08,1 units,1,0,155879.57,1
15703059,Scott,549,Germany,Female,49,6,124829.16 units,₹1,₹0,1,93551.36,0
15667588,Arcuri,,SPAIN,Female,40,3,0.0,1,1,1,182650.15,0
15713819,WALSH,,France,MALE,48,3,92347.96 units,1,1 units,1,163116.75,0 units
15706729,Hsiao,662,FRANCE,MALE,38,0 units,105271.56,1,0,1,179833.45,0
15700601,DYNON,561,France,Male,34,,78829.53,1,1,1,12148.2,0
15677377,LAWRENCE,543,Spain,Male,37,3,0.0,2,1,1,78915.68,0
15651740,Napolitani,525,Spain,Female  ,30,5,0.0,2 units,0,1,149195.44,0
15576517,Everingham,445,Germany,,34,7,131082.17,2,1,1,70618.0,0
₹15762169,Bergman,556,Germany,Male,37,9,145018.64,2,1,0,90928.02,
15572294,KELLY,₹623,France,Male,28,7,0.0,1,0,0,129526.57,0
15790750,MANFRIN,592,Germany,Male,36 units,10 units,123187.51 units,1,0,1,146111.35,0
,Parkinson,,Spain,Male,47,₹3,116528.15,1,0,0,145704.19,1
15763171,Hu,650,Germany,FEMALE,₹25,2,114330.95,1,1,1,25325.07,0
15644551,Wimble,751,Spain,Female,37,3,99773.85,2,1,0,,0 units
15684348,Zhdanova,656,NULL,Male,63,,0.0,2,0,1,57014.43,0
15601387,Yen,721,,Male  ,35,10,0.0,2,1,0,71594.26,0
15721377,Chou,833,France  ,Female,34,3,144751.81,1 units,0,0,166472.81,0
15607746,Belstead,573,France,FEMALE,36,1,0.0,1,1,1,56905.38,0
15588456,NULL,₹658,FRANCE,Female,40,5,143566.12,1,1,1,₹189607.71,0 units
15665077,Vogel,598,,FEMALE,43,5,0.0,3,1,1 units,₹100722.72,1
15723153,Wearing,708,Spain,,,₹3,0.0,2,1,0,138613.21,0
15597909,Johnstone,652,Germany,Male,33,7,128135.99,1 units,1,0,158437.73,0
15590344,Russell,708,Germany,Male,32,3,151691.44,2,1,1,172810.51,0
15621893,Bellucci,727,France,Male,18,4,133550.67,1,1,1,46941.41,0
15746564,O'Sullivan,566,France,Male,42,3 units,108010.78,1,1,₹1,157486.1,0
15605264,Walker,669,Germany,Male,47,,63723.78,2,1,1,181928.25,0
15642833,Akubundu,₹608,France,Female,,8,0.0,2,1,0,128875.86,0
15782993,Pan,624,France,MALE  ,51,10,123401.43,2,1,₹1,127825.25,0
₹15795936,Lung,560,FRANCE,Male,50,3,0.0 units,2,1 units,0,84531.79,0
15746902,Belstead,793,Spain,NULL,38,9,0.0,2,1,0,88225.02 units,0
15665416,Ferri,779,France,Male,62,₹10,119096.55,₹1,0,1,116977.89,0
15812513,Nnaife,599,Germany,Male,45,10,103583.05,₹1,1,0,132127.69,1
15714658,Yates,696 units,,Female,33,,0.0,2,1,1,73371.65,0
15806570,Y?an,763,France,Female,53,4,0.0,1,1,0,77203.72,
15583138,Persse,₹739,France,Male,42,2,141642.92,₹2,1,,172149.76,
15641850,Pethard,717,France,Male,40,0,98241.04,1,1,0 units,110887.14,0
15667216,Chung,579,France,Female,29,10,73194.52 units,2,1 units,1,129209.09,0
15638231,Chung,730,SPAIN,Female,62,2,0.0,2,1,1,162889.1 units,0
15761692,Muir,594,France,Male,40,9,122417.17,2 units,0,1,190882.69 units,0
15791501,Carroll,590,France  ,Male,43,8,0.0,2,1,1,143628.31,0
15640825,LOYAU,695,Spain,Male,46,3,122549.64,1 units,1,1,56297.85 units,0 units
15686941,Hutchinson,₹575 units,Spain,FEMALE,26,7 units,0.0,2,1,0 units,112507.63,0
15674833,Shao,741,France,Female,35,1,0.0,2 units,1,0,36557.55,0
15812616,Enyinnaya,707,France,Female,49,,,1,1,0,82967.97,1
15780492,Ignatyeva,648,France,Male,42,4,0.0,2,1 units,0,19283.14,0
15570931,Grant,620 units,France,Male,61,5,0.0,1,0,0,₹31641.52,1 units
15690452,Tung,605,France,Male,52,1,63349.75,1,1,0,108887.44,0
15750458,HAWKINS,693,France,FEMALE,39,4,0.0,2,0,1,142331.39,
15686255,Mouzon,738,Germany,Male,35 units,6,101744.84,1,0,0,85185.44 units,0 units
15584452,Bozeman,667,France,Male,41,6,0.0,2,0,0,167181.77,₹0
15759966 units,CHIEMENAM,612,Spain,Female,36,5,119799.27,2,1,0 units,159416.58,0
,He  ,766,Germany,Male,30,4,127786.28,2,1,1,28879.3,0
15674254,,554,Spain,FEMALE,45,4,0.0,₹2,1,1,193412.05,0 units
15635244,Ritchie,716,France,Female,₹29,6,0.0,₹2,1,1,98998.61,0 units
15808582,Fu,665,France,Female,40,6,,1,1,1,161848.03,0
15703778,Hughes  ,728,France,Male,33,8,129907.63,1,0,1,,0 units
15642937,Padovesi,550,France,Female,46,7,0.0,2,1,0,,0
15622518,Stephenson  ,768,France,Female,26,5,51116.26,1,1 units,1,70454.79,1
15672516,NULL,541,Germany,Male,51,7,90373.28,2,1,0,179861.79 units,0
15757933,Hardy,733,Germany,Female,30,1,102452.71,1,1,0,₹21556.95,0
15782641,Brown,₹710,Spain,NULL,29,3,119670.18,₹1,1,0 units,188022.44,0
15641994 units,Meng,667,Germany,Male,43,1,103018.45,1,1,0 units,32462.39,1 units
15592389,H?,684,France,Male,27,2,134603.88,1,1,1,71725.73,0
15782736,Jose,573,Germany,Female,₹47,4,152522.47,1,0,1,164038.07,1
15806403,Hu,650 units,France,Male,37,9,0.0,2,1,0,17974.08,0
15757568,Bogolyubov,704,FRANCE,FEMALE,45,6,0.0,1,,1,,0
15730418 units,Lucchesi,652,France,Female,32,2,0.0,2,1,0,54628.11,0
15622321,Golubova,506,France,Female,32,3 units,₹0.0,1,1,1,80823.02,0
15743040,Kuznetsova,724,Germany,Male,41,2,127892.57,2,0,1,199645.45,0
15651713,King,684,France,Male,45,6,148071.39,1,1,0 units,183575.01,0
15567367,TAO,601,Germany,Female,42,9,133636.16,1,0 units,1,103315.74,0
15784301,Wang,850,France  ,Male,42,0,0.0,2,1,0,44165.84,0
15675176,Price,512,France,Male,51,6,144953.31,,1,1,165035.17 units,0
15593715,Castiglione,634,Germany,Male,27,3,107027.52,1,1,0,,0
15568506,FORBES,₹524,Germany,Female,31,10,67238.98,2,1,₹1,161811.23,0
15670205,BOYD,518,GERMANY,Female,₹41,5,110624.99,,1,0 units,89327.67,0
15615820,MacDonald,837,France,Male,49,8 units,103302.37,1,1,1,₹50974.57,0
15642821,Ijendu,383,Spain,Female,48 units,8,₹95808.19,1,0,0,137702.01,1
15636912 units,SNEDDON,678,SPAIN,Male,38,3,124483.53,1,1,0,126253.31,0
15772243,MACDONALD,612,NULL,Female,33,9,0.0,1,0,0,142797.5,1
15638751,Ashton,838,Spain,Female,41,5,0.0,2,1 units,0,81313.51,0
15811690,Bayley,793,Germany,MALE,54 units,2,128966.13,,0,0,18633.4,1
15663942,Hsiung,639 units,France,Female,38,₹5,0.0,2,0,0,93716.38,0
15707551,Hutcheon,568,France,MALE,30,8,73054.37,2,,1 units,27012.0,0
15607176,Kang,674,France,MALE,22,3,0.0,1,1,1,173940.59,0
15599660,Bennett,604,France,Male,36,6,116229.85,2,1,1,79633.38,0
₹15762803,Innes,509,FRANCE,Male,₹31 units,3,0.0,2,1,0,15360.91,0
15569526,Morales,601,France,Male,40,10,98627.13,2,0,0,77977.69,0
15669656,MACDONALD,632 units,France,NULL,32 units,6,111589.33,1,1,1,,0
15716085,Norris,739,Spain,Female,41,8,0.0,1,1,0,191694.77,1
15634551,Williamson,₹727 units,GERMANY,Male,46,3,115248.11,4,1 units,0,130752.01 units,1
15624180,Genovesi,584,NULL,Female,37,10,134171.8,4,1,1,70927.11,1
15613292,Ch'eng,715,France,Male,21,8,0.0,2 units,1,0,68666.63,0
15773276,NULL,633,Spain,Male,63,4,114552.6,1,1,0,73856.28,1
15794493,Chimaijem,641,NULL,Male,32,7,0.0,2,1,1,24267.28,0
15667451,Taylor,,France  ,Male,36,₹5,₹0.0,2,1,1,109127.54,0
15605293,McKay,559,France,Female,43,1,0.0,2,1,1,196645.87 units,0
15706602,Bates,₹760,Spain,Female,33 units,1,₹118114.28,2,0,1,156660.21 units,0
15691647,McGregor,411,France,Female,35,2,0.0,2 units,1,1,93825.78,0
15620372,Cross,687,Spain,Male,31,3,0.0,2,0,0,48228.1,0
15652782,Chibuzo,678,NULL,Male  ,48,2,101099.9 units,2,0,1,193476.04,0
₹15591123,Iredale,557,Germany,Male,68,2,100194.44,1,1,1,38596.34,0
15760294,Endrizzi,512,France,Female,41,8,145150.28,1 units,1,0,64869.32,1
15583090,Komar,581,Spain,Female,29,8,0.0,2,1,0,46735.19,0
15606149 units,WOOD,571,Germany,Female,66,9,₹111577.01,1,0,1 units,189271.9,0
15763055,Onuchukwu,572,Spain,Male,31 units,5,98108.79 units,₹1,0,1,119996.95 units,0
15812888,Perreault,447,NULL,Male,41,3,0.0,4,1,1,197490.39,1
15756820,Fleming,655,France,Female,26,7,106198.5,1,,1,32020.42,0
15654274,Corrie,540,FRANCE,Male,37,6,0.0,2,1,0,141998.89,0
₹15730441,Dodd,509,France,Male,26,10,0.0,₹2,1,1,6177.83 units,0
15661198,HOWARD,₹727,Germany,Male,34,2,146407.11,₹1,1,1,₹72073.72,0
15783816,Lori,733,France,Female,28,5,0.0,2,0,0 units,12761.16,0
15769955,Onuora,683,France,NULL,40,1,0.0,2,0,₹0,75762.0,₹0
15720083,Fiorentino,554,Spain,NULL,42,,0.0,2,0,1,183492.9,0
15748625,,664,France  ,Male,57,6,0.0,2,1,1,15304.08,0
15681671,Nkemjika,850,Germany,Male,28,2,101100.22,2,1,1,₹35337.31,0
15670103,Dickinson,565,France,Female,38,5,126645.13,1,1,1,₹168303.55,0 units
15683930,Ch'iu,593,GERMANY,NULL,32,9,134096.53,2,1,0,53931.05,1
15699492,Lorenzo,665,Germany,Female,27,2,147435.96,1,0,0,187508.06,0
15634491,Kung  ,652 units,France,Male,30,2,176166.56,2,1 units,1,152210.81,0
₹15585379 units,Humphries,704,NULL,Male,39,2,111525.02,1,1,0,199484.96,0 units
15650244,Bezrukov,786,Spain,Male,29,7,80895.44,2,1,0,64945.57,0
,Kent,626,Germany,Male,35,4,88109.81,1 units,1,1,32825.5,0
₹15771749,Duncan,653,Germany,Female,38,5,114268.22,2,1,1,89524.83,0
15661275,Wynn,532 units,Germany,Male,52,3,110791.97,1,₹1,,148704.77 units,1
15717643,Band,728,France,Female,34,6,90425.15,2,1,1,11597.69 units,₹0
15572158,Blackburn,604,Spain,Male,41,3 units,0.0,1,0,0 units,11819.84 units,0
15682021,Lai,,Germany,Male,23,6,104592.55,2,1,0,131736.23 units,0
15686936 units,McGregor,676,France,Female,37,₹5,89634.69,1,1,1,169583.18,1
15753102 units,Curtis,752 units,Spain,Male  ,44,6,83870.33,1,1,0,178722.24,0
15710138,Sun,718,NULL,Male,39,6,,2,₹0 units,1,63889.1,0
15710689,Angel,578,SPAIN,MALE,40,6,63609.92,1,0,0,74965.61,1
15692931,HSING,670,France,Male,₹22,2,,1,1,1,37392.56,0
15792151 units,Hamilton,635,Spain,Female,37,3,0.0,2,1,0,91086.73,0
15762455,Yeh,624,Spain,Male,33,6,66220.17,1,0,1,170819.01,0 units
15640268,Avdeeva,652,Spain,Male,71,4,0.0,1,1,1,120107.1,0
15756954,Lombardo,538,France,Female,,2,0.0 units,1,1,1,80130.54,
15654611,Parry,736,Germany,Female,25,9,,2,,0,136497.28,0
15629617,Cook,572 units,Spain,NULL,23 units,2,126873.52,1,0,1 units,67040.12,
₹15690939 units,Howe,575 units,Spain,Male,28,7,0.0,1,1,1,10666.05,0 units
15709412,H?,776,Spain,Male,30,6,0.0,2,0,1,63908.86 units,0
15758081,Repina,673,Spain,Male,39,8,138160.0,1,1,1,110468.51,0
15740283,Ewing,₹850,France,Male,29,1,0.0,2,0,0,152996.89 units,0
15698792,Keldie,671,France,Female,48,6,119769.77,1,0,1,66032.65,0 units
15604295,Wei,543,France,Male,36,6,0.0,2,1,0,176728.28 units,0
15604482 units,Chiemezie,850,Spain,Male,30,2,141040.01,1,1,1,₹5978.2,0
15769308,Herbert,635,Germany,FEMALE  ,36,9,81231.85,₹2,1,₹0,196731.08,0
15656726,CH'IEN,771,France,Male,32,5,62321.62,1,1,1,40920.59,0
,Pugliesi,788,SPAIN,Female,70,,0.0,2,1,1,41610.62,0
15672242,Aksenov,712,NULL,Male,24,2 units,₹0.0,1,0,1,121232.51,0
15596060,Skinner,498,Spain,Male,29,8,127864.26,1,1,1,46677.9,0
15774155 units,Trevisani,662,Germany,NULL,33 units,0,103471.52,1,₹1,1,,₹0
15815534,Guidry,505,Spain,Male,37,0,134006.39,₹1,1,1,93736.69,0
15640507 units,Li,762,Spain,Female,35,3,119349.69,3,₹1 units,₹1,47114.18 units,1
15597610 units,Stevens  ,553 units,NULL,Male,41,6,144974.55,1,1,1,19344.92,0
15650237,,754 units,Spain,Female,32,7,0.0,2,1,0,89520.75,0
15707918,NULL,,Germany,Female,36 units,0,127675.39,2,1,0,₹74260.16,0
15800482,Bradshaw,586,Spain,Female,33,7,0.0,2,1,1,₹168261.4,0
15764405,Williams,731,France,Male,29,10,0.0,2,,1,162452.65,0
15599792,Dimauro,545,FRANCE,Female,26,1,0.0,2,1,1,199638.56,0
15611331,Niu,511 units,France,Female,46,1,0.0,,1,1,115779.48,1
15677062,Howe,,France,Female,₹38,,127043.09,1 units,1,1,8247.0,0
15766741,McIntyre,525,France,Male  ,36,2,₹114628.4,1,0,1,168290.06,0
15762993,Trevisano,796,Spain,Male,32,5 units,102773.15,2 units,0,1,117832.88,0
15574558,GUNTER,718,Spain,Male,₹32,8,0.0,2,,1,41399.33,0
15599301,Tao  ,538,Germany,Female,28 units,6,164365.44,,0,1,5698.97 units,0
15600700,Pan,523,Germany,Male,63,6,116227.27 units,1,1,1,119404.63,0
15592761,Tung,710,France,Male,40,5,0.0,2,0,0,162878.96,0
15770225,PADOVESI,493,,Male,36,,0.0,2,1,,65816.53,0
15589589,Bryan,613,France,Male,34,5,144094.2,1,1,0,44510.26,0
15593470,Tu,576,NULL,Female,36,8 units,166287.85 units,1 units,,1,23305.85,0
15762228,Barnes,506,Spain,MALE,35,6,110046.93,₹2,1,0,26318.73,0
15638621,Simmons,735,Spain,MALE,39,1,60374.98,1,1,0,40223.74,₹0
15788189,Matveyeva,665,France,Female,41,8,96147.55,1,1,0,137037.97,0
15764708 units,Chiabuotu,572,France,Male,30,6,117696.67,1,1,0,,0
15758136,King,778 units,France,NULL,₹37,3,141803.77,1,0,1,179421.84,0
15670646,Moore,499 units,Spain,Female,₹42,₹0,147187.84,1,1,,14868.94,1
15654562,Ma,850,SPAIN,FEMALE  ,₹45,5,174088.3,4,1,0,,1
15755863,Milano,630,SPAIN  ,Female,49,1 units,0.0,2,0,1,162858.29,0
15694879,Reeves,590,SPAIN,FEMALE,23,7,₹0.0,2,1,0,196789.9,0
15683841,Hamilton,555 units,Germany,Male,41,10,113270.2,2,1,1,185387.14,0
,ONIO,743 units,France,,₹39,8,0.0,₹1,1,0,94263.44,0
15724453,Fan,570 units,France,NULL,23,2,0.0,1,0,0,₹198830.98,0
15749540 units,Hsiung,585,France,Male,36,7,0.0,2 units,1,0,94283.09,0
15640917,Tang  ,633 units,France,Male,43,5,0.0,2,1,1,48249.88,0 units
,Ross,627,France,Female,41,₹6,0.0,3,1,1,,1 units
15751593,Fraser,570,Germany,MALE,35,6,85668.59,1,1,0 units,105525.36,0
15698664,Liang,567,Spain,Male,43,2,115643.58 units,2,0,0,174606.35,₹0
15716082,Chukwubuikem,703,Spain,Male,₹39,6,152685.4,1,0,0,183656.12,0
15687884,Alekseyeva  ,677,FRANCE,Male  ,37,3,88363.03,1,0,₹1,117946.3,0
15565714,Cattaneo,601,NULL,Male,₹47,1,64430.06,2,0,1,96517.97,0
15604832,Hsia,633,,Male,29,7,0.0,1 units,1,1,130224.73,0
15587233,Donoghue,₹457,France,Male,41,8,73700.12,3 units,1,1,185750.02,1
15662751,Piazza  ,655,Germany,Female,40,0 units,81954.6,₹1,1,1,198798.44,1 units
15628034,Wilder,629,France,Female,37,6,129101.3,1 units,1,1,23971.33 units,0
15668943,Henderson  ,746,France,Male,37,2,0.0,2,1,0,,
15762605,Wall,685,France,Male,58,1,104796.54,1 units,1,1,154181.41,0
15776545,NULL,682,France,Male,28,10,200724.96,1,0,1,,1
15655335 units,Becher,590,France,Male,36,1,0.0,2,1,0,48876.84,0 units
15634146 units,Hou,835,GERMANY,Male,18,2,142872.36,1,1,1,117632.63,0
15666332,Donaldson,690,Spain,Female,48,2,0.0,2,1,1,3149.1,0 units
15691396,Ko,405,Germany,Male,31,5,133299.67,2,1,1,72950.14,0 units
15724282,Tsao,540,NULL,Male,44,3,,2,1,1,12120.79,
15781875,Jamieson,850,Spain,Male,33 units,3,100476.46,2,1,1,136539.13,0
15778897,Cartwright,630,France,Female,28,1,0.0,2,1,1,133267.78,0
15620981,,684,NULL,Female,48,3,73309.38,1,0,0,21228.34,1
15759140,NULL,682,France,Female,64,10,₹128306.7,1,0,₹1,,0
15754713,Rivera,685,Spain,Male,31,10,135213.71,1,1,1,125777.28,0
15669262,MASLOV,765,France,Male,43,9 units,157960.49,2,0,0,136602.8,0
15655229,Craig,850,Germany,Female,35,₹7,₹114285.2,1,0,1,129660.59,0
15769110,STEHLE,653,France,NULL,₹46 units,5,0.0,2,1,0,49707.85,0
15618401,Douglas,616 units,Germany,Male,41,10,113220.2,2,1,1,114072.91,0
15678910,TS'AI,680,France,Female,30,8,141441.75,1,1,₹1,16278.97,0
15716835,Rossi,546,France  ,Male,24,8,156325.38,1,1,1,125381.02,0
15629551,Cattaneo,615,Germany,Female,44,9,126104.98,2,0,1,110718.02,0
15645835,Milani,605,France,Male,32,₹9,0.0,2,1,1,55724.24,0
15757837 units,KAO,584,Germany,Male,33,3,88311.48,2,1,1,177651.38,0
15784280,Reilly,,Germany,Male,35,2,109342.82 units,2,0,1,₹86043.27,0
15645103,Su,812,Germany,Male,25,5,54817.55,1,1,0,131660.31,0
15762682,Mitchell,709,Spain,Female,35,1 units,111827.27,2,1,₹0,12674.68,0
15814690,Chukwujekwu,595,Germany,Female,64,2,105736.32,1,1,1,89935.73,₹1 units
15784097,Gibson,660,Germany,Male,28,1,118402.25,₹2,1,0,14288.93,0
15568449,FU  ,661,Spain,Male,38,7,143006.7,1,1,1,15650.89,0
15791053,Lucciano,709,Germany,Male  ,45,4,122917.71,₹1,₹1,1,11.58,1
15728006,Endrizzi,524,France,Male  ,40,2,180516.9,1,1,0,180002.42,0
15601719,Fiorentino,,GERMANY,Male,24,6,156007.09,,1,₹0,191368.37,0
15676526,Bentley,608,France,Female,34,4,88772.87,1,1,1 units,168822.01 units,0
,Chikezie,₹850,Germany,FEMALE,35,2 units,80931.75,1,0,0,₹12639.67,1
15765300,L?,596,,,40,5,62389.03,₹3,1 units,0,148623.43,1
15706904,Robertson,750,France  ,,43,6,113882.31,1,1,1,74564.41,0
15806407,Wilson,652,France,NULL,37,4,0.0,2 units,1,0,143393.24,0
15718465,Sadler  ,671,Germany,Male,51,3,96891.46,1,1,0,176403.33,1
15573456,Cunningham,648,Spain,Male,46,9,127209.0,2 units,1,0,77405.95,1
15644280,Udegbunam,593,France,Male,45,₹4,138825.19,,0,0,10828.78,0
15696637,Sung,571,France,Female,23,10,151097.28,1,0,1,17163.75,0
15669664,Thompson,574,Germany,Male,54,1,99774.5,1,0,₹0,4896.11,₹1
15694366,Hou  ,714,Germany,Male,42,2,177640.09,1,0,1,47166.55,0
15734987,Robertson,₹658 units,FRANCE,Female,43,7,140260.36 units,2,,0,2748.72,0
15734085,Crocker,465,Germany,Male,24 units,5,117154.9 units,1,1,1,127744.02,0
15760427,Cameron,850,France,Male,40,6,124788.18,1,1,0,65612.12,0
15579189,MITCHELL,690,France  ,Female,₹42,5,0.0,,0,1,120512.08,0
₹15805413,Chiang,769 units,France,Female,31,6,117852.26,2,1,0,147668.64,0
15754261,Ho,648,Spain,Male,42,2,98795.61,2 units,1,0,₹89123.99,0
15664610,Campbell,459,Germany  ,Male,48,4,133994.52,1,1,₹1,19287.06,
15580134,Crawford,479,Spain,Male,27,2,172463.45,1,1,₹1,40315.27,0
15813532,Burns,625,France,Female,39,5,0.0,2,1,0 units,32615.21,0
15744622,Osorio  ,822 units,France,Male,32,8,116358.0,1,1,0 units,108798.36,0
15793901 units,Capon,₹639,France,Female,,2,0.0,2,0,0,125244.18,0
15787051,Georg,750,Spain,Female,39,7,119565.92,1,1,0,,0 units
15648489,Ting,487,France,Male,53,4,199689.49,1,1,1,24207.86,1
15790067,Sun,614,Spain,Male,39 units,3,151914.93,1,0,0,56459.45 units,0
15596414,Chandler  ,796,Spain,MALE,41,8,107525.07,1,1,0,18510.41,0
15612893,Nelson,558,,Male,45,4,0.0,1,1,0,₹131807.14,0
15778526,NULL,719,Spain,NULL,,5,0.0,2,0 units,0,78563.66,0
15691061,Rapuokwu,740,France,Female,37,9,0.0,2,1,1,73225.31,0
15654096,Johnston,779,Germany,Female,24,10,122200.31,2,1,0,43705.56,0
15685357,Wright,750,Spain,NULL,36,8,112940.07 units,1 units,0,1,9855.81,0
15680597,Cover,784,Germany,Male,38,1,138515.02,1,1,1,171768.76,0
15589420,OSINACHI,795,FRANCE,Female,40,₹2,101891.1,1,1,1,183044.86 units,0
15584928,Ugochukwutubelum,594,Germany,FEMALE,₹32,4,120074.97,2,1,1,162961.79,0
15734765 units,Mahmood,739,France,FEMALE,20,4,133800.98,1,0,1,150245.81,0
15732917 units,Li,729,Germany,Male,46,5,117837.43,1,1,0,104016.61,1
15608114,Manfrin,587,SPAIN,Male,62,7,121286.27,1,0,1,6776.92,0
15662151,Gould,554,France  ,Male,40,4,0.0,1,0 units,1,168780.04 units,0 units
15706799,Macknight,719,Spain,Male,44,4,0.0,1,0,0,84972.9,₹1 units
15611612,Priestley,,France,Female,29,0,0.0,1,1,₹0 units,37092.43,0
15602647,Cunningham,729,,Male,39,6,127415.85,1,1,1,184977.2,1
15597739,Tu,674,France,MALE,37,3 units,0.0,1 units,1,0,158049.9,0
15738907,Tobenna,798,France,Female,60,6 units,96956.1,1,1,0,31907.44,1
15750728,Kaur,₹586,Spain,,42,2,0.0,1,1,0,102889.34,0
15671334,Nixon,527,France,Male,31,4,0.0,1,1,0,169361.89,0
15722037,Alvarez,610,Germany,MALE,36,7,115462.02,₹1,0,1,42581.04,0
₹15761158,Y?an,719 units,France,Female,₹54,7,0.0,2,1 units,1,125041.52,0
₹15711396,Henderson,₹427,Spain,Male,40,8 units,0.0,2 units,1,1,82870.75,0
15641009,Wilhelm,544,France,MALE  ,37,3,84496.71,1,0,0,79972.09,
15710743,Onwuamaeze,621,France,MALE,47,0,0.0,1 units,1,1,133831.37 units,1
15639788,Yuan,577,France,Female,39,10,0.0,2,1,0,10553.31,0
15630413,Howarth,,France,Female,41,5,0.0 units,2 units,1 units,1,72462.25,0
15765812,Trevisani,587,Spain,NULL,48,1,0.0,2,1,1,,0
15571244,Tung  ,809 units,Spain,Female,33,3,0.0,2,0,1,141426.78,0
15701908,Nina,623,Spain,Female,40,7,₹0.0,1,1 units,1,₹25904.12,0 units
15571144,Ives,655,FRANCE,Male,,10,0.0,2,0 units,1,126565.21,0
15731989,Moran,666,FRANCE  ,Male,,4,120165.4,2,1,0,33701.5,0
15669741,Hou,777 units,France,Male,36,7,0.0,1,1,,106472.34,0
15705512,Welch,668,Germany,Female,37,6,167864.4,1,1,0,115638.29,0
15600813 units,Hyde  ,717,France,Male,50 units,9,90305.76,1,1,1,124626.57,0
15605279,Francis,792,FRANCE,NULL,50,9,0.0,4,1,1,194700.81,1
15631721,Millar,₹691,NULL,Male,38,9,163965.69,2,0,,103511.26,0
15590097 units,CH'ENG,,Spain,Female  ,33,7,136082.0,1,1,0,62746.54,0
15766765,Obiuto,664,Germany,MALE,39,7,60263.23 units,₹1,,0 units,170835.32 units,0
15713354,MORRICE,₹597,Germany,Female,22,6,101528.61,1 units,₹1,0,70529.0,1
15794273,Hand,604,,Female,56,0,62732.65,,0,1,124954.56 units,0
15596624,Topp  ,662,France,Female,22,₹9,,2,1,1,,0
15763097,Siciliano,809,Spain,Male,80,8,₹0.0,2,0,1,34164.05,₹0
15654733,Hsieh,794,Germany,Male,57,3,117056.46,1,1,0,93336.93,1
15645323,Chinwenma,630,France,Male,55,2,0.0,1,1,1,106202.07,1
15571973,Chinwemma,776,France,Female,38,2,169824.46,1,₹1,0,169291.7,0
15690540,Gearheart,684,Spain,Female,41,1,134177.06,1,0,0,177506.66,0
15566467,Hannah,683 units,Germany,FEMALE,32,0,138171.1,2,1,1,188203.58,0
15579040,Hs?,556,France,Female,46,10,0.0,2,0,0,109184.24,0
₹15720941,Tien,710,Germany,Male,34,8,147833.3 units,2,0,1,1561.58,0
15602043,Buccho,770,Germany,Female,46,5,141788.63,₹2,₹0,0,164967.21,0
15599081,Watt,507,Germany,Female,46,8,102785.16,1,1,1,₹70323.68,0
15813917,Kirk,653,Germany,Male,31,9,143321.97,1,1,0,83679.46,0
15648800,Paterson,731,Germany  ,Female  ,21,8,132312.06,1 units,1,0,106663.46,1 units
15679075,Onyemere,701,France,Male,37,8 units,107798.85,1,1,0,16966.73,0
15767818,Graham,640,France,Male,₹55,₹10,132436.34,1,₹1,0,978.66,0
15736963,HERRING,623,France,Male,43,1,0.0 units,2,1,1,146379.3,₹0
15681410,Korff,813 units,Germany,Female,36,6,98088.09,1,0,1,26687.22,1
15750156,YU,662,Germany,Male,59,2,,1,1,0,8059.44,
15804394,BRENAN,663,Germany,Male  ,32,8,130627.66,1,₹1,0,47161.25,1
15771540,Fedorova,755,FRANCE,Male,38 units,9,148912.44,1,1 units,0,80416.16,0
15748068,Boyle,571,Spain,Female,31,3,0.0,2,1,1,194667.92,0
15759480,,644,France,Female,40,10,139180.97,1,1,1,19959.67,0
15603134,PAI,656,Spain,Female,40,10,167878.5,1,₹0,1,151887.16,0
15800228,Bednall,652 units,Spain,Female,42,4,0.0,2,1,₹1,38152.01,0
15806929,Ch'ien,751,Germany,Male,36,5,73194.99,1,1,1,89222.66,0
15793455,Tien,627,Spain,Female,55,6,0.0,1,0,0,91943.94,1
15656029,Marsden,609,France,Male,37,6,0.0,2,0,1,22030.72,0
15624170,Tan,639,France,Female,38,4 units,81550.94,2,0,₹1,118974.77,0
15684316,Udokamma,532,France,Male,₹43 units,9,0.0,2,0,0 units,190573.91,1
15683118,Rechner,590,FRANCE,Male,32,9,0.0,2,1,0,138889.15,0
15600027,Meng,₹579,Spain,Male,33,1,0.0,2,1,1,54816.57,0
15754796,Byrne,,Germany,NULL,46,4,135070.58,2,1,1,44244.49,1
15684010,Tuan,640,Germany,Female,,2,116800.25,1,1,1,34130.43,0
15704168,Ting,535,Germany,Male,38,₹8,₹127475.24,1,0,0,60775.76,1
₹15658057,Padovesi,812,Spain,Female,,8,0.0,3,1,0,₹66926.83,1 units
15729065,Mackay,784,Germany,Male,28,2,109960.06,2,1,1,170829.87,
15669326,Gordon,₹658,France,MALE,44,2,168396.34,1,1,1,14178.73,0 units
15627328 units,Millar,542,Spain,Female,26,2,0.0,2,1,1,54869.54,0
15646366,Trevisani,521,Germany,Male,41,8,120586.54,1,0,1,20491.15,0
15577313,Lionel,619,France,Male,44,3,116967.68,₹1 units,1,0,5075.17,1
15783522,Mitchell,,,Female,37,8 units,100565.94,1,1,1,128799.86,0
15763093,Nucci,540,Germany,Female,35,7,128369.75,2,1,0,,0
15668104,Kerr,479,Spain,Male,37,6,118433.94,1,0 units,1,₹160060.9,0
₹15612193,Hsia,762,Spain,,29,10,115545.33,2,1,0,148256.43,0
15794360,Hao  ,592,Germany,Female,70,5,71816.74,2,₹1,0,105096.82,1
15663294,KAO,703,France,Male,32,1,125685.79 units,,,1,56246.72,0
15676869,T'ien,657,Spain,Male,36,8,0.0,2,0,1,123866.43,0
15583580,Chiawuotu,566,Germany,Female,35,,123042.0,1,1,0,₹66245.44,
15791102,Mai,549,NULL,Male,41,9,95020.8,3,1 units,1,131710.59 units,1
15721504 units,King,731,Spain,Male,41,3,0.0,2,1,0,101371.72,0
15782802,BENEVENTI,582,Germany  ,Male,26,6,114450.32,1,1 units,1,₹14081.64,0
15740494,Cameron,633,France  ,Female,33 units,3,0.0,2,₹1,,191111.02,0
15637678,Ma,661,France,Male,₹35,5,0.0,1 units,1,0,155394.52,0
15727021,Obialo,727,Germany  ,Female,30,8,119027.28,2,1,₹1,137903.54,0
15587676,Alexeieva,699,France,Male,30,9,0.0,₹1,1,1,108162.13,0
15651272,Reyes,709,France,Male,38,5,0.0,2,1 units,1,81452.29,
15661708,She,508,France,Female,41,,0.0,2,₹1,1,94170.84,0
15633043,Fedorova,545,Spain,Female,39,6,0.0,1,0,0 units,38410.74,1
15762928,Venables,548,Spain,Male,44,8,0.0,1,1,0,16989.77,0
15588839,Mancini,606,Spain  ,,30,8,180307.73,2,1,1,1914.41 units,0
15811200,Ts'ao,831,France,Female,34,2 units,0.0,2,0,0 units,165840.94,
15623062,Vasilyeva,660,Germany,Male,24,₹5,85089.3,1,1,1,71638.0,0
15581252,Dolgorukova,632,Spain,FEMALE,29,7,80922.75,1,1,0,7820.78,0
15634968,Hsueh,789,Germany,Female,37,6,110689.07,1,1,1,71121.04,1
15659236,Iadanza,₹781,Spain,Male,33,3,0.0,,1,1,42556.33,
15724402,Tyler,770,NULL,Female,30,8,0.0,2,1,0 units,100557.03,0 units
15741094,Sagese,693,France,Male,21,1,0.0 units,2,1,1,3494.02,0
15778142,Shih,850,Germany,Female,31,1,130089.56 units,2,1 units,1,4466.21,0
15699047,Chukwuemeka,674,France,Female  ,21,9,120150.39,2,₹1,1,33964.03,0
15730793,Russell,699,Germany,Female,54,3,111009.32,1,1,₹1,155905.79,1
15642394,He,529,,,35,5,0.0,2 units,1,1,187288.5,0
15613197,Ugochukwutubelum,590,FRANCE,Male,40,8,0.0 units,2,1,0,,0
15703199,Golibe,619,Spain,Male,38,3,96143.47,1,0,0,98994.92,0 units
15791304,Ch'ang,604,Germany,Male,25,7,165413.43,1,1 units,1,35279.74,0
15640407,Chidiegwu,821,NULL,Male,45,0 units,135827.33,2,1,1,131778.58,0
15814032,Hsieh,₹807,Germany,Female,31,1,93460.47,,0,0,172782.69 units,0
15757912,Bradley,722,Germany,Female,37,0,125977.81,1,0,0,160162.42,0
15588580,Kennedy,584,Germany,Female,36,4,109646.83,1,1,1,70240.79,0 units
15770498,,,France  ,FEMALE,,4,,1,1,1,83478.12,0
15745624,McKenzie,828,France,Male,37,4 units,0.0,2,1,0,94845.45,0
15700209,WALKER,486,France,Male,63,9,97009.15 units,1,1,1 units,85101.0 units,0
₹15594450,Tomlinson,695,France,NULL,49,9,159458.53,1,1,0,135841.35 units,0
15757811,Lloyd,732,Spain,Female,69,9,137453.43,1,0,1,110932.24,1
15702715 units,Kao,747,FRANCE,Female,34,10,0.0,2,1,1,50759.8,0
15592578,Nucci,614,Spain,Female,41,7,146997.64,2,0,0,137791.18 units,0
15615176,Welsh,732,France  ,,26,7,0.0,2 units,1,0,154364.66,0
₹15573741,Aliyeva,698,Spain,Male,38,10,95010.92,1,1,1,₹105227.86,0
₹15732199,Gether,₹837,Spain,Male,31,9,104678.62,₹1,,1,50972.6,0
15704597,Trumbull,644,France,Male,33,7,174571.36,1 units,0,₹1,43943.09,0
15746183,Pye,573,France,Female,27,4,0.0,2,1 units,1,157549.6,0
15812497,D'Albertis,654,Germany  ,Male,37,5 units,112146.12,1,₹1,0,75927.35,0
15608408,Lazareva,₹598,NULL,Male,39 units,1,0.0,2,1,0,159130.32,0
15663885,Blinova,741 units,France,Male,32,5,0.0,1,1,1,,0
15605341,Baird,681,France,Female,58,8,₹93173.88,1,1 units,1,₹139761.25,0
15775295,McIntyre,630,France,FEMALE,40,0,118633.08,1 units,0,1,60032.46,1
15777553,Hanson,659,France,Female,56,9,123785.24,1,1,0,99504.03,1
15663134,Uspenskaya,535,Spain,Male,58,1,0.0,2 units,1,1,11779.98,1
15748352,Endrizzi,598,Spain,,34,0,104488.17,1,0,1,43249.67,0
15613880,Higinbotham  ,591,Spain,Male,,5,128468.69,1,0,1,137254.55 units,0
₹15642655,Savage,731,,Male,33,1,0.0,1,1,0,130726.96,0
15723320 units,Azubuike,651,Germany,Female,25 units,2,109175.14,2,1,0,114566.47,0
15658409 units,Mao,686 units,France,Male  ,41,5,₹128876.71,3,1,1,₹106939.34,1
15588450 units,Chukwudi,633,France,Female,60,8,69365.25,1,1,1,10288.24,0
15660646,Fanucci,528,France,Male,35,3,156687.1,₹1 units,1,0,199320.77,0
15770984,Fanucci,697,Spain,FEMALE,40,7,130334.35,2,0,,116951.1,0
15776827,Langdon,770,Germany,Male,37,5,141547.26,2,0,₹1 units,180326.83 units,0
15744695,Tu,,France,Male  ,39,5,77652.4,1,1,1,25407.59,0
15791991,Udinesi,773,France,Male,52,4,0.0,1,₹0,1,144113.42,0
15658577,Massie,629,FRANCE  ,Female,37,10 units,99546.25,3,0,1,25136.95,1
15756975,Montemayor,777,Spain,Female,35,3 units,0.0,2,1,1,17257.72,0
15645544,NEKRASOV,642,NULL,FEMALE,30,5,₹129753.69,1,1 units,0,,0
15654959,Hope,670,Spain  ,Male,67,6,158719.57,1,1,1,118607.4,0
15697510,Tien,707,Spain,Female,52,7 units,0.0,1,1,0,,1
15580719,Davis,697,,Female,23,10,0.0,2,1,1,79734.23,0
15675964,Chukwukadibia,₹672,France,FEMALE,45,9,0.0,1,1,1,92027.69,1
15589431,Pedder,807,Germany,MALE,47,1,171937.27,1,1,1,65636.92,
15735719 units,Babbage,790 units,NULL,Female,40,9,0.0,₹2,1,1,,0
15806913,Bishop,670,France,Female,54,2,95507.12,1,1,1,63213.31,0
15648136,Green,658,Germany,Female,28 units,9,152812.58,1,1 units,0,166682.57,0 units
15771856,Cremin,632 units,Spain,NULL,32,1,0.0,2,1,0,₹19525.65,0
15568326,Kenenna,637,NULL,Female,44 units,2,₹0.0,2,1,,149665.65,0
15760849,Nwachukwu,537,France,MALE,39,2,0.0,2,1,1,137651.6,0
15583718,Terry,696,Germany,Male  ,38,6,,1,1,1,8018.49,0
15731755,Hull,680,France,Male,49,10,0.0,2,1,0 units,187008.45,0
15806184,BURNS,618,Spain,Male  ,33,4,0.0,2,,1,77550.18,0
15746139,ENEMUO  ,596,France,Male,33,,139451.67,1,0,0,63142.12,₹0
15592229,Mullan,713,FRANCE,Female,52,0,185891.54,1,1,1,46369.57,1
15754072,Dennis,840,Spain,Female,36,6,0.0,2,1,0,141364.27,0 units
,NULL,781,FRANCE,Female,27,7,186558.55,1,1,,175071.29,₹1
15667458,L?  ,764,Germany,MALE,28,,124023.18,,1,0,166188.28,0
15687719,She,532,SPAIN,Female,37,5,0.0,2,0,1 units,6761.84,0 units
,Parkin,572,France,Female  ,36,8,68348.18,₹2,0,1,50400.32,0 units
15623489,Tu,543,France,Female,67,0 units,128843.67,1,1,1,134612.48,0
15774224,Nixon,613,Germany,Female,30,5,₹131563.88,2,1,0,170638.98,0
15682778,Fedorov,₹680,France,Male,34,9,0.0,2,1,1,95686.6,0
15593969,Abramovich,630,Spain,Female,39,7,135483.17,1,1,0,140881.2,1 units
15640418,Omeokachie,649,Germany,FEMALE,41,,115897.73,1,1,0,143544.48,0
15762332,Ulyanova,568,Germany,Female,31,,61592.14,2,1,1,61796.64,0
15790489,Lo Duca,534,Spain,Male,34,5,170600.78 units,₹1,0,1,5240.53,0
15784687,SIMMONS,592,France,Male,36,1,126477.42,1,0,0,179718.17,0
15669782,Chu,820,Germany,Male,39,₹9,111336.89,1,1,0,16770.31,1
15641662 units,Enticknap,₹470,Germany,MALE,39,5,117469.91,2,0,0,63705.9,0
15628523,Chien,539,France,Female,24,3,0.0,2,1,1,198161.07,0 units
15732967,Cremonesi,731,France,Male,19 units,6,0.0,2,1,1,151581.79 units,0
15739248,NULL,727,France,NULL,52,4,0.0,2,1,1,118429.02,0
15671322,Chiang,724,Germany,,,7,115315.04,1,1,0,15216.53,0
15636089,Hs?,678,GERMANY,Female,51 units,1,145751.03,1,0,0,109718.44,1
15793331,Blair,812,France,MALE,32,5,133050.97,2,1,0,89385.92,0
15601351,Moroney,735,France,Male,43,9,127806.91 units,1,1,1,73069.59,0
15606310,Birk,823,France,Male,₹71,5 units,149105.08,1,0,1,162683.06,0
15745827,Padovesi,617,France,Male,30,3,132005.77,1,1 units,0,142940.39,0
15636548 units,Lung,457,Spain,Male,44,7,0.0,2 units,0,0,185992.36,
15756333,Khan,642,France,Female,55,7,0.0,2,1 units,1,101515.76,₹0
15636353 units,Buchi,534,Spain,Male,35,4,0.0,2,0,0,,₹0
15782100,Holloway,₹544,SPAIN,Male,22,3,66483.32,1,0,1,110317.39,0
15748116 units,Zetticci,681,France,Female,29,2,148143.84,1,1 units,1,52021.39,0
15729763,Nelson,655,Spain,Male,34,1,116114.93,1,1 units,1,49492.15,0
15624451,Huddart,641,France,Female,38,3,0.0,2,1,0,116466.19,0
15574886,Palerma,₹706,France,Male,32 units,6,94486.47,1,1,1,146949.74 units,0 units
15586135,Gratwick,₹536,Spain,Female,28,4,0.0,1,1,1,136197.65,0 units
15792726,Sung,470,FRANCE,Female  ,25,8,127974.06,2,₹1,1,183259.35,0
15595039 units,Manna,545,Germany,Female,37,,114754.08,1,₹1,0,136050.44,₹1
15797595,Greenhalgh,,France,Female,40,9,₹131569.63,1,1,1,103970.58,0
15810010 units,Dahlenburg,678,Germany,Male,36,6,118448.15,2,1,0,53172.02 units,₹0
15750671,Egobudike,512,NULL,Male,31,6,0.0,2,1,₹0,168462.26,0
15627203,Hsu,508,Spain,Male,54,10,0.0,1,1,1,₹175749.36,₹0
15742534 units,Faulk,,Germany,Female,28,2,123802.98,2,1,1,155846.69,0
15670172,Padovesi,622,FRANCE,Female,30,4,107879.04,1,0,1,196894.62,0
15812365,GRECO,850,France,Male,40,8,102800.65,1,1,0,60811.56,
15573280,Gallagher,646,Germany,Male,50,6,145295.31,2,₹1,1,27814.74,0
15795881,Alexander,776,Spain,Male,₹35,8 units,106365.29,1,1,1,148527.56,0
15686164,MACLEAN,₹850,Germany,Female,31 units,1,108822.4,1 units,1,1,132173.31,0
15811486,Tang,634 units,Germany,,₹29,8,130036.21,2,0,1,69849.55 units,0
15679429,Bell,694,France,Male,32,0,91956.49,1,1,1,59961.81,0 units
15592123,Buccho,768,France  ,Male  ,30,,0.0 units,2,1,1,199454.37,
15628205,Greco,571,Germany,Female  ,34,1,101736.66,1,0,1,195651.66,0 units
15744843,K'ung,569,Spain,Female,34,₹6,,1,0,0,196555.32,0
15591489,Davison,826,France,Male,26,5,142662.68,1,0,0,60285.3,0
15770091,Edwards,643,Germany,Male,28,9,160858.13,₹2,1,₹0,27149.27,
15802362,Newland,550,Spain,Male,,0,0.0 units,2,0,,70399.71,0
15703167,Rouse,628,France,Female,45,8,0.0,2,,0,193903.06,0 units
15668289,McWilliams,690,Spain,Male,32,2 units,76087.98,1,0,1,151822.66,0
15772262,Vavilov,,Germany,Male,37,9,110483.86,1,1,1,127394.67,0
15585256,Iloerika,805,Spain  ,Male,26,2,0.0,2,1,1,,0
15795132,Molineux,735,France,Female,25 units,3,91718.8,1 units,0,,28411.23,0
15616630,Tobenna,583,Germany,NULL,41,5,,1,1,0,190429.52,0
15645353,Chubb,607,France,MALE,26 units,1,0.0,1,1,0,29818.2,0
15676958,ZITO,765,Germany,Male,34,5,86055.17,2,1,1,104220.5,0
15798824 units,Kennedy,671,Spain,Male,38,0,92674.94,2 units,,0,3647.57 units,0
15566495,Hanson,704,SPAIN,Female,24,,0.0,1,1,0,35600.25,1
15659931,Ibezimako,637,Germany,Female,55,1,123378.2 units,1,1,0,81431.99,1
15571081,Hansen,773,France,Female,41,7,₹190238.93,1,1,1,57549.65,0
15589018,Padilla,719,Germany,Male,28,3,106070.29,2,1,1,183893.31,0 units
15653147,Boyle,594,France,Male,35,2,133853.27 units,1,1 units,1,65361.66,0
15642824,Onyekaozulu  ,826,Spain,Female,56,8,174506.1,2,0,1,161802.82,1
15593954,Eva,516,France,Female,47,6,109387.33,1,0,0,121365.45,0
₹15728823,Sharwood,836,Spain,Female  ,37,10,0.0,2,1,₹0,111324.41,0
15631868,,744,SPAIN,Male,36,2,153804.44,1,1,1,87213.33,0
15739502 units,Amaechi,549,Germany,Female,31,9 units,135020.21,2,₹1,1,23343.18,0
15707505,Taylor,₹699,Spain,Male,31,8,125927.51,2,1 units,0,147661.47,0
15706185,Clements,596,Germany,Male,47,5,140187.1 units,2,1 units,1,174311.3,0
15642636,Glossop,755,France,Male,29,9,117035.89,1,1,1,21862.19,0
15728912,SWANSON,554,France,Female,44,6,92436.86,1,1 units,0,126033.9,0 units
15758050,Madukwe,622,Spain,Male,37 units,4,0.0,2,1 units,0,4459.5 units,0
15646615,Muir,576,Germany,Male,28,1,₹119336.29,2,0,1,58976.85,0
15761477,Golibe,501,Germany,Male,24,4,130806.42,2,1,0,80241.14,₹0
15793883,Lo Duca,798,France,Male,28,3,0.0,,1,0,2305.27,0
15688071,Collins,609,Spain  ,Male,₹53,10,,1,1,₹1,,0
15617507,WILSON  ,530,Spain,FEMALE,36,7,0.0,2,1 units,0,80619.09,0
15788448,WATSON,490,Spain,Male,31,3,145260.23,1,0,1,114066.77,0
15571928,Fraser,679,France,Female,43,4,0.0,3,1,0,115136.51,1
₹15633866,Hsiung,753,GERMANY,Male,30,₹1,110824.52,1 units,1 units,1,57896.27,0
15674156,Tretiakova  ,810,Germany,Male,69,3,27288.43,1,1,1 units,110509.9,0
15795151,Hartzler,705,France,Female,38,3,123894.43,1 units,1,0,21177.1 units,0
15660602,Ch'eng,464 units,Germany,Male,33,8,164284.72,2,1,1,3710.34,0
15655464,Combes  ,640,France  ,Female,67,3 units,0.0,1,0,1 units,42964.63,0
15720284,Crawford,607,Germany,Female,37,4,₹135927.06,1,0,0,180890.4,0
15770554,Fraser,₹769,France,Male,31,4,61297.05,2,₹1,1,7118.02,0
15605742,Tuan,₹737 units,NULL,Male,43,0,80090.93,1,1,₹0,39920.0,1
15671209,HOLDEN,593,Germany,Female,29,5,101713.84 units,3,1,0,₹134594.99,₹0 units
15797686,Howard,558,France,Male,38,₹8,113000.92,1,1,1,152872.39,0
,Hsia,602,Spain,Male,33,5,0.0,2,0,1,,0
15778947,Sullivan,628,France,Male,36,3 units,0.0,2,1,1,8742.91,0
15649078,Christian,850,Germany,Female  ,27,8 units,111837.78,2,1,1 units,110805.79,0
15604576,Eiland,850,Spain,Male,22,3,0.0,1,1,1,144385.54,0
15799932,Iweobiegbunam,812,France,Male,24,10,0.0,2,1,1,156906.15,0
15636444,Craig,535,Germany,FEMALE,53,5,141616.55,2,1,1,75888.65,0
15646632,Reid,741,France,Male,38,,0.0 units,2,1,0,14379.01,0
15568240,Ting,492,,Female,,10,77168.87,2,0,1,146700.22,0
15811985,Power,530,Spain,,44,₹6,₹0.0,2,0,0,55893.37,0 units
15669175,Ts'ai,479,Germany  ,Male,24,6,107637.97,2,0,₹1 units,169505.83,0
15744914,Moore,539 units,Germany,Male,42,1,177728.55,₹1,1,0,₹105013.63,0
15688128,Loggia,₹542,Spain,MALE,34,8,108653.93,1 units,0,1,144725.14,0 units
15672798,O'Brien,656,France,Female,45,7,145933.27,1,,1 units,199392.14,0
15774285,Kentish,649,Spain,Female,47,8,110783.28,1,1,1,71420.16,0
15766683,Coombes,549,Germany,Male,36,6 units,139422.37,1 units,0,0,83983.39 units,1
15640280,Cameron,850,France,,39,4,127771.35,2,0,1,151738.54,0
15751297,Wilson,732,France  ,,36,5,0.0,2,1,0 units,161428.25 units,0
15626012,Obidimkpa,459,France,Male,26,4,149879.66,1,0,,50016.17,0
15670039,Sun,509,Spain,Female,25,3,108738.71,2,1,0,106920.57 units,0
15813741,Nnachetam,549,Spain,Male,25,6,193858.2,1,0,1,21600.11,0
15589312,Larkin  ,₹588,France,Male,30,3,115007.08,1,0,0,₹176858.5,0
15751788 units,Johnson,850,,Male,28,9,97408.03,1,1,1,175853.64,0 units
,Bligh  ,611,France,Female,26,2,107508.93,2,1,1,120801.65,0
15644005,Holman,571,France,Female,33,9,0.0,2 units,0,1,77519.62,0
15733777,Evans,817,France,Male,44,8 units,0.0,1,₹0,0,65501.91,1
,Manna,,Germany,Female,34,6,106434.94 units,1,0,1,137995.66,
15744398,Burns,525,France,Female  ,23,5,0.0,2,1,0,160249.1,0
15782181,Greco,592,Spain,Male,35,6,₹80285.16,1,1,0,72678.75,1
15665129,Kapustin,545,Germany,Male,33 units,1,132527.9,2,0,1,107429.71,0
15696141,Kruglov,516,SPAIN,FEMALE,31,7,0.0,,1,,47018.75 units,0
15675320,Leonard,758,Spain  ,Female,40,5,,2,0,0,123218.81,0
₹15603554,Berkeley,513,France,Female,45,0,164649.52,3,1,0,49915.52,1
15655875,,511 units,France,Female,33,3,0.0,2,,0,132436.71,0
15653275,Lei,,Spain,Female,54,1,0.0,2,1,0,45113.92,1
15642093,Piccio,646,France,Male,30,7,0.0,2,₹1,₹0,153566.97,₹0
15682540,Cremonesi,602,France  ,Female,33,8,0.0,2,1,1,112928.74 units,0
15723658 units,Voronina,712 units,Spain,FEMALE,30,6,0.0,2,1,0,152417.97,0
15765048 units,Watt,545,France,,30 units,3,0.0,₹2,1,0,170307.43,0 units
15756475,Kenniff,551,NULL,Male,31,9,82293.82,2,1,1,91565.25,0
,Milani,714,France,MALE,52,4,100755.66,1,1,1,186775.25 units,0
15772482,Iloerika,829,Germany,Male,28 units,3,132405.52,3,1,0,104889.2,1
15746805 units,Thomson,597,France,Male,33,9,0.0,2,1,0,49374.82,0
,Lo,496,NULL,Male,₹29 units,₹2,0.0,₹2,1,0,55389.59,
₹15681206,Hsing,722,France,Female,₹49,3,168197.66,1,1,0,140765.57,1
15713347,Reynolds,577,Spain,Male,48,6,179852.26,1,1 units,0,193580.32,0 units
15704769,Smith,585,France,Female,67 units,5,113978.97,2,0,1,93146.11 units,0
15594133 units,Erskine,697,Spain,Male,62,7,0.0,1,1 units,0,129188.18,1
15734161,Nnonso,636,France,Male,43,6,0.0,2,1,0,43128.95,0
15610727 units,Ch'in,₹605,France,Male,₹36,₹7,128829.25,1,1,0,190588.59,0
15615020,,595,Germany,Female,₹41 units,9,150463.11,2,0,1,,0
15756850,Golovanov,479,NULL,Male,40,1,0.0,2,0,0,114996.43,0
15753215,Yashina,₹651,Spain,,36,8,0.0,2,1,0,91652.43,0
15773071,,780,Spain,Female,33,6,₹145580.61,1,1,1,154598.56,0
15735549 units,LORI,810,Germany,Male,35,3,96814.46 units,2,1,1,120511.03,0
15566253,NULL,580,Germany,Male,44,9,143391.07 units,1,0 units,0,146891.07,1
15588587,Stetson,,France,Female,36 units,1,86837.95,₹1 units,1 units,1,105280.55,0
₹15650437,Shen,522,Germany,Male,32,8,124450.36,2,,1,165786.1,0
15726153,Fanucci,622,France,Male,₹31,5,106260.67,1,1,1,2578.43,0
15700476,Azubuike,564,Germany,Male,41,9,103522.75,2,1,1,34338.21,
15814536,Conti,549,France,Male,37,2,112541.54,2,0,0,47432.43,0
15738715,Alexander,600,France,Female,37,4,,3,1,0,7312.25,1
15779522,Efimov,736,France,Female,24,0,0.0,2,1,₹0,109355.73,1
15799790,Carter,763,France,NULL,,9,0.0,1,1,1,31372.91,0
15778418,Burns,₹637,Germany,Male,40,9 units,154309.67,1,1,1,125334.16,1
15636872,Amadi,585,France,Female  ,32,8,144705.87 units,2,0,0,171482.56,0
15662152,Trevisan,552,France,Female,38,9,134105.01,1,0,0,57850.1,0
15791326,Nnamdi,566,France,Male,34,3,0.0,1,₹0,0,188135.69 units,0
15687162,Clayton  ,461 units,France,MALE,51 units,9,119889.84,1,0,0,56767.67,1
15736274,Prokhorova,751 units,France,Male,31,8,0.0,2,0,0,17550.49,0
15705544 units,Ma,633,France,Male,61,3,157201.48,,0,1,50368.63,0
15773809 units,Campbell,620,France,,42,4 units,0.0,2,,0,6232.31,0
15789546,Ojiofor,639,Spain,Male,28,8,0.0,₹2,1,0,126561.07,0
15661626,Algeranoff,₹732,Germany,Female,45,6,₹98792.4,1,,0,81491.7,1
15686436,Newbery,523,Spain,NULL,32,4,0.0,2,1,0,167848.02,0
₹15646161,Steinhoff,673,SPAIN,FEMALE,37,8,0.0,2,1,₹1,183318.79,0 units
15605684,PHELAN,664,France,Female,,7,104158.84,1,1 units,0,134169.85,0
15695103 units,Carr,790,Spain,Male,37,6,,2,1,,119484.01,0
15678626,Okonkwo,538,Spain,FEMALE,31,0,0.0,2,0,0,179453.66,0
15645621 units,Hunter,811,NULL,Male  ,44,3,0.0,₹2,0 units,1,78439.73,0
15643188,Barnett,671,Germany,Female,47,7,,2,1,0,153194.32,1 units
15623202,Maslov,704,Germany,Female,39,10,102556.18,2,1,0,171971.25,₹1
15725002,Smith,,France,Male,37,7,0.0,2,1,0,20306.79,0
15616088,Lucas,782,FRANCE,Female  ,70,7,97072.42,1,0,1,131177.22,0
₹15810716,Kerr,750,Germany,Male,42,8,151836.36,2,1,0,68695.38,0
15677049,O'BRIEN,,GERMANY,Female,25,7,106570.34,2,0,1,,0
15690695 units,FLYNN,683,NULL,Female,33,9,0.0,2,1,1,38784.42,0
15678571,Barber,723,FRANCE,Male,21,4,0.0 units,2,0,0,24847.02,0
15602010,Zikoranaudodimma,850,Germany,Female,₹45,₹5,103909.86,1,1,0,₹60083.11,₹1
15697567,Bazarova,₹752,France,NULL,33,4,0.0,2,1,1,39570.78,0 units
15625905,Griffen,592,Spain,Male,41,0,0.0,2,1,0,65906.07,0
15722004,HSIUNG,543,France,Female,31,4,138317.94,1,0,0,61843.73,0
15730579 units,Ward,850,France,Male,68,5,169445.4,1,1,1,186335.07,0
15727605,Shih,533,Germany,MALE,43,4,80442.06,2,0,1,12537.42,0
15740264,Yobachi  ,640,France,Male,38,9,0.0,2,1,0,88827.67,0
15792102,Yefremova,774,France,Female,42,3,137781.65,1,0,0,199316.19,0
15611848,Kwemtochukwu,850 units,Germany,Male,32,3,137714.25,1,₹0,1,159403.68,0
15705379,Upjohn  ,678,France  ,Male,38,3,0.0,2,1,0,66561.6,0
15678173,COLLEE,629,Spain,Male,35,4,174588.8,2,0,1,158420.14 units,0
15743016,MacDonald,602,SPAIN,FEMALE,22,7,141604.76 units,,1,0,30379.6,0
15758171,Tien,582,France,Male,20,4,0.0,1,1,1,55763.66,0 units
15711759,Wilkins,576,France,Female,29,5,108541.04 units,1,1,1 units,126469.09,0
15745621,WERTHEIM,640,Spain,FEMALE,32,6,118879.35,2 units,1,1,19131.71,0
15722583,Benjamin,636,Spain,Female,29,6,157576.47,2,1,1,101102.39,0
15709004,Mai,528,Germany,Male,22 units,5,93547.23,2,0,,961.57,0
15790658,Iqbal,621,Spain,Male,₹42,8,68683.68,1,1 units,1,74157.71 units,0
15747647,Iadanza,589,Spain,Female,27,4,0.0,2,1,0,144181.48,0
₹15633537,Nolan,540,Germany,Female,42,9,87271.41,2,1,0 units,172572.64,0
15721019,Jones,687,France,FEMALE,24,3,110495.27,1,1,0,158615.41,0
15785980,Williford,588,Spain,Male,34,6,121132.26,2,1,0,86460.28,0
15722479,Ikenna,707,France,Male,37,1,0.0,2,0,1,6035.51 units,
15785358,Gresswell,586,Germany,Male,46,8,106968.96,1,1,1,79366.98,1
15790757,Cody,769,France,Female,25,10,0.0,2,,0,187925.75,0
15761132,Capon,682,Spain,NULL,46,7,128029.72,1,1,1,62615.35,0
15690673,Cameron,656,France,Female,39,6,0.0,2,1,0,141069.88,0
15673570,Olsen,580,France,Male,37,9,0.0,2,0,₹1,77108.66,0
15734438,Kanayochukwu,590,France,Female,29,4,0.0,2,1,0,121846.81,0
15753754,MORRISON  ,587,Spain,Female  ,34,1,0.0 units,2,1,1 units,,0
15789201,Thomson  ,603 units,Germany,Female,35,9 units,145623.36,1,1,0,163181.62,0 units
,Doyne,762,,Female,43,₹5,134204.67,1,1,1,139971.01,0
15759021,Kay  ,685,France,Male,35,9,0.0,1,1,0 units,167033.83,0
15656176,Jenkins,501,France,Male,57 units,10,0.0,2,1 units,1,47847.19,0
,NULL,548,Spain,Male,39,7,131468.44,1,1 units,0,₹164975.82,0
₹15596013,Akhtar,694,Germany,Female,58,1,143212.22,1,0,₹0,102628.56,1
15625706,White,693,GERMANY,Male,45,2,116546.59 units,2,0,0,23140.28,1 units
15616431,Chiu,608,France,MALE,33,4 units,0.0,1,0,1,130474.03,₹0
,Owen,791,Spain,Male,25,7,0.0,1,1,0,89666.28,0
15782879,Lang,₹656,FRANCE,Male,40,2,0.0,2,1,1,180553.48,0
15684995,Chamberlain  ,690,Spain,Male,49,8,116622.73,1,0,1,51011.29,0
15632736,Liang,850,GERMANY,Female,30 units,,104911.35,2,1,1,₹42933.26,0
15750335,PATERSON,850,Germany,NULL,43,,108508.82,3,₹1,0,184044.8 units,1
15657829,Fanucci,806,Germany,Male,30,8,168078.83,1,1 units,0,85028.36,
15636388,NULL,₹702,Germany,Female,23 units,7,98775.23,1,1,0,114603.96,0
15637366,Su,505,GERMANY,,25 units,5 units,114268.85,2,1,1,126728.27,0
15764892,Spinelli,590,Spain,Female,51,10,,2,1,1,190937.09,0
15810995,Wright,526,Germany,Male,₹34,3,122726.56,1,1,1,46772.36,0
15693376,Baryshnikov,741,Spain,Male,43,₹0,0.0,2,1,1,2920.63,1
15644212,HAN,644,Spain,NULL,28,0,0.0,2,1,0,119419.37,0
15749905,Carr  ,698,Spain,Female,47,6 units,0.0,1,1,,50213.81,
15749951 units,Sacco,,Germany,Male,27,5,126285.73,1,1,0,,1
15569452,Butler,652,Germany,Female,58,3,116353.2,2,0,1,193502.9,0
15685243,Jamieson,736,France,Female,63,10,0.0,2 units,0,,502.7,0
15632789,Maclean,794,France,Male  ,30,8,0.0,2,1,1,24113.91,0
15628292,LUCCHESI,850,France,Male,32,4,156001.68,2,1,1,151677.31,0
₹15794159 units,Highett,633,France,Female,26,8,124281.84,1,1,1,60116.57,0
15600626,BRADLEY,710,France,Male,30,6,0.0,2,1,1,8991.17,0
15586914,Nepean,659,France,Male,36,6,123841.49,2,₹1,0,96833.0,0
15759874,Chamberlain,532,France,Male,44,3,148595.55,1,1,0,74838.64,
15662403,Kryukova,622 units,France,Female,32,₹6,169089.38,2,1 units,0,101057.95,0
15669060 units,Woolnough,₹662,France,Male  ,74,6,,2,1,0,123583.85,0
15772337,Lawrence,723,Germany,Female,49,0,153855.52,1,1,1,180862.26,1
15600720,Moore,652,Spain,Male,41,8,115144.68,1,1,0,188905.43,0
15801351,Milanesi,583,France,Male,40,3,,2 units,1,,47728.0,0
15633474,Whitehead,586,France,Male,51,2,138553.57,1,1,1,92406.22 units,0
15788068,Lopez,743,Germany,Male,45,10,,3,1,0,22512.44,1
15644833 units,Duncan,675,NULL,Male,54,2,0.0,1,1,0,149583.67,1
15611409,Sun,676,Spain,MALE,35,₹0 units,0.0 units,2,0,0,139911.58,0
15664737,Lei,779,Spain,Female,38,7,0.0,2,,,138542.87,₹0
15736816,Young,756,Germany,Male,36,2,136815.64,,1,1,170041.95,0 units
15620111,Fan,₹659,France,,54,8,133436.52,1,1,0,56787.8,0
15689692,Walker,598,Germany,Male,19,3,150348.37,1,1,1,173784.04,0
15758116 units,Rossi,666,France,MALE,53,5,64646.7,1,1,0,128019.48,1
15598161,NULL,654,France,Male,47,10,0.0,2,1,0,,0 units
15617136,NULL,451,Germany,Female,38,9,61482.47,1,1,1,167538.66,0
15640454,Parkhill,693,GERMANY,NULL,40,0,120711.73,1,0 units,0,27345.18,1
15613886,Trevisan,722,Spain,Male,43,,0.0,1,1,0,44560.17,₹1
15600991 units,ARTEMIEVA,694,Germany,MALE,31,6,109052.59,2,1,1,19448.93 units,1
15744368 units,Sun,633,Spain,Male,58,6,98308.51,₹1,1,1,₹132034.13,0
15579996,,524,Germany,Female,25,7,131402.21,1,0,0,₹193668.49,0 units
15744979,Fowler,666,France,Female,36,8,0.0,₹1,0,1,158666.99,0
15596962,Owens,617,France,Female,24,4,137295.19,2,1,1,₹91195.12,0
15640846,CHIBUEZE,546,Germany,Female,58,3,106458.31,4 units,1,0,128881.87,1
15759684,Ting,528,,Female,27,7,176227.07,,0,₹1,139481.53,0
15806249,Kerr,671,Spain,Female,31,4,0.0,2,0,1 units,79270.02,₹0
15610936,Becher,562,France,Male,33 units,6,0.0,2,1,0,111590.35,0
15797760,Bogdanov,632,France  ,Male,40,3,193354.86,2,1 units,0,149188.41,0 units
15727688,CHIZUOKE,555,Spain,Male,32,4,0.0,2,1,1,54405.79,0
15674573,Gearhart,713,France,Female,25,4,121172.97,1,1,1,56268.98,0
15648479,Stephenson,655,France,Female,45,0,0.0,,1,0,166830.71,0
15782144,Gilroy,522,FRANCE,Female,34,3,0.0,,1,1,3894.34,0
15745266,Norman,434,Spain,Male,55,6,0.0,1,0,1,73562.05,1
15684319,Baranova,780,Germany,Female,37,10,95196.26,1,1,0,126310.39,1
15665014,Middleton,458,Spain,Male,₹36,5,0.0,2,1,0,79723.78,₹0
15662500,Ts'ao,774,SPAIN,Male,32,9,0.0,2,1,0,10604.48,0
15617419,Roberts,618 units,Germany,Female,29,10,₹100315.1,2,1,1,32526.64,0
15771087,Harrison,757,NULL,Female,71,0,88084.13,2,1,1 units,154337.47,0
15737998,Cheng,529,France,Male,46,₹8,0.0,1,0,0,126511.94,1
15581388,Y?an,,Spain,Male  ,33,8,145729.71 units,,1 units,0,41365.85,0
15635905,Moran,616,Spain,Female,32 units,6,0.0,2,1 units,1,43001.46,0
15575060 units,Gardner,₹797,France,Male,24,5,0.0,2,1,₹0,182257.61,0
15574206,Shillito,718,France,Female,37,7,0.0,2,1,1,55100.09,₹0
15781619,STEVENSON,785,France,Female,38,1,0.0,1,1,0,134964.85,1
15575445,Ferguson,629,Spain,Male,41,10,150148.51,1,0,0,6936.27,0 units
15683403,Lombardi,611 units,,Male,52,7,0.0,1 units,0,1,73585.18,
15759872,L?,625,France,,22,9,0.0 units,2,1,0,157072.91,₹0 units
,Oluchukwu,516,France,Female,46,1,104947.72 units,1 units,1,0,115789.25,1
15660429,Ch'in,665,Spain,Female,42,2,156371.61,2,0,1,156774.94,1
15592583,Colman,731,France,Female  ,47,₹1,115414.19,,0,0,191734.67,1
15652218 units,Morrison,750,France  ,Male,33,2,152302.72,1,1,0 units,71333.44,0
15643294,Robinson,703,France,Female,33,8,190566.65,1,1,1,79997.14,0
15571193,Morrison,579,GERMANY,Male,42,0,144386.32,1,,1,22497.1,1
15658980,Matthews,711,Germany,Male,26,9,128793.63,1,1,0,19262.05,0
15591986,Johnston,621,Germany,Male,46,6,141078.37,1,0,0,34580.8,1 units
₹15747821,K?,554,Germany,Female,31,6,135470.9,1,1,0,107074.81,0
15668460,Bellucci,466,France,Male,29,6,0.0,2,1,1,,0
15711687,Nero,434,France,Male,41,4,108128.52,1,0,1,56784.11,0
15680001,McDonald,602,France,Male,38,7,111835.94,2,1,0 units,124389.61,0
15701074,Herz  ,629,Germany,Male,35,8,112330.83,1,1,1,91001.02,0
15600103,Alexander  ,633,Germany,Female,29,8,104944.1,,1,1,97684.46 units,0
15647203,Gebhart,₹750,France,Female,35,3,0.0,1,1,0,,0
15633352,,628,FRANCE,Female,31,6,175443.75,1,1,0,113167.17,1
15703707,Atkins,656,France,Male,44,10,143571.52 units,1,0,0,127444.14,0
15610446,Chinedum,714 units,France,Female,51,4,88308.87,3,0,0,5862.53,1
15647099,NULL,₹633,France,FEMALE,₹37,9,156091.97,1,1,0,72008.61,0
15801559,NULL,693,Germany,Female,41,9,181461.48 units,3,1,1,187929.43,1
15610140,He,601,France,Female,34,5,0.0,2,1,0,27022.57,0
15800215,Kwemtochukwu,658,France,Male,25,3,0.0,2,0,1,173948.4,0
15643966,Goforth,616,Germany,Male  ,,3,143129.41,2,0,₹1,64327.26,0
15604782 units,Tan,733,GERMANY,Female,33,7,187257.94,1,0,1,190430.81,₹0
15688612,Campos,₹850,France,Male,33 units,7,140956.99,1,0 units,0,3510.18,₹0
15680141,YUAN,759,Spain,Female,35,7,147936.42,1,1,1,106785.7,0
15616859,Bonwick,602,Germany,Female,43,2 units,113641.49,4,1,0 units,115116.35,1
15724251,TODD,₹682,NULL,Female,29,6,101012.77,1,0,0 units,32589.89,1
15624641,Kharlamova,740,Spain,Male  ,43,9,0.0,1,1,0,199290.68,1
15723873,Ponomarev,657,Spain,Male,₹31,3,125167.02,1 units,₹0,0,98820.39,0
15694381,Lloyd,₹631,France,Male,51 units,8,100654.8,1,1,0,171587.9,0
15792489,Polyakova,622,SPAIN,Male,₹42,9,0.0,2,,0,119127.06 units,0
15599195,STIGER,582,,Male,32,1,88938.62,₹1,,1,10054.53,0
15594862,Aleksandrova,₹552,France,Male,36,8 units,0.0 units,2,0,0,132547.02,0
15607170,Boyle,,France,Male,35,5,0.0,2,1,1,78397.24,0 units
15806956,Iqbal,746,Spain,Male,30 units,1,112666.67,1,0,0,11710.4,1
15710825,Ch'en,592,Spain,Male  ,31,7,110071.1,1 units,0,0,43921.36,0
15720637,Bell,710,Germany,Female,46,10,120530.34,1,1,0,166586.99,1
15731117,KAO,437,Spain,Male,28,2,109161.25,1,1,0,₹152987.42,0
15597033,Speight  ,708,Germany,Male,37,8,153366.13,1,1,1,26912.34,0
15591747,Rossi,705,France,Male,32,3,0.0,2,0,0,129576.99,0
,,₹707,Spain,Male,32,9,0.0,2,1,₹0,126475.79,0
15739592 units,Sokolov,,Germany,Female,51,10,98438.23,1,0,0,70778.63,1
15633650,WOODS,677,Germany,Female,41,8,146720.98,2,1,1,4195.84,₹0
15766205,Yin,550,Germany,Male,38,2,103391.38,1,0,1,90878.13 units,0
15790113 units,Schofield,609,Germany,Female,,6,113317.1,1,1,0,108258.22,1
15667002,Knight,666,NULL,Male,43,5,0.0,2 units,1,0,29346.1,0
15570601,Cheng,785,France,Female,47,9 units,122031.55,1,1,1,33823.5,₹1
,Secombe,,France,Male,34,2,0.0,2,1,0,164162.44,0
15767908,Nicholson,567,France,Male,38,6,₹127678.8,2,0,₹0,45422.89,0
15626710,Yudina,642,France,Female,39,4,0.0,1,1,1,76821.24,0
15570087,Parry-Okeden,664 units,FRANCE,Female,44,8,142989.69,1,1,1,115452.51,1
15794580,Ch'en,599,France,Male,58,4,0.0,1,,0,176407.15,1
15724838,Moretti,599 units,France,Female,43,4,0.0,1,1,0,170347.1,0
15702416,Cecil,734,NULL,MALE,43,7,107805.67,1,0,0,182505.68,0
15666856,Chikwendu,774,France,,49,1 units,142767.39,1,1,1,8214.41,0
15640074,Barrett,666,Spain,,47,5,0.0 units,1 units,0,0,166650.9,1
15732265,Obialo,630,France,Male,33,9,0.0,2,1,0,64804.59,0
15704746,Inman,699,Spain,MALE,35,2,167455.66,2,1,1,55324.49,₹0
15595728,THOMAS,523,Germany,Male,41,0 units,119276.31,₹1,0,0,122284.38,1
15727299,Edgar,445,NULL,Male,62,1,64119.38,1,1,1,76569.64,1
15614716,Okwudilichukwu,515 units,France,Female,₹37,0,196853.62,1,1,1,132770.11,0
15792989,Bianchi,543,France,Female,71,1,,1,1,1,₹25650.04,0
15688498,Chu,594,Germany,Female,21,2,87096.82,2,1,0,168186.11,0
15580227,Moss,803,France,Male,33,6 units,0.0,2,1,0,115676.61,0
15619674,White,649,France,Female,35,4,108306.44,1,1,1,192486.24,0
15648362,Kennedy,728,Germany,Male,45,3,108924.33,2,1,0,84300.4,1 units
15672397,Smith  ,598,France,Male,38,,125487.89,1 units,0,0,158111.71,0
15651264,NULL,850 units,Germany  ,NULL,51,₹4,124425.99,1,0,0,118545.49,1
15773709,Hung,838,Spain,Male,35,0,0.0,2,0,,₹197305.91,0
15666652,Anayolisa,781,France,Female,19,3,0.0,2,1 units,1,124297.32,0
15741652,McLean,600,Spain,Male,37,8,177657.35,1,1,1,77142.32,0
15621063,NULL,₹516,France,FEMALE,42,8,56228.25,1,1,0,₹46857.52,0
15725511,Wallace,559 units,France,Female,31 units,3,127070.73,1,0,1,160941.78,0 units
15647975,Vida,651,Germany,Male,26,5,147037.32,1,0,0,141763.26,0 units
15796505,Boyle,811,Germany,Female  ,34,1,149297.19,2,1,1,186339.74,0
15755978,Tseng,606,France,Male,31,10,0.0,2,1,0,195209.4,0
15660390,Boyle,544,France,Female,33,6,0.0,2,1,1,124113.04 units,0
15635177,Williamson,597,Spain,Female,66,₹3,0.0,1,1,1,70532.53,0
15696373,,687,France,Female,44,9,0.0,2,0,0,103042.2,1
15702789,Carter,548,GERMANY,Male  ,32,5,175214.71 units,1,1,1,155165.61,0
15736327,Manna,567,Germany  ,Female,46,1,68238.51,,1,1,109572.58,0
15697497,She,518,FRANCE,Female,45,9,105525.65,2,1,1,73418.29,0 units
15781530 units,Hsieh,690,France,Male,21 units,₹8,0.0,2,1,,155782.89,0
15732621,Martin,663,France,Male,34,10,0.0,1,1,₹1,114083.73,0
15720774,P'eng,850,SPAIN,Male  ,44,7,89118.26,1,1,0,104240.77,1
15813363,Woods,₹448,Spain,Male,25 units,2,0.0,2,0,0 units,95215.73,0
,Madueke,592,France,Male,,2,116498.22,1,1,0,144290.25,0
15611905,Warlow-Davies,513,SPAIN,Female,31,5 units,174853.46,1,,0,84238.63,0 units
15595440,Kryukova,508,France,Male,49 units,7,122451.46,2 units,1 units,1,75808.1,0
15651052,McMasters,399,,Male,46,2 units,127655.22,1,₹1,0,139994.68,1
15577170,Manfrin,532,France,Male,60,5,76705.87,₹2 units,0,1,13889.73,0 units
15599251,Chung,602,Germany,Male,32,7,184715.86,2,1,0,113781.99,0
15584766,Knight,557,FRANCE,Male,33,3 units,54503.55,1,1,1 units,371.05,0
15769272,Clark,510,France,Female,26,6,136214.08,1,,0,159742.33,0
15628893,Power,681,FRANCE,Male,29,8,0.0,1,1,,66367.33,0
15745431,Chinonyelum,604,France,Male,34,7,0.0,2,1,1,188078.55,0
15687634,Glover,561,Germany,Male,49,5,94754.0,1,1,1,26691.31,0
15627830,NIKITINA,640,Germany,FEMALE,30,5,32197.64,1,0,₹1,141446.01,0
15597951,Muir,471 units,France,NULL,58,4,114713.57,₹1,,1,36315.03,0
15784092,Henderson,,France,Male,36,7,126195.81,1,1,1,133172.48,0 units
15771000,Powell,684,France,Male,38,4 units,0.0,3,1,0,75609.84,
15717935,McDonald,,France,Female,21 units,₹3,0.0,2,0,1,₹55601.44,0
15652693,Greco,573,France,FEMALE,26,4,129109.02,1,0,0,149814.68,1
15622442,Mazzi,619,France,Male,29 units,5,0.0,2,1,,194310.1,₹0
15683544,Buccho,626,Spain,Male,62,3,,1,1,1,65010.74,0
15759913,,553,Germany,Male,43,6,85200.82,2 units,1,1,160574.09 units,0
₹15624510,Tien,696 units,France,Male,52,6,139781.06,1,1,0,27445.4,1
15684395,Enderby,446,Spain,Female,45,10,125191.69,1 units,1,1,128260.86,1
15710928,McChesney,665,France,Female,55 units,8,₹136354.16,1,1 units,1,93769.89,0
15574012,Chu,645,Spain,Male,44,8,113755.78,2,1,0,149756.71,1
15620507,Siciliani,,GERMANY,Female,30,₹5,156771.68,1,1,1 units,141148.21,0
,T'ang,680,France,Male,36 units,3,116275.12 units,1,1,1,63795.8,0
15640491,Raff,464,France,Female  ,33,10,147493.7,,1,0,100447.53,0
₹15671591,,439,Spain,Male,52,3,96196.24,4,1 units,₹0,198874.52,1 units
15601184,Abramovich,604 units,SPAIN,Female,26,3,0.0,2,1,0,155248.62,0
15616367,Ricci,581,Germany,Male,39,1,121523.51,1,0,0,161655.55,1
15703019,Okeke,583,France,Female,38,10,0.0 units,2,0,1 units,113597.64,0
15603135,Boni,₹634,Germany,Female  ,59,3 units,95727.05,1,0,0,97939.4,1
15793046,Holden,619,France,Female,35,4,90413.12,1,1 units,1,20555.21,0
₹15770039,Kuo,572,NULL,Male,39,4,112290.22,1,1,0,49373.97,1
₹15804002,Kovalev,691,,Female,33,1,128306.83,1,1,1,113580.79,0
15612465,Siciliano,684,Spain,Male,34,9,100628.0,2 units,1,1 units,190263.78,0
15768095,Yeh,579,France,Male,31,9,0.0,1,0,1,139048.0,0
15781989,Drake-Brockman,733,France,Male,42,9,120094.93 units,1,1,0,184056.45,0
15618243,NULL,730,Spain,Female,43,1,103960.38,₹1,1,1,193650.16,0
15776850,Smith,749,Spain,Female,43,1 units,124209.02,1,,1,167179.48,0
15804853,McVey,781,France  ,Female,48,0,57098.96,1,1,0,₹85644.06,1 units
15579617 units,Sinclair,489,France,Female,51,3,0.0,2 units,0,1,174098.28,1
15814998 units,Bonham,688,Spain,MALE,42,5,0.0,2,0,0,197602.29,0
15770174,Piazza,762,,Male,29,6,141389.06 units,1,1,0,,0
₹15662291,Davidson,534,France,Female,55,8,116973.26,3,1,0,,1
15698872,Brown  ,633,Spain,Female,39,2,0.0,2,0,0,191207.03,0
15751336,Yao,630,Spain,Male,30,3,0.0,2,₹0,1,10486.69,0
15662483,Ko,850 units,France,MALE,43,7,0.0,2,1,1,173851.11,0
15787597,,420,Germany,FEMALE,31,1,108377.75,2,1,1,9904.63,0
15776733 units,Wilson,638,Germany,Female,37,7,124513.66,2,1,0,158610.89,0
15723299,SOROKINA,774,France,Male,53,4,113709.28,1,1,1,153887.93,1
15801942,Chu,619,SPAIN,Female,41,₹8,0.0,3,1,1 units,79866.73,1
15690589,Udinesi,541,France,Male,37,9 units,212314.03,1,0,1,148814.54,0
15790019,Onwughara,520,FRANCE,Male  ,35,9,105387.89,1,1,1,25059.06,₹0
15756751,GRIFFITHS,596,Spain,Female,54,0,78126.28,1,1,1,153482.91,1
15783083 units,Shubin,534,France,Male,27,9,0.0,,1,0,161344.13,0
15751710,Ginikanwa,729,Spain,Male,31,₹8,164870.81,2,1,,9567.39,0
15591932,Ford,,France,Male,32,5 units,92961.61,1,1,0,116957.6,0
15686870,BALL,761,Germany,Male,36 units,,108239.11,2,0,0,,0
15792388,Li,645,France,Female,₹48,7,,1,1,1,149139.13,0
15810839,Rogers,610,France,Male,34,0,103108.17,1,0,0,,0
₹15575759 units,Bentley,583,Spain,Female,,3,54428.37,1,1,0,109638.78,1 units
15786463,Hsing,645,Germany,Female,59,8,121669.93 units,2,0,0,₹91.75,1 units
15677538,Nwokike  ,569,France,Male,₹38,7,,1,1,1,108469.2,0
15683124,Evans,713,France,Male,53,6,₹115029.4,1,0,0,191521.32,1
15757617,Lewis,735,France,Male,55,6,134140.68,1,1,0 units,2267.88,
15788776,Landor,588,Germany,Male,49,6,132623.76,3,1,0,36292.94,1
15645045,Rudduck,659,France,Female,38,₹9,0.0,2 units,₹1,1,132809.18,0 units
15657284,Day,674,Germany,Male,₹47,6,106901.94,1,1,1,2079.2,1
15623357,Onio,692,Germany,MALE,24,2,120596.93,1,0,1,180490.53,0
15573876,Chia,473,Spain,Male,48,8 units,0.0,2,1,,71139.8,0
15589221,Kennedy  ,657,Germany,Male,30,1 units,139762.13,2,1,1,23317.88,0
15711028 units,Nnachetam,534,France,Male,52,1,0.0,3,1,1,104035.41,1
15688157,PADOVANO,683,GERMANY,Female,39,2,47685.47,2,1,1,86019.48,0
15641413 units,Crawford,587,GERMANY,Female,49,,155393.98,2,1,0,13308.2,1 units
15605020,Schofield,651,France,Male,45,2,165901.59,2,1,₹0,,1
₹15630580 units,Y?,751,Germany,Male,34,9,108513.25,2,1,1,27097.82,0
15724663 units,Christmas,654,Spain,,36,5,0.0,2 units,0 units,0,157238.05 units,0
15693233,De Neeve  ,666,Germany,Male,38,6 units,99812.88,2,1,1,158357.97,0
15611767,Mai,624,Germany,Female,52,,133723.43,1,0,0,4859.59,1
15763704,DOCHERTY,692,Germany,Female,43,2,69014.49,2 units,0,0 units,164621.43,0
15584462,Liang,739,France,Male,34,₹9,0.0,1,,0,60584.33 units,0
15635752,Lo,685,GERMANY,Male,38,4,111798.06 units,2,1,1,102184.66,0
15637324,KAY,657,France,FEMALE,28,7,0.0,2,0,1,5177.62,0
15764033,Lin,693 units,Germany,Female,43,,121927.92,1,1,0,87994.95,1
15709643 units,Gray  ,675,NULL,MALE,32,1 units,0.0,3,1,0,85901.09,₹0
15652789,Hancock,657,Spain,Male,40,10,0.0,2,1,1,52990.7,0
15763683,Northern,678,Germany,Male,32,4,₹139626.01,1,1,1,118235.52,1
15729087,Suttor,751,Germany,Male,54,9,156367.6,2,0,1,116179.92,₹0
,,₹546,,Female,25,3,132837.7,1 units,1 units,0,131647.31,0
15809663 units,Donaldson,583,France,Female,,1,125406.58,1,1,1,110784.42,0
15780140,Bellucci,435,NULL,Male,32,2,57017.06,2,1,₹1,5907.11,0
15675141,Fraser,,FRANCE,Female,35,4,93934.63,1,1,0,184748.23,0
15785519,May  ,565,France,Male,36,6,106192.1,1 units,1,0,149575.59,0
15758477,Tobeolisa,547,France,Female  ,32,2,0.0,2,1,0,132002.83,0
15606915,Genovese,764,France,Male  ,24,,98148.61,1,1 units,0,26843.76,0
15731267,Rizzo,797,France,Male,37,4,75263.7,1,1 units,0,85801.77,0
15808784,Hess,835,France,Male,28,,₹163569.61,2,1,1,154559.28,0
15752508,Docherty,614,Germany,Male,32,7,99462.8,2,1 units,1,51117.06,0
₹15586585,Duncan,698 units,Germany,Female,51,2,111018.98,1,1,0,86410.28,0
15627262,Soto  ,₹536,Germany,Male,23,6,92366.72,₹2,1,0,120661.71,0
₹15669301,Romani,778,Germany,,29,6,150358.97,1,₹1,0,62454.01,1
15615624,De Salis,605,France  ,Female,28,6,0.0,2,0 units,0,159508.52,0
15586236,BANKS,704,France,Male,31,5,132084.66,3,1,1,54474.48,1
15812878,PARSONS,785,Germany,Female,36,2,99806.85,1,0,1,36976.52,0
15566292,Okwuadigbo,574,NULL,Male,36,1 units,0.0 units,2,,,71709.12,0
15752294,Long,582,France,NULL,38,9 units,135979.01,4,1,1,76582.95,1
15754577,Boni,556,France,Female,51,8,61354.14,1,1,0,198810.65,1
15755084,Bezrukova,531,France,Male,37,7,121854.45,1 units,1,,147521.35,0
15745107,Lung,,Germany,Male,,5,₹112281.7,1,0,₹1,89893.6,0
15727868 units,Onuora,711,France,Female,38 units,2,129022.06,2,1,1,14374.86,1
15670552,Peavy,560,France,Female,31,3,115141.18,₹1,1,0,39806.75,0
15736879 units,Obinna,669,France,Male,23,1,0.0,2,0,0,66088.83,0
15682472,Culbreth,828,France,Male,34,8,129433.34,2,0,0,38131.77 units,₹0
15775880,McElyea,554,FRANCE,Female,30,9,0.0,2,1,1 units,40320.3,0
₹15738487 units,Leworthy,,France,NULL,26,3,0.0,,1,0,,0
15635459 units,Shih,667,Germany  ,Female,27,3,106116.5,₹2,1,₹0,3674.71,0
15764105,Milne,475 units,France,Female,57,1,0.0 units,2,1,,89248.99,0 units
15682211 units,Tu,467,France,Male,57,1,0.0 units,2,1,1,114448.77,0
15718064,Chia,635,NULL,Male,29,2 units,0.0,2,0,0,117173.8,0
15767871 units,H?,784,Spain,Male,48,7,0.0,₹2,1,1,182609.97,₹0
15633666,Efremov,701,,Female,33,7,123870.07,1,1,0,97794.71,0
,Wollstonecraft,648 units,Spain,Female,53,6,111201.41,1,1 units,1,121542.29,0
15749130,Dyer,621 units,Germany,Male,27,1 units,74298.43,1,1,₹1 units,52581.96,0
15586752,Parkes,628 units,Germany,Male,33,8,₹152143.89,1,1,1,32174.03,0
,Chigozie,677,Germany,Female,36 units,10,68806.84,1,1,0,33075.24,0
15787258,,₹596,Spain  ,NULL,29,6,0.0,2,1,0,116696.77,0
15764314,Reilly,550 units,Germany,MALE,36,2,113877.23,2 units,1,0,174921.91,0
,Stewart,582 units,France,,40,9,0.0,3,1,1,60954.45,0
15667602,Cheng,704,Spain,Male,33,3 units,0.0,,1,0,73018.74,0
15698716,Baker,,France,Female,70,3,87926.24,,1,0,33350.26,₹1
15737047,Weatherford,754,France,Female,45,6,0.0,1,1,0,73881.68,1
15675675,Slate,850,France,Female,32,5,₹106290.64,1,1,0,121982.73,0
15807663,McGregor,₹667,France,Male,43,8,190227.46,₹1,1 units,,97508.04,1
15758362,Williamson,731,France,Female,41,9,152243.57,1,1,1,88783.59,0
15601116,NULL,686,FRANCE,Male,32,6,0.0,2,1,1,179093.26,0
15761047,H?,724,Germany,Male,31,2 units,160997.54,2,0,1,,0
15659736,Herbert,716,Germany,MALE  ,66,5,121411.9,1,0,0 units,10070.4,1
15809901,Johnstone,755,,Male,36,8,0.0,2,1,0,176809.87,0
15774854,Fuller,592,France,Male,₹54,8,0.0 units,1 units,1,1,28737.71,1
15799859,Lucchesi,704,France,Male,50 units,4,165438.26,₹1,1,0,120770.75,
15763895,Hung,536,France,Male,32,7,178011.5,2,1,₹0,22375.14,0
15585823,Wilson,₹627,FRANCE,Male,31 units,8,128131.73,1,1,0,96131.47,0
15581479,Archer,523,France,Male,30,1,83181.29,1,1,1,138176.78,0
15793135,Wang,713,Germany,,24,7,147687.24,1,1,,121592.5,0
₹15672640,Kambinachi,850,Spain,Female,₹45 units,4,114347.85,2,1,1,109089.04,0 units
15577831,Byrne,560,Germany,Male,41,4,152532.3 units,1,0,0,10779.69,0
15610002,Chidubem,802,Spain,Male,41,5,0.0,2,1,1,134626.3,0
15690153,Sun,639,France,Female,37,4,116121.84,2,0,1,181850.74,0
15720671,Ibezimako,704,France,Male,42,8,129735.3,2 units,1,1,179565.57,0
15787848,Chinedum,602,Spain,,30,9,113672.18,₹2,0,0,102135.92,0
15738828,Milano,₹730,NULL,Male,45,6,152880.97,1,0,0,162478.11,0
15785611,Onyeoruru,752 units,Germany,NULL,38,₹3,183102.29 units,1,1,1,71557.12,0
15617304,Ershova,722 units,France,Male,40,6,0.0,2,₹1,1,,0
15718443,Chibuzo,539,France,Male,39,3,0.0,₹2,,0 units,36692.17,0
15571756,Ohearn,724,France,Female,28,5,0.0 units,1,,0,59351.68,0
15626383,Tang,596,Spain,Male,₹60 units,7,121907.97,1,0,1,30314.04,0
15573971,Mills,737,France,Male,44,7,0.0,2,0,0,57898.58,₹0
15794868,Nnonso,599,Germany,Male,40,10,137456.28 units,2,1,1,14113.11,0
15747927,CH'IN  ,758,,Male,26,4,155739.76,1,1,0,171552.02,0
15693259,Wallace,676,France,Male,30,1,128207.23,1,₹1,1,55400.17,0
15581440,Christie,724,Germany,FEMALE,48,6,110463.25,2,1,1,80552.11,₹1
15582910,Turnbull,514,France,Male,38,4,112230.38,1,1,0,16717.11,1
15661821,Johnstone,798,Germany,Female,49,5,132571.67,1,1,1,31686.33,1
15584156,Siciliani,593,Spain,Male,27,10 units,0.0,3,0,0,94620.0,1
15783615,Ramos,630,Germany,Male,50,3,129370.91,4,1,₹1,47775.34,1
15766166,Folliero,604,SPAIN,Male,43,2,145081.72,1,1 units,1,23881.62,0
15672082,Schatz,562,France,Male,62,3,0.0,2,1,0,,0
15770968,Leason,741,Germany,Female,₹19,8 units,108711.57,2 units,1,0,24857.25,0
15654067,KOCH,584,Spain  ,Female,₹29,4,0.0,2,1,0,88866.92,
15670587 units,Yang,558,Germany,Male,25,10,111363.1,2,1 units,0,197264.35,0 units
15708650,Fullwood,727,France,Female,31,2,52192.08,2,0,1,160383.47,0
,Wood,715,France,Male,,4,0.0,2,1 units,1,55043.93 units,0
15726313,Napolitani,687,SPAIN,Female,₹50,5,0.0,2 units,₹1,0,110230.4,0
15720910,,560,France,Female,66,9,0.0 units,1,1,1,15928.49,0
15571476,Kelly,635,Spain,Male,38,0,103257.14,1,0,0,158344.63,0
15696061,Brownless,581,Germany,Female,34,1,101633.04,1 units,1,0,₹110431.51 units,0
15741295,Yefimova,615,France,Male,49,3,0.0,2,1,,,0
15780961,Cavenagh  ,735,France,Female,21,1,₹178718.19,2 units,1 units,0,22388.0,0
15697095,Zetticci,705,Spain,Male,46,7,0.0,2 units,1,0,117273.35 units,0
15767894,Ch'ien  ,741,France,Female,21,9,0.0,2,0 units,1 units,,0
15809320,McElhone,845,Spain,Female,52,0,0.0,1,1,0,31726.76,1
15569079,Hagins,632,Germany,Male,48,6,126066.26 units,1,1,0,64345.61,1
15740175,Raynor,732,Germany,Female,42,2,118889.66,2,0,0,87422.15,0
15813163,CH'IU,531,Spain,Female,36,9,99240.51,1,1,0 units,123137.01,
15656100,NULL,632,France,Female,49,5,167962.7,1,0,0,140201.21,
15778005,Kemp,785,France,Female,39,1,130147.98,1,1,0,163798.41,₹1
15710456,Balmain,607,France,NULL,27,2,0.0,2,1,0,63495.86,0
15745399,Marino,649,Spain,,49,2,0.0 units,1,1,0,84863.85,1
15649853 units,Craig,625,,Female,45,3,0.0,1,1,1,184474.15 units,1
15657439,Chao,738,FRANCE,Male,18,4,0.0,2,,₹1,47799.15,0
15663478,BALDWIN,729,France,Male,32,6,93694.42,1,1,1,79919.13,0
₹15785373,Wong,717,Spain,Female,42,5,190305.78,1,1,0,99347.8,1
15603749,Galkina,564 units,France,Female,53,2,45472.28,1,,,41055.71,1
15613699,Schnaars,430,France,Female,60,7,73937.02,1,1,0,161937.62,₹1
15740345,Osborne  ,657,Spain,Male,42,5,41473.33 units,1,1,,112979.6,1
₹15813681,Zito,786,Germany,Male,24,2,120135.55,2,1,1,125449.47,0 units
15617538 units,Nwankwo,834,Spain,Male,40 units,7,0.0,2,0,0 units,45038.74,0
15663888,Connor,549,Germany,Male,34,6,204017.4 units,2,1 units,0,,0
15639552 units,Mellor,603,Germany,Female,40 units,8,148897.02,1,0,0,105052.9,0
15722364 units,Onwumelu,664,France,Male,43,9,189026.53,2,1 units,1,56099.86 units,0
15726167,Scott,655,France,Male  ,37,4,0.0,2,1,1,142415.97,0
15776124,Mann,802,Spain,Male,51,7,0.0,1,0,1,40855.79,0 units
15777904,,703,France,Female,45,7,0.0,2,1,1,68831.72,0
15680918,Freeman,613,Spain,Male,34,8,117300.02 units,1,1,0,139410.08,0
15612769,NULL,692,France,MALE,28,5,61581.97,1,1,1,70179.91,0
15803078,Bruno,635,Spain,Female,38,1,₹0.0,2,1 units,0,90605.05 units,0
15790322,Beneventi,660,France,Female,32,0,114668.89,1 units,1,0,84605.0,0
15582149,Ts'ui,850,GERMANY,Female,34 units,3,129668.43,2,1,1,88743.99,0
15778752,Johnson,₹708,France,Male  ,32,10 units,86614.06,2,1,₹1,172129.26,0
15614230,T'an,426,France,Female,34,3,0.0,2,,1,61230.83,0
,Yuan,650 units,Spain,Female,25,3,₹86605.5,₹3,1,0,16649.31,1
15641389,Shen,659,Germany,,48,₹4,123593.22,2,1,0,82469.06,1
15726494,ROMANI,,France  ,MALE,44,9,175303.06,1,1,0,65500.53,1
15608109,Greco,710,Germany,Male,58,7,170113.0,₹2,0,1 units,10494.64,0
15726960,O'BRIEN,741,FRANCE,Female,36 units,3,0.0,2,1,1,89804.83,0
,Ting,730,Germany,Female,33,7,130367.87,1,,0,15142.1,1
15581282,Lucchese,651,France,Female,39,6,0.0,1,₹1,0,24176.44,0
15586976,Alexeeva,566 units,NULL,Female,₹42,6,0.0,1,1,0,180702.12,1
15715939,Wright,730 units,France,Male,33,₹0,0.0,2,₹1,0,1474.79,0
15583548,Harrison,525,SPAIN,Female,₹47,6,118560.0,1 units,1,0,82522.61,1
15568904,KRUGLOVA,608,Germany,Male,34,3,106288.54,₹1,1,1,36639.25,0 units
15803479,Winter-Irving,708,France,Female,67 units,1,0.0,2,0,1,₹3837.08,0
15583221,Arnold,667,GERMANY,Male,70,3,77356.92,2,1,1,20881.96,0
15652999,Milne,742,Germany,Male,33,1,137937.95,1 units,1,1,51387.1,0
15646091,Frankland,560,NULL,Female,43,4,95140.44,2,1,0,123181.44 units,1
15736730,Soto,634,France,,45,2,0.0,1,1,1,143458.31,0
15583724,Raymond,645,Spain  ,Female,29 units,4,0.0,2,1,1 units,74346.11,0
15645820,Folliero,698,France  ,Male,27 units,7,0.0,2,1,0 units,111471.55,0
15725028,Chialuka,679 units,France,Male,29,3,0.0,2,1,,63687.06 units,0
15642710,Napolitani,686,France,Male,26,7,0.0,2,1,0,1540.89,0
15728167,Abramovich,667,France,Male,44,2,122806.95,₹1,0,0,15120.86,0
15719579,NULL,670,Germany,Female,33,9,84521.48,2,0,1,198017.05,0
15741181,Ndubuagha,721,France,Male,41,6,135071.12,1,1 units,1,64477.25,0
15696588,NULL,679,France  ,Female  ,36,3,,2,1,1,2243.41,0
15794895,McKay  ,581,Spain,Male,₹34,1,0.0,2,0,1,81175.25,0
15694129,Summers,569,GERMANY,Female,28,3,100032.52,1,1,0,5159.21,1
15736126,Sung,850,Germany,Male,55 units,0,98710.89,1,1,1,83617.17,1
15705639,,692,France,Female  ,28,8,95059.02,2,1,0,44420.18 units,0
15642098,,622,Spain,Female,36,0,108960.0,2,₹1,₹0,111180.3,1
15626491,Hughes,655,France,Female,45,₹7,57327.04,1,0,1,47349.0,0
15605737,NULL,541,France,Male,36,5,₹0.0,2,1,0 units,124795.84,0
,She,579,Germany,NULL,50,5,117721.02,₹1,0,1,192146.63,1
15735025,Clark,535,SPAIN  ,Male,37,3,175534.78,2,,1,₹9241.52,0
15628992,Esposito,850,Germany  ,Male,₹32,2,128647.98,2,0 units,0,54416.18,0
15626414,Russell,703,France,MALE,44,6,98862.54,1,1,0,151516.7,0
15710111,CLARK,742,France,Male,33,6,0.0 units,,0,0,38550.4,0
15616240,NULL,530,Spain,Male,37,4,0.0,2,1,1,164844.37,0
15730796,Barker,627,France  ,Female,21,7,98993.02,1,1,1,169156.64,0
15578865,Palerma,632,Germany,Female,50 units,5,107959.39,1,1,1,6985.34,1
15627232 units,Jibunoh,608,Germany,Male,44,7,114203.47,1,1,,77830.36,1
15720919,Duggan,667,France,Male,42,7,0.0,1,0,1,108348.94,1
15672299,Yeh,510,France  ,Male,44,6,0.0,2,1,1,175518.31 units,0
,YEH,688,Spain,Male,32,6,124179.3,1,1,1,138759.15,0
15684934,Rose,726,NULL,Male,31,9,0.0,2,1,1,106117.3,0
15569247 units,Mitchell,727,Spain,Female,57,1,109679.72,1,₹0,1,753.37,0
15590349,ROWLAND,732,France,,36,9,0.0,1,0,0,3749.0,1
15694444,Buttenshaw,648,Germany,FEMALE,32,8,157138.99,3,1,0 units,190994.48,1
15667934,Moretti,512,France,Male,36,0,,1,1,₹0,53020.9,0
15775905,Moore,612,Germany,Female  ,47,6,130024.87,1,1,1,45750.21,1
15758013,,698,France,Male,37,5,98400.61,2,₹0,0,25017.28,
15652192,Traeger,759,France,Female,33,9,160541.36,2,0,,93541.14,0
15674671,Conway,551,Spain,,76,2 units,128410.71 units,₹2,1,1 units,181718.73,₹0
15667460,Moore,797,France,Male,31,₹9,0.0,2 units,1,1,,0
15613945,Andrews,472,France,Female,,5,₹0.0,2,₹1,0,108411.66,0
15796834,Rivers,652,Germany  ,Male,35,7,104015.54,2,1,1 units,55207.88,0
15698442,Eberechukwu,719,Spain,MALE,35,3,122964.88,1,1,1,138231.7,0
15733602,Rubin,814,Spain  ,Female,72,2,0.0,2,₹0,1,130853.03,0
15685640,Dancy,649,France,Female,41,3,130931.83,1,1,1,144808.37,
15658158,Sullivan,672,Germany,Female,23,10,110741.56,1,1,0,80778.5,0
,Osborne,651 units,France,Male,45,1,0.0,1,1,0,67740.08,1
,Crawford,681 units,GERMANY,Female,44,4,91115.76,2,0,0,24208.84,1
15677052,Ko,589,France,Female,59,2,0.0,2,1,1,126160.24,1
15742238,Dellucci,705,Germany,Male,35,4,₹136496.12,2,1,0 units,116672.02 units,0
15757867,Bray,570,France,Female,30,10,176173.52,1,1,0,97045.32,1 units
15748696,Page,733,France,Male,42,9,150507.21 units,1,0,1,169964.12,0
15805429,Murray,699,Germany,Male,59,₹3,106819.65,1 units,0,₹1,,0
15642785,Douglas,479,France,Male,34,5,117593.48,2,0,0,113308.29 units,0
15742369,,667,Spain,Male,,5,0.0,2,1,1,20346.69,0
15680421 units,Challis,591,France,FEMALE,42,10,0.0,2,0,0,171099.22 units,0
15662494,Goliwe,,,Male,43,7,138150.57,1,1,₹1,177357.16,0
15609545,Azubuike,548,France,Male,29,5,83442.98,1,0,₹1,177017.39,
15683168,Frederickson,572,FRANCE,Female,30,6,0.0,1,0,1,175025.27 units,0
15619494,ABDULOV,562,Germany  ,Female,31,₹9,117153.0,1,1,1,108675.01,0
15733447,Gay,562,France,Female,51 units,1,124662.54,1,₹1,1,65390.46,1
15802274,Waters,686,France,Female,44,7,55053.62,1,1,₹0,181757.19,0
15775042,Ku,615,NULL,Female,23,,0.0 units,2,1,0,196476.19,0
15656322,Sandover,571,Germany,Male,33,,71843.15,1,1,0,26772.04,0
15644977,Goddard,776,FRANCE,Female,31,5,0.0,2,1,0,92647.94,0
₹15646037,Sopuluchi,641,FRANCE,Male,77,9,0.0,3,1,1,81514.06,0
15698324,Azikiwe,725,France,FEMALE,33,4,0.0,,1,1,67879.8,0
15619407,Buckley,615,France,Male,39,4,133707.09,1,1,1,108152.75,
15702095,Clarke,585,Spain,Female,56,1,₹128472.8,1,1,0,186476.91 units,1
15812191,BRENNAN,₹553,France,Male  ,,4,118082.89,1,0,0,94440.45,0
15585198 units,NULL,715,France,Male,41,4,94267.9,,0,1,152821.12 units,1
15662098,Palmer,650,Spain,Male  ,41,3,128808.65,3,0,0,113677.53,1
15664498 units,NULL,508,,NULL,26,7,₹205962.0,₹1,1,0,156424.4,0
15758639,Moran,641,France,Male,37,7 units,0.0 units,2,1,0,75248.3,0
15726466,Esposito,751 units,France,,43,1,114974.24,1,1,0,125920.54,0
15767594,Azubuike,533,,Female,35,8,0.0,2,1,1,187900.12 units,0
15574213 units,Wilson,789,France,Female,53,1,158271.74,,1,1,5036.39,1
15696834,Cone,530,France,Female,29,5,0.0,2,0,₹0,121451.21,₹0
15604963,Fraser,661,France,,39,5,0.0,2,0,0,,0
15596863,Chidumaga,787,GERMANY,Female,38,3,158373.23,1,1,1,28228.35,0
15663625,Johnson,501,France,Male,37,4,0.0,2,0,0,12470.3,0
15714087 units,McGill,624,Germany,,,5,151855.33 units,₹1,1,0,68794.15,0
15709994,Gallo,658,NULL,Female,40,7,140596.95,1,0,1,135459.02,1
15585215,Yuan,763,,Female,31,₹4 units,0.0,2,0,₹0 units,50404.72,₹0
,Fenton,614,France,Female,27,,106414.57,2,0,0,₹77500.81,0
15581229,Gregory  ,502 units,Germany,Female,32,1 units,173340.83,1,0,1,122763.95,0
15636572,Christmas,760,France,Female,32,7,0.0,2,1,1,105969.05,0
15599533,Tsao,569,France,Female,43,7,0.0,2,1,1,77703.19,0
15767804,Feng  ,729,France,Male,44,6 units,0.0,2,1,0,151733.43 units,0
15715532,Lai,687 units,Germany,Male,38,4,117633.28,1,0,1,88396.6,₹0 units
15809462,NULL,656,France,MALE,30,3,0.0,2,0,1,17104.0,0
15736399,Korovin,606,Spain,Male,42,10,0.0,2,1,0 units,177938.52,0 units
15749004,Tsao,718,France,Female,31,0,118100.59,2,1,0,103165.15,0
,Bednall,535,France,FEMALE,27,6,0.0,2,0,1,49775.58,0
₹15631739,Dunn,704,Spain,Male,24 units,10,122109.78,1,1,1 units,127654.37,₹0
15773039,Ku,550,France,Male,37 units,,0.0 units,1,1,1,179670.31,0
15658459,Bates,784,,Male,,10 units,0.0,2,1,0,₹162022.47 units,0
15668472,Ritchie  ,705,Spain,Female,₹24,5,177799.83,2,0,0 units,79886.06,0
15730397,Narelle,739,NULL,Male,40,1,109681.61,1,,1,193321.3,0
15735400,KANAYOCHUKWU,756 units,France,Male,28,8,179960.2,1,1,₹0,89938.08 units,0
15806318,Wright,676,Germany,Female,48,2,₹124442.38,1,1,0,15068.53 units,1
15746035,PAGNOTTO,450,Spain,Male,25,9,74237.2,2,0,1,195463.35,0
15762821,UDINESE,721,Spain,Male,33,5,0.0,2,0,1,117626.9,0
15797905,Walker,682,France,Female,48,7,0.0,2,1,0,,0 units
15719940,Gibbons,628,Germany,Female,51 units,10,115280.49,2,0,0,12628.61,1
15760570,Stephenson,590,France,Male,32,5,0.0,2,1,0,59249.83,0 units
15671032,He,760,Germany,,42,0,77992.97,2,1,1,97906.38,0
15636562 units,Muravyova,573,Spain,Male,44,8,0.0,2,0,0,62424.46,0
15687828,Gorshkov,644,Spain,Female,31,5,86006.3,1,1,1,73922.95,0
15786454,Moore,552,SPAIN,Male,55,3,,1,1,1 units,40333.94,0
15567339,Shaw,₹735,France  ,Male,73 units,9,0.0,1 units,1,1,114283.33,0
15659486,Yudina  ,586,Germany,Male,34,9 units,74309.81,1,1,0,15034.93,0
15579559,Chienezie,544,Spain,Male  ,30,8,145241.63,1,1,1,80676.83,0
,MACLEAN,838,Spain,Female,67,4,103267.8,1,1,1,78310.04,₹0
₹15737832,Robertson,771,SPAIN,NULL,,0,139825.56,1,0,0,170984.97,1
15707078,,577,France,Female,26 units,1,180530.51 units,1,0,0,123454.62,0
₹15803804,WALKER,717 units,Germany,Female,35,5,103214.71,1,1,0,172172.7,0
15768270,DeRose,579,Spain,Female,₹31,9,0.0,2,1,0,112395.98,₹0
15681990,Palmerston,497 units,Germany,Male,24,6,111769.14,2,1 units,0,55859.27,0
15790314,Onuoha,649,France,Male,41,₹0,0.0,₹2 units,0,1,130567.02,0
15761506,NULL,615,Spain,Male,19,5,0.0,2,1,0,159920.92,0
₹15671934,Veale,552,Germany,Male,₹39,2,132906.88,₹1,0,1,149384.43 units,0
15585282,Trevisano,755,France,Male,62,1,127706.33,2,0,1,142377.69,0
15668818,Chidubem,592,Spain,NULL,40 units,2,200322.45,1,1,₹1,113244.73,0
15798424,Glover,833,Germany,Male,59,1,,1,1,1 units,30722.52,1
15629744,Tan,804,France,Female,71,,0.0,2,0,1,147995.96,0
15707559,Clark,682 units,France,Female,30,9 units,0.0,2,1,1,195104.91,0
15692110 units,Ch'eng,758,France,Female,33,,0.0,1,1,0,188156.34,0
15759499,Gardiner,598,France,Female,32,4,111156.52 units,1,1,1,167376.26,0
15613734,Fallaci,640,France,FEMALE,33,6,84719.13,2 units,1,1,113048.79 units,0 units
15683471,Hansen,691,France,NULL,38,7,0.0,2,0,0,81617.4,0
15788218,Henderson,549,Spain,Female,24,9,0.0,2,,1,14406.41 units,0
15726832,Donnelly,850,Germany,MALE,61,3,141784.02,1,1,1,92053.75,0
15682268,Steere,676,Germany  ,Female,26,1,108348.66,1,0,0 units,60231.74,1
₹15786167 units,Andreyeva,649,Spain,Male,20,5,0.0,2,1,1,58309.54,0 units
₹15724889,Chinweuba,665,Spain,Male  ,38,9,0.0,1,0,1,87412.74,0
15679813,Ellis,727,Spain,Male,28,1,0.0,1,1,0,40357.39,0
15705034,Peng,691,Spain,MALE,40 units,1,0.0,2,1,1,145613.17,0
15689328,Harrison,705,Germany,Male,48,₹9 units,114169.16,1,,0,173273.2 units,1
15590828,Chidimma,782,Germany,Male,42,7,126428.38,1,1,0,,0
15631406,Munro,459,NULL,Male,50,5,109387.9,1,1,0 units,,0
15697307,Nnachetam,588,Spain,,34,10,0.0,2,₹1,0,79078.91,0
15670066,IBEZIMAKO,643,Spain,Male,34,6,0.0,2,1,1,116046.22,0
15699257,Kerr,651,NULL,Male,42,2,143145.87,2,1,0,43612.06,0
15795298,Olisaemeka  ,573,GERMANY,FEMALE,35,9,206868.78,2,0,1,102986.15,0
15629677,Distefano,687,Spain,Female,39,2,0.0,3,0,0,188150.6,1
15691011,Shoebridge,591,France  ,Male,42,9,161651.37,2,,1,131753.97,0
15794266,Cross,559,France,Male,,9,145303.52,1,1,0,103560.98,0
15715769,Hao,621,,Male,26,2,75237.54,1,0,1,44220.4 units,0
15788126,Evans,689,Spain,Female,38,6,121021.05,1,1,,12182.15,0
15711249,Chukwuemeka,544,Spain,Male,22,4,0.0,2,1,0,70007.67,0
15777060,Olszewski,770,France,FEMALE,33 units,4,0.0,1,1,0,26080.54,
15715519,McDavid,614,SPAIN,Male,36,5,0.0,2,1,0,130610.78,0
15611365,Fanucci,730 units,France,Female,32 units,9,127661.69,1,0,0,60905.51,0
15804610,Valdez,601,France,Female,41,1,0.0,2,0,1,160607.06,0
15779492,Trevisano,796 units,Spain,Male,56,6,94231.13,1,0,0 units,121164.6 units,1
15708916,Paterson,587,France,Male,38,0,0.0 units,2,1,0,47414.15,₹0
15708791,Abazu,584,Spain,Male,32 units,9,85534.83,,0,0,169137.24,0
15679294,Brennan,589 units,France,Female,46,10,107238.85,2,1,0,37024.28,0
15784099,Clark,726,France,FEMALE,38,5,126875.62,1,1,0,128052.29,0
15785042 units,Hsiung,488,France,Female,31 units,8,97588.6,1,0,0,124210.53,0
15571666 units,Shaw,₹642,Germany,Male,30,8,134497.27,1,0,0,,0
15794236,Thorpe,642,Germany,Male,22,10,111812.52,2,1,1,₹183045.46,
15694556,Nkemakolam,684,France,Male,60,2,116563.58,1,1,0,120257.7,₹1
15706458,Pan,812,Germany,Male,39,5,115730.71,3,1,1 units,185599.34,1
15566531,Iloerika,724,Germany,MALE,33,4,88046.88,1,₹0,1 units,186942.49,1
15695699,Calabrese,687,France,Male,35,8,0.0,2,1,0,10334.05,₹0
₹15706268,Smith,697,GERMANY,NULL,51,1,147910.3,1,1,1,₹53581.14,0
15763613,Barlow,581,France,Male,30,₹1,0.0,2,1,0,,0
15699335,Kuo,615,Germany,Female,33,3 units,,₹2,₹1,1,171657.57,0
15634606,CHINONYELUM,634,,Male,52,1,0.0,2,1,1,176913.42,0
15679283,Parkhill,694,France,Female,33,4,129731.64,2,1,0,178123.86,0
15723250,Teng,519,France,Male,,₹8,0.0,2 units,1,1,101485.72 units,0 units
15592025,Nnaemeka,651,France,Male,53,7,0.0,2,1,1,130132.41,0
15612207,Hill,840,Germany,Female,51,1,87779.83,1,0,1,36687.11,1
15691170,VASILYEVA,,Spain,Female,29,10,99250.08,1,₹1,1,129629.41,0
,Fomina,755,FRANCE,Male,31,5,0.0,2,0,1,194660.78,0
₹15700772,Nebechi,571 units,France,Male,44,9,0.0,2,₹0,0,38433.35,0 units
15774262,Hobson,597,Germany,Male,52,8,83693.34,2,1,1,161083.53,0
15716186,Richardson,586,France,Female,38,2,0.0,2,1,0,87168.46 units,0
15633213 units,Rizzo,628,Spain,Male,50,8,,1,0,0,144366.83 units,1
15738191,Maclean,577,France,Male,25,3,₹0.0 units,2,0,1,124508.29,0 units
15727696,Zubareva,592,France,MALE,42,1,147249.29,2,1 units,1,63023.02,0
15603082,Yashina,701,France,Male,₹51,9,₹0.0,2,0,0,61961.57,0
15691457,Boyle,674,Spain,Male,36 units,2,0.0,2,1,1,₹182787.17,0
15614215,Oguejiofor,717,France,Male,53,6,0.0,2,0,1,97614.87,0
15674811,Kellway,739,Germany,Male,29,,₹59385.98,₹2 units,1,₹1,105533.96,0
15716491,,710,Spain,Female,51,4,93656.95,1,0 units,1,141400.51,1
,JACKSON,809,France,Female,24 units,4,0.0,2,1,0,193518.76,0
15596021,K?  ,598,Spain  ,Male,44,8,0.0,2,,0,148487.9,0 units
₹15704160 units,Wan,648,Spain,MALE,49 units,5,0.0,1,1,0,149946.43,1
15735799,Maconochie,527,Germany,Male,58,3,137318.42,1,1,1,126144.96 units,
15800811,Wan,702,France,Male,40,3,148556.74,1,0,1,₹146056.29,0
15621440,SOTO,694,France,Male,38,1,0.0,2,0,1 units,156858.2,0
15666163,Hayward,695,France,Male,43,1,100421.1,1,1,1,101141.28,0
15582154,Crawford,₹670,FRANCE,Female,45,5,47884.92,1,1,1,54340.24,0
₹15798666,Hughes,814,FRANCE,Female,36,6,0.0,2,,,98657.01,0
15660101,Nnonso,803,France,Male,31,9,157120.86,2,1,0,141300.53,0
15773013,Uvarov,633,France,Female,47,0,0.0,1,1,1,6342.84,1
15802060,CH'ANG,646,Germany,Female,30,₹10,₹100548.67,2,0,0,136983.77,0
15771977,T'ao,730,France,NULL,39,1,99010.67 units,1 units,₹1,0,194945.8,0
15568748,Poole,671,Germany,Male,45,6,99564.22,1,1,1,108872.45,1
15718216,NULL,803,Spain,Male,43,3,0.0,1,1 units,0,72051.44,0
15687658,Burgin,716,France,Female,52,7,₹65971.61,2,1,0,14608.0,1
15693264,Onyinyechukwuka,583 units,France,Female,29,10,0.0,2,1 units,1,111285.85,0
15751392,Fanucci,₹689 units,Spain,NULL,57,4,0.0,2,1,0,136649.8,1
15786418,Chiu,546,France,Female,20,6,0.0,1,0 units,1,20508.85,0
15620443,Fiorentino,711,France,NULL,81,6,0.0,2,1,1,72276.24,₹0
₹15671165,Esomchi,592,France  ,Female,66,5,149950.19,1,₹1,1 units,76267.59,0
15813916 units,Kudryashova,622,France,FEMALE,31,1,89688.94,1,1,1,152305.47,0
15637954,Lewis,730,France,Female,35,0,155470.55,1,1,1,53718.28,0
15602934,Dunn,452,France,Female,33,6,131698.57,2,1,0,151623.91,0
15655007,Li,758,France,Female  ,₹33,7,0.0,2,0,0 units,82996.47,0
15665963,Cattaneo,681,Spain,Male,30,2,128393.29,1,₹1,1,180593.45,0
₹15616380,Wheeler  ,803,Spain,Female,37,1,0.0,2,0,0,7455.2,₹0
15709780,Azuka,667,NULL,Female,37,9,71786.9,2 units,1,1,67734.79,0
15625964,Buckley,582,France,Female,43,,153313.67,1,0,0,170563.73,
15711618,Chang,704,Germany,Female,39,1,124640.51,1,1,0,116511.12,1
15755138,Chin,850,France,FEMALE,32,8,0.0,2,1,1,55593.8,0
15794178 units,WALPOLE,657,France,Male,34,3,107136.6,1,1,0,153895.46,0
15782418,Ku,589,Germany,NULL,19 units,9,83495.11,1,1,1,143022.31,1
15733966,Johnstone,₹496,NULL,Female,55,4,125292.53,1,1,1,31532.96,1 units
15679804 units,Esquivel,636 units,France,MALE,36,5,117559.05 units,2,1,1,111573.3,0
15779627,Maclean,573,Germany,Male,31,0,134644.19,1,1,1,70381.49,0
,OBIUTO,571,France,Female,53 units,2,₹0.0,2,1,0 units,28045.77 units,0
15656471,Mitchell,773,France,MALE,33,9,0.0,2,1,₹1,1118.31,0
15676519,George  ,615,Spain,Male,61,9,0.0,2,1,0,150227.85,1
15750441,Lavarack,782,France,Male,36,5,81210.72,2,0,1,108003.38,0 units
15684440,Monaldo,548,,Male,32,2,98986.28,1,1,1,55867.38,0
15610147,Ross,632,France,Male,60,2,0.0,2,0,1,2085.32,0
15587066,Kovaleva,535,France,Male,38,2,119272.29,1,0,0,195896.59,1
15639669,Forbes,746,France,Male,36,9,127157.04,1,1,₹1 units,155700.15,
15724764,Lawley,667,Germany,Female,42,10,64404.26 units,2,0,0,26022.37,₹0 units
15578211,Connolly,777,France,Male  ,23,6,0.0,2,1,1,163225.48,0 units
15703119,Liang,652,,Male,38,6,,₹2,1,1,145700.22,0
15709474,Macnamara,740,Germany,Female,₹57,3,113386.36,2,1,1,65121.63,₹1
15580914,Okechukwu  ,478,Spain  ,Male,48,0,83287.05,2,0,,44147.95,1
15623369,Clifton,708,France,NULL,52,10 units,105355.81,1,1,0,123.07,1
₹15660878,T'ien,705,France,Male,92,1,126076.24,2,1,1,₹34436.83,0
15689616,Ward,586,Spain,Male,34,5,168094.01,1,0,0,20058.61,0
₹15681554,,614,Germany,Female,31,7,120599.38,2,1,1,46163.44,0
15669589,Page,491,Germany,Female,68,1,₹95039.12,1 units,0,1,116471.14,1
15738546,Gboliwe,530,Spain,Female,41,4,0.0,2,0,1,147606.71,0
15708139 units,Brown,575,France,Female  ,40,₹1,139532.34,1,1 units,0,181294.39,0
15746726,Doyle,438,Germany,Male,31 units,8,78398.69,1,1,0,44937.01,0
15609160,Marsden,586,France,Male,32,1,0.0,2,0,0,31635.99,0
15695034,CHRISTIE,757,France,Female,44,4,123322.15,1,1,0,137136.29,0
15697424,Ku,₹597,Spain,Female,30,2,119370.11,1,1,1,182726.22,1
15720354,NULL,581,France,Male,71,,0.0,2,1,1,197562.08,0
15570970,Han,647,France,NULL,42,₹9,0.0,2,1,1,51362.82,0
15672115 units,NULL,679,France,Male,60,₹6,0.0,2,1,1,77331.77,0
15804064,Docherty,742 units,France,Female,35,2,79126.17,1,1,1,126997.53,0
15777708,Liao,824,Spain,Female  ,38,3,0.0,2 units,1,0,192800.25,0
15699523,CHU,499,Germany,Female,55,₹4 units,126817.65,2,1,0,,0
15595071,Ramos,696 units,France,Male,22,9,149777.0,1,1,1,198032.93,0
15779973,NULL,684,GERMANY,Male,₹35,3 units,99967.76 units,1,1,1,176882.08,0 units
15568006,UKAEGBUNAM,₹634,France,Female,45,,0.0,4,1,0,101039.53,1 units
15752694,Taylor,653 units,FRANCE,Female,32,4,83772.95,1,0,1,23920.65 units,0
15670859,Smith,718,Germany,Female,₹39,7,93148.74,2,1,,190746.38,0
15809830,Belisario,,France,Male,50,8,0.0,2,0,1,79377.45,0
15567839,Gordon,501,France,Male,42,9,114631.23 units,1,0,1,₹91429.74,₹0
15573077,Nwora,620,Germany,Female,25,8,141825.88,1,1,1,73857.94,1
15634602,HARGRAVE,619,France,Female,42,2,0.0,1,1,1,₹101348.88,1
15745250,NULL,₹850 units,France,Male,58,8,156652.13,1,,0,25899.21,1
15665008 units,Sidorov,805,NULL,Female,26 units,8,42712.87,2 units,1,,28861.69,0
15767722,Richardson,593,France,Female,39,0,117704.73,1 units,1,0 units,197933.5,0
15754874,Nwoye,700,France,NULL,26,4,119009.57,1 units,1,0,141926.43,0
15628219,Benson,665,Germany,Female  ,37,₹3,111911.63,1,1,1,110359.68,1
15765518,Gregson,643,France,Female,51,2,105229.53,1,1,0,34967.75,1
15782875,Cayley,₹663,France,NULL,₹33,5,157274.36,2,1,1,28531.81,0
15767729,Smith,646,Spain  ,Male,25,5,182876.88,2,1,1,42537.59,1
15802483,Hancock,686,France,Male,34,6,₹146178.13,2,1,1,88837.11,0
15724527,Forbes,825,France  ,Male,34,9,0.0,2,1,1,31933.06,0
₹15681174,Zuev  ,730,France,Male,39,1 units,116537.6,1,0,0,145679.6,0
₹15568953,Alexeieva,477,France,Male,27,1,128554.98,1,1,1,133173.19,0
15785782,Ugonna,₹513,Spain,MALE,48,2,0.0,1,1,1,114709.13,₹1 units
15725024,Pope,805,Germany,Female,33,3,105663.56 units,₹2,0,1,33330.89,
15666095,Costa,753,SPAIN,Male,51 units,4,79811.72,2,₹0,1,68260.27,₹1
₹15776939,ZOX,778,Germany,Female,48,3,102290.56,2,1,₹0,,0
15794101,Barese,559,France,Female,48,2,0.0,2,0,1 units,137961.41,₹0
15775203,Chia,824,France,Male,45,3,129209.48,1,0,0,60151.77,0
15671804,Wilding,648,Spain,Male,36,8,146943.38,2,1 units,1,130041.45,0
15617320,Palermo,693 units,Spain,FEMALE,46 units,3,151709.33,1,1,0,180736.24,0
15722473,Faulkner,713,France,Male,41,3,0.0,₹2,1,0,55772.04,0
15587133,,518,France,Male,42,7,151027.05,2,1,₹0,119377.36,0
15748797,Dale,636,Spain,Female,33,0,0.0 units,1,1,0,92277.47,1
15705890,Nebechukwu,674 units,France,Male,45,7 units,142072.02,1,1,0,37013.29,0
15626612,Yin,741,Spain  ,Male,,4,104784.23,1,₹1,0,135163.76,1
15743293,,651,Germany,Female,₹35,1,163700.78,3,1,1,29583.48,1
15590810,Fallaci,638,Germany,Female,41,9,144326.09,1,1,0,73979.85,1
15724181,Hudson,647,Spain,Male  ,₹47,5,105603.21,2,1,1,157360.9,0
15804072,Chen,701,Spain,Female,42,₹5,0.0,2,0,0,24210.56,
15793585,Anderson,675,FRANCE,Male,35,,0.0,₹2,1,1,56642.97,0
15570192,Henry,608,Germany,Female,₹40,8,121729.42,1,0,0,61164.45,0
15643630,Quaife,770,Spain,Male,55,9,63127.41,2,1,0,185211.28,1
15654901,Horton,733,France,Male,51,10,141556.96,1,1 units,0,130189.53,0
15702377 units,Knorr,627,Spain,Male,48,1,132759.8,1,1,0,78899.22,0
15663168,MacDonald,665,France,Male  ,35,8,110934.54,1,1,0,169287.99,0
15689152 units,Loggia,683,Spain,Male,38,3,126152.84,1,0 units,0,15378.75,0
15632272,Lung,792 units,France,Female,42,2,0.0,2,1,0,92664.09,0
15595537,Trout,626,Germany,Male,49,9,171787.84,2,1,0,187192.23,0
15641359,Shao,662,Spain,Female,35,6,0.0 units,2,0,0,2423.9,1
15715047,Joshua  ,640,SPAIN  ,,43,9,₹172478.15,1,1,0,191084.4,1
15597467,Duncan,606,France,Female,71,8,0.0,2,1,1,169741.96,0
,Beck,699,France,MALE,39,2,109724.38,1,1,1,180022.39,0
15595162,CATTANEO,708,Spain,FEMALE,35,8,122570.69,1,0,0,199005.88,0
15719649 units,Lambie,553,France,NULL,38,3,99844.68,1,0,0,187915.7,0
,Mitchell,700,France,MALE,38,8,134811.3 units,1,1,0,1299.75,0
15657747,Zito,611,Germany,Female,43,9,127216.31,2,0,1,17913.25,0
15727350 units,Pai,516,France,Female,₹37,8,113143.12,1,0,0,3363.36,0
15672053,Mistry,526,Spain,Male,38,2,0.0,2,0,0,58010.98,0
15767864,FULTON,628,France,Male,33 units,6,0.0,2,0,0,184230.23,0
,Sokolova,743 units,Spain,Male,45,7,157332.26,1,1,0,125424.42,0
15776807,BRENNAN,654,FRANCE,Male,29,1 units,0.0,1,1,0,180345.44,0
15784148,Beneventi,643,France,Male,62,9,0.0,2,0,0,155870.82,₹0
15690169,Meng,645,France,Male,31,7,161171.7,2,1,0,12599.94,1
15677512,McEncroe,628,Spain,NULL,22 units,3 units,0.0 units,1,1,,85426.28,0
15568360,Rolon,569,Spain,Female,41,4,139840.36,1,₹1,1,163524.7,0
15647385,CH'IU,579,Spain,Male,,4,99340.83,1,₹0,0,4523.74,1
15778838,Warren,783,France,Male  ,38,9,114135.17,1,1 units,0,,0
15585985,Wang,746 units,NULL,Male,48,5,,1,1,0,153786.46,1
15715142,Repina,739,Germany,Male,45,7,102703.62,1,0,1,147802.94,1
15593782,Brookes,816,Germany  ,Female,,5,130878.75,3,1,0,71905.77,
15715527,Freeman,543,Spain,Female,41,4,0.0,,0,0,194902.16,0
15758035,Bateson,747,France,Male,61,₹7,155973.13,1,0,1,147554.26 units,0
15585466,Russo,552 units,France,Male,₹29,10,0.0,2,1,₹0,12186.83,0
15653065 units,Nwabugwu,530,SPAIN,Female,22,7,0.0,2,1 units,0 units,104170.48,0
15677243,Wan,538,Spain,Male,43,5,0.0,2,1,0,126933.73,0
15802009,Mazzi,770,France,Female,33,6,0.0,2,1 units,1,126131.9,0
₹15591279,NULL,734,France,Male,37,3,80387.81,1,0,1,77272.62 units,0
15608406,Schmidt,678 units,France,Male,26,,111128.04,1,1,0,60941.27,1
15807595,Ijendu,485,Germany,Male,51,7,144244.59,2,1,0,51113.14,0
15654851,OBIALO,748,France,Male,44,2,92911.52,1,0,1,85495.24,0
15812470,Allan,719,France,MALE,61,5,0.0,2,0,1,₹29132.43,0
15675256,TS'UI,555,Spain,Male,₹33,5,127343.4 units,1,0,1,121789.3,0
15771409,,586,France,Male,58,₹7,151933.63,1,1,0,162960.05,1
15692977,Ikenna,₹612,Germany,Female,36,2,130700.92,2,0,0,77592.8,0 units
15769974,Shih  ,679,Spain,Female,35,8,119182.73,1,0,₹0,121210.09 units,0
15793343,,549,France,Female,29,8,0.0,2,1,1,189558.44,0
15756056 units,Ku,561,Spain,Female  ,₹28,3 units,0.0,2,₹1,0,191387.76,0
₹15625716,Genovesi,637,France  ,Female,33 units,9,113913.53,1,0,1,65316.5,₹0
15763747,Ricci,732 units,France,Male,36,7,0.0,2,1,1,60830.24,0
15624892,Dennis,712,Germany,Male,37,₹7,₹93978.96,2,1,0,60651.77,0 units
15568849,Bryan,540,Spain,Female,31,10,118158.74,1,1,1,158027.57 units,0
15567802,Childs,450,Spain,Female,34,2,0.0,2,1 units,0,175480.93,0
15679550,Chukwualuka,743,France,Male,32,9,0.0,2,1,₹0,175252.78 units,0
15699619,Rivas,641,France,Male,31,10 units,155978.17,1,1,0,91510.71,0
15622117 units,Fries,625,Spain,Female,31,8,0.0,2,1,0,151843.54,0
15685997,Azubuike,838,Spain,,39,5,166733.92,2,1,0,14279.44,0
15737104,Lawson,652,Germany,Female,47,0,126597.89,,1,1,38798.79,1
15568044,NULL,508,FRANCE,Female,31,7,0.0,2,1,1,6123.15,0
15726088,Vinogradova,476,France,Male,40,,0.0,1,1,1,22735.45,0
15641298,Corones,512,Germany,Male,42,₹9,93955.83,2,1,0,14828.54 units,0
15664639 units,McGregor,645,France,Male,19,9,128514.84,1,0,0,175969.19,0
15641822,Barese,648,France,,,1,0.0,2,0,1,22101.86,0
15610343,Marshall-Hall,705 units,France,Female,37,10,0.0,2,1,1,13935.53,1
15578462,NULL,596,Spain,Female,76,9 units,134208.25,1,1,1,13455.43,0
₹15595588,Chukwunonso,773,Spain,Female,₹39,4,0.0,2,0,1,182081.45,0
15812210,YASHINA  ,497,Germany,Female,32,8,111537.23,4,1,1,9497.99,1
15777576,Frost,559,NULL,Female,40,5,,₹1,,1,32635.54,0
15713632,Ham,551,Spain,Female,48,5,95679.29,1,0 units,₹0,94978.1,0
15780650,Biryukov,667,France,Male,40,9,0.0,1,1,1,96670.2,0
15681220,Chou,503,France,Female,37,8,0.0 units,2,,1 units,97893.32,0
15747130,Tsao,521,France,Male  ,39,7,0.0,2,,1,653.58,0
15722350,Udinesi,627,Germany,Female,37,₹7,147361.57,,1 units,1,133031.96,0
15765857,Genovesi,623,Spain,Male,41,2,142412.13,1,1,0,28778.98,0
15593778,Craig  ,779,France,Female,29,3,46388.16,3,1,0,127939.26,1
15633574,NULL,₹730,France  ,NULL,₹41,4,167545.32,1,1 units,0,128246.81,0
15662571,,639,France,Male,35,8,0.0,2,1,0,170483.9,
15665378,Shen,499,,Female,46,6,0.0,2,1,0,73457.55,0 units
15715707,Light,657,,Male,32,3,118829.03,2,1,1,₹73127.61 units,0
15665064,Harvey,523,France,Male,36 units,8,158351.02,2,1,0,155304.53,0
15628279,Murphy,624,France,Female,38,3,0.0,2,1,1,163666.85,0
15649536,Wong,741,Germany,Male,38,4,128015.83,1,1,0,58440.43,0
15662658,Grieve,651,Germany,Male,34,2,90355.12,2,₹0,0,193597.94,0
15624013,Maxwell,541,France,FEMALE,39,6,109844.81,1,1,0,₹25289.23,0
15685279,Somadina,511,Spain,FEMALE,57,8,122950.31,1,1,1,181258.76,0 units
15619889,VASIN,556,France  ,Male,26,4,0.0,1,1,0,195167.38,0
15714355,Sinclair,775,Germany,,32 units,8 units,121669.23,1,0 units,1,125898.39,0 units
15776156,Dolgorukova,521 units,France  ,Male,27 units,4,121325.84,1,1,1,164223.7,1
15794413,Harris,416,France,Male,32,0 units,0.0,2,0 units,1,878.87,0
15742204,Hsu,579 units,Germany,Male,31,6,139729.54,₹1,0,1 units,135815.38,0
15607395,Holt,679 units,France,Female,33,9 units,112528.65,2,₹1 units,0,177362.45,0
15784597,Lattimore,648,France,Male,26,9,162923.85,1,1,0,,0
15654891,NULL,811,France,Male,30,6,0.0,2,1,1,180591.32,0
15726310,Mordvinova,782 units,Spain,Female  ,27,3,0.0,2,1,0,143614.01,0
15635597,Echezonachukwu,644,France,Male,33,8,0.0,2,1,1 units,155294.17,0
15698271,Graham,523,France,Female,26,4,0.0,2,1,0 units,185488.81,0
15567725,Kodilinyechukwu,689,France,FEMALE,46,₹7,52016.08,2,1,1,72993.65,0
15567399,Enderby,633,Germany,Male,43,3,144164.29,1 units,1,1,158646.46,0
,Efimov,830,Germany,Female,40,8,77701.64,1,0,1,,0
15759456,Lupton,,Spain,Male  ,34,7,140694.78,2,1,0,46266.63,0
15672966,Cross,682,Spain,Female,64,,0.0 units,2 units,1,1,103318.44,0
15657868,Serra,850,Germany,Male,40,6 units,94607.08,,₹1,0,36690.49,0
15776211,Toscani,678,FRANCE,Female,34,6,0.0,2,1,1,124592.84,0
15577806,Chiu,794 units,Germany,Female,54,1 units,₹75900.84,1,1,1,192154.66,0
15578238,Calabrese,727,France  ,Male,47,7,0.0,2,1,0,193305.35,₹0
15800961,Ugorji,627,Germany,Male,52 units,1,76101.81,2,0,1,₹177238.35,0
15752388,Doyle,643,Spain,Female,35,6,0.0,2,1,1,41549.64 units,0
15767891,Findlay,619,Germany,Female,28,6,,2,1,0,48475.12,0
15589739,North,698,France,Male,41,3,90605.29,1,1,1,14357.0,0
15758056,CALABRESI,558,France,Male,35,1,0.0,2,0,0,111687.57,0
15713769,Michelides,617,Spain,Male,38,7,0.0,1,1,1,27239.28,0
15612494 units,Panicucci,359,France,Female,44,6,128747.69,1,1,0,146955.71,1
15716347,Griffin,663,Germany,Male,37,7,143625.83,2 units,0,1,176487.05 units,0
15750099,Marshall  ,731,France,Female,36,6,0.0,1,0,0,152128.36,0
15665087,Bergamaschi,595,Germany,Female,26,8,118547.72,₹1,1,1,151192.18,0
15659327,Moffitt,520,France,Male,49,5 units,121197.64,1,1,0,72577.33,1
15704509,,492,France,MALE,35 units,8,121063.49,1,0,,85421.48,0
15624424,Palerma,678,Spain  ,Female,49,1,₹0.0,2,1,1,102472.9,0
15741197 units,Calzada,710,SPAIN  ,Male,22,8,0.0,3,1,0,107292.91 units,0
15584338,Winn,714,France,NULL,40,0,0.0,2,1,0,62762.12,0
15589660,Lamble,661,,Female,32,1 units,145980.23,1,0,1,56636.28,0
15797692,Volkova,659,France,Female,33,7,89939.62,1,₹1,0,136540.09,0
15624188 units,CHIU,712,France,Female,33,6,0.0,2,1,1,190686.16,0
₹15580068,BUCCHO,526 units,Spain,Male,35,5,0.0,2,1,1,105618.14,0
15569178,Kharlamov  ,570,France,Female,,4,82767.42,1,1,0,71811.9,0
15583212,Chidozie,600,France,Female,,5,134022.06 units,1,1,0,194764.83,0
15688951,Stoneman,789,Germany,Male  ,43,8,₹119654.44,2,0,1,148412.24,1
15768359,Akhtar,534 units,France  ,Male,₹36,4,,1,1,₹0,36275.94,0
15703482,Walker  ,₹710 units,Germany,Male,34,9,134260.36,2,1,₹0,147074.67,0
15584271,Donaldson,633,FRANCE,Male,59,5,0.0,1,1,1,137273.97,0
15642248,Ko,608,Spain,Male  ,66,8,123935.35,₹1,1,1,65758.19,0
15745826,Dawson,445,France,Male,37,3,₹0.0,2,1,1,,0
15750776,Genovese,850,FRANCE,Female,36,0,164850.54,1,1,1,62722.44,0
15746338,Onyekachukwu,565,France,Female,₹40,2,0.0,2,1,1,129956.13,0
15742028,Udegbulam,602,France,Female,35,5,0.0,2,1,₹0,31050.02,0
15722322,Green,655,Spain,Female,78 units,₹2,0.0,2,0,1 units,188435.38,0
15575623,Simpson,589,France,FEMALE,31,10,110635.32,1,1,0,148218.86,0
15752463,Samuel,826 units,Spain,NULL,₹29,4,129938.07 units,1 units,0,1,₹190200.53,0
15677141 units,Turnbull,586 units,,Male,29,2,,1,1,1,36176.63 units,0
15694237,McEwan,744,Spain,MALE,39,4,95161.75,1,1,0,19409.77,₹0
15746553,Castles,526,Germany,Male,50,5,124233.24,1,0,,159456.87,₹1
15621140,Nwebube  ,644,Spain,Male,37,9,0.0,2 units,1,1,,0
15648320,Heller,658,France  ,Female,31,,123974.96 units,1,1,0,102153.75,0
15738634,Yuan,533,France,Male,47,9,83347.25,1,1,1,137696.25,₹0
15598586,Wetherspoon,680,NULL,Male,31,10,113292.17,1,1,1,122639.73,0
15586931 units,Hunter,694,Spain,Male,,3,0.0,1,1,1,95625.03,0
15662091,NULL,570,Spain,Male,21,7,116099.82,1,1,1,148087.62,₹0
15760851 units,Gratton,629,France,Male,31,6,0.0,2,1,0,93881.75,0
15763515,Shih,513,France,Male,30,5,0.0,2,1,0,162523.66,0
15581505,,641,France  ,Male,35,5,0.0,2,1,0,93148.93,0
15777046 units,Parry,580,FRANCE,Female,39 units,9,128362.59,,1,0,86044.98,0
15649744,Fallaci,628 units,France,FEMALE,₹51,3,,2,1,1,40546.15,0
15709928,,567,Spain,Female,41 units,₹1,0.0,2,1,0,3414.72,0
15619238,NULL,567,Spain,Male,29,8,0.0,2,1,0,156125.72,0
15810878 units,Baker,537,Spain,Female,38,6,141786.78,1,0,1,147797.54,0
15600379,Hsiung,608,Spain,Male,34,7,,1,0,1,59890.29,0
15781702,Brookes,₹733,Germany,Male,38,9,111347.37,2,0,1,194872.97,0
15679284,Aksenov,593,Spain,Female,45,,79259.75,1,1,0,₹55347.28,0
15814236,NULL,537,Spain,Female,38,₹1,96939.06,₹1,1 units,1,102606.92,0
15678206,Yeh,464,France,Male,46,6,161798.53,1,1,0,182944.47,
15703588,Palerma,665,Germany,Male,25,5,153611.83 units,2,1,0,35321.65,0
15590213 units,CH'EN,479,SPAIN,Male,35,4,125920.98,,,,20393.44,0
15584229 units,Simon,671,Germany,Female,23,9,123943.18 units,1,1 units,1,159553.27,0
15733973,Bibi,850 units,NULL,Female,42 units,8,0.0,1,₹1,0,19632.64,1
15651554,Anenechukwu,₹618,Germany,Female,54 units,4,118449.21,1 units,1,1,133573.29,1
15738042,Goliwe,543,Germany,Male,37,8,140894.06,2,1,1,118059.19,0
15571148,Baranov,645 units,Spain,Female,21,1,0.0,2,0,0,28726.07,0
15764174,Bidencope,,Spain  ,Female,26,4,0.0,2,1,1,179780.74,0
15692929,Ikechukwu,791,Germany,Female,42,10,113657.41,2,0,1,139946.68,₹1
15642468,Clark,697,France,Male,42 units,9 units,132739.26,2,0,,174667.65,0
15713673,T'IEN,494,France,Female,33,1,137853.0,1,0,1,90273.85,0
15735346,WALLACE,527,NULL,Female  ,41,₹10,136733.24,,1,1,57589.29,0
15793726,,681,France,Female  ,79,0,0.0,2,0,1,₹170968.99,0
15576000,Chibueze,765,France,MALE,40,6,138033.55,1,1,1,67972.45 units,0 units
15689953,Toscani,,,Male,43,10,128226.37,1 units,0,0,188486.94,0
15611599,NULL,604,,Female,71,2,0.0 units,2,1,1,49506.82,0
15804787,Onyemauchechukwu,562,France,Male,75,5,87140.85,1,1,1,39351.64,0
₹15717879,Chen,712,Spain,Female,79,5,108078.56,1,1,1,174118.93,0
15734044 units,Black,671,France,Female,31,7,41299.03,1,0,1,,₹0
15588446,Udinesi,550,NULL,Male,34,3,0.0 units,₹2,₹0,0,131281.28,0
15690733,Angelo,608,Spain,Male,45 units,4,0.0,2,0,0,36697.48,1
15705777,Real,710,Germany,Male,49,10,129164.88,1,1,1,193266.72 units,0
15792250,Nnabuife,616,Germany,Female  ,45,4,122793.96,1,1,1,62002.04,
15704340,Fu,581,France,Female,37,10,104255.03,1,1,0,86609.37,0
15761294,Manna,667,GERMANY,Female,56,8,137464.04,1,1,0,130846.79,1
15686835,NULL,738,Germany,Female,57,9,148384.64,1 units,0,0,155047.11,1
15728456,Martinez,604,France,Male,33,3,0.0,,1,0,42171.13,1
15799966,Chigolum,792,Germany,FEMALE,59,9,101609.77,1,0,0,161479.19,1
15752626,Genovese,553,France,Male,32 units,7,64082.09,1,0 units,1,109159.58,0
15584704,Chiazagomekpele,519 units,France,Male,48 units,10,71083.98,1,1,0,137959.0,0
15692718,Jackson,738,France,Female,38,7,0.0,2,0,0,69227.42,0
15663650,Russell,698 units,Germany,Male,52,10,107304.39,3,1,0,28806.32,1
15678886,Golubev,₹679,Germany,,38,7 units,110555.37,2,1,0 units,46522.68,0
15723858,SCHIAVONE,517,Spain,Male,39,3,0.0,2,0,1,12465.51 units,0
15721460,Lorenzo,678,France,,60,8,185648.56,1,,0,₹192156.54,1
15717560,Martin,580,France,Male,50,0,125647.36,1 units,1,0,57541.08,1
15625175,Palerma,742 units,GERMANY,Female,43,6,97067.69,₹1,0,1,₹60920.03,1
₹15685372,AZUBUIKE,350,Spain,NULL,54,1,152677.48 units,1,1,1,191973.49,1 units
15645029,Knowles  ,771,Spain,Female,33,5,0.0,2,1 units,0,8673.43,0 units
15645839 units,Yudin,570,France,Male,37,6,0.0,1,1,1,187758.5,0
15811594,Gordon,660,Spain,Female,28,3,₹128929.88,1,1,1,198069.71,0
15633648,Jideofor,696,Spain,Female,51,5,0.0,2,1,0,55022.43 units,0
15753229,Genovese,802,France,Male  ,29,9,127414.55,1,1,1,134459.12,0
15695148,Ibeabuchi,614,Spain,Female,37,9,0.0,2,1,₹1,62023.1,0
15777772 units,Whittaker,650,Spain,Male,55,9,119618.42,1,1,1 units,29861.13,0
15779744,Chou,,Spain,Male,30,1,103138.17,1,1,1,96555.42,0
15565701,Ferri,698,Spain,Female,39,9 units,161993.89,1,0,0,90212.38,0
15688264,NULL,629,France,NULL,43,0,0.0,2,1,1,41263.69,0
15660809,Loving,850,France,MALE,₹28,4,0.0,2,1,1 units,12409.01,0 units
15663410,Piccio,771,Spain,Male,51,5,135506.58,3,1,1,152479.64,1
15589725,Zubarev,740,France,Female,51,4,0.0,2 units,1,1,178929.84,0
,McGregor,706,Spain,Male,53,₹7,0.0,2,0,1,117939.17,0
15671800,ROBINSON,688,France,Male,20,8,137624.4,2,1,1,197582.79,0
15699598,Smith,723 units,France,Female,₹20,₹4,0.0,2,1,1,140385.33,0
15644788,Fyodorov,731,France,NULL,30,5,0.0,2,1,0,189528.72,0
15761053,NULL,596,Germany,Male,48,₹2,131326.47,1 units,0,0,1140.02,1 units
15605665,Nwora,673,Germany,Female,69,3,78833.15,2,1,1,37196.15,0
15566139,Ts'ui,526 units,FRANCE,Female,37,5,53573.18 units,1,1 units,0,,0 units
15646310,Mao,684,Spain,Male,24,8,143582.89,1,1,1,22527.27,0
15750243 units,Genovese,830,Spain,Male,40,4,0.0,2,0 units,1,81622.52 units,0
15576623,Outlaw,584,France,Male,31,5,,2,1,0,31474.27,0 units
15605698,Harrison,746,France,Male,₹58,3,0.0,3,1 units,1,80344.96,1
15675896,Gough,680,Germany,Female,42,7 units,105722.69,1,1,1,90558.24,1
15662736,DOYLE,559 units,France,,49,2,147069.78,1,1,0,120540.83,1
15810864,Williamson,700,France,Female,82,2,0.0,2,0,1,182055.36 units,0
₹15749119,Santiago,710 units,France,NULL,31,3,0.0,2,1,1,₹112289.06,₹0
,Chukwudi  ,561 units,France,FEMALE,27,9,135637.0,1,1,0,153080.4,1
15779586,Olisaemeka,822,Germany,Female,46,3,115074.02,2,1 units,0 units,26249.86,0
15663964,Pagnotto,561,France,Male,37 units,5,0.0,2,1,0,₹83093.25,0
15643635,Robertson  ,664,Spain,MALE,,5,133705.74,1,0,,134455.84,0
15718843,Maslova,769 units,Spain,Male,41,1,72509.91,1,1,0,₹25723.73,0
15594898,Hewitt,731,,Male,43,2,0.0,1,1,1,170034.95,1
15624744,Tai,622,Germany,Male,42,9,₹115766.26,1 units,0,0 units,72155.85,1
15670080,Mackenzie,584,,Female,29,7,105204.01,1,₹0,1,138490.03,0
15667620,Dreyer,732,France,Female,43,6,,2,1,₹0,65731.53,₹0
15598700,Hysell,,Spain,Female,30,5,0.0,2,0,1,157888.5,0
15664759,NULL,675,SPAIN,Male,32,₹10,0.0,2,1,0,191545.65,0
15764927,Rogova,753,France  ,Male,92,3,121513.31,1,0 units,1,,0
15603794,Pugliesi,623,France,Male,48,₹5,118469.38,1 units,1,1,158590.25,0
15733229 units,NULL,638,Spain,Female,34,7 units,0.0,2,0,0,3946.29,0
15566494,Fang,487,France,Male,45,2,0.0,2,1,0,77475.73,0 units
15576126,Young,649,France,Female,41,2,125785.23,1,1,1,70523.92,0
15794849,Aitken  ,850,Germany  ,Male,₹22,7,91560.58,2,0,0,10541.38,0
15741728,ATKINS,591,NULL,Male,36,7,135216.8,1,1 units,₹1,122022.89,0
15617454,Ifeatu,684,France  ,Female,25 units,1,0.0,2,0,1,144978.47,0
15793949,Cheng,726,France,FEMALE,48,4,0.0,1 units,1,0,114020.06,1
15738219,Nash,632,France,Female,,7,,2 units,1,1,52526.65,0
15801767,Yin,784,Spain  ,Female,40,8,0.0,₹2 units,1,0,108891.3,0 units
15618239 units,NEUMANN,530,France,Female,48 units,0,0.0,1,1,0,85081.09,0
15600708,Calabresi,640,Spain,FEMALE,34,3 units,77826.8,1,1,1,168544.85,0
15690647,Rogers,582,Spain,Female,46,8,67563.31,1,1,0,,1
₹15708693,Sherman,759,France,Female,33,2,0.0,2,1,0,56583.88,0 units
15671104,Aksakova,637,Spain,Male,43,3,172196.23,1,1,₹1,104769.96,0
15681509,MCKAY,679,Spain,Female,28,9,₹0.0,2 units,0,1,61761.77,0 units
15729110,Lavrov,729,Spain,Female,42,7,0.0,2,1,0,58268.2,
15780628,Wu,633,France,Female,30,6 units,0.0,2,,0,41642.29,0 units
15707189,Marshall,₹667,Germany,Female,36 units,1,114391.62,1,1,1,53412.54,0
15670163,Verjus,666,France,Female,27 units,4,0.0,2,₹0,0,88751.45,0 units
15578546,Akobundu,491,Germany,Male,26,4,102251.14,1,1 units,1,145900.89,0
15599452,,₹605,Germany,,43,8,₹125338.8,2,1,0,₹23970.13,0
15787161,NULL,591,Germany,Male,46,4,129269.27,₹1,1,0 units,163504.33,0
15585455,Stewart,630,France,Male,28,9,0.0 units,2 units,0,0,32599.35,0
15638983,Jara,684,FRANCE,Female,38,5,₹133189.4,1,0,0,₹127388.06,0
15738884,Hu,642,NULL,Male,41,4 units,157777.58,1,1,0,₹67484.6,
15612667,Bird,₹680,Spain,MALE,,0,,1,₹1,0,136377.21,0 units
15774166,Mitchell,607,Germany,Female,24,2,109483.54,2,0 units,1,127560.77,0
15777830,Hutchinson,639,France,Female,42,4,₹0.0,2,0,0,₹167682.37,0
15577587,Reynolds,550,Germany  ,Male  ,52 units,5,121016.23 units,1,1,1,,₹1
15680767,Sabbatini,717,Germany,Female,64,,98362.35,2,1,1,21630.21 units,0
15678725,Chamberlin,658,France,Female,29,8,,2,0,1,130461.09,0
15775104,Gomes,697,France,Female  ,38,1,182065.85,1,1,0,49503.5,0
₹15588701,Lai,592,France,Female,38,4,0.0 units,,,0,35338.96,0
15738224,Lin,593,France,Male,32,6,99162.29,1,1,0 units,128384.11,0
15611329,Findlay,608,SPAIN,FEMALE,35,6,0.0,2 units,₹1,1,143463.28,0
₹15688713 units,McCall,627,Spain,Male,44,6,0.0,1,1,1,114469.55,0
15779059,Timms,670,France,NULL,38,4,119624.54,2 units,1,1,110472.12,0
15775116,Anderson,581,France,Male,31,3,0.0,2,0,0,89040.61,0
15568562,Moss,689,France,Male,40,8,160272.27,,1,0,49656.24 units,0 units
15777759,Boucaut,570,France,Male,30,2 units,131406.56,1,1,1,47952.45,0 units
15600710,Atkinson,620,France,Male,22,0,0.0,1 units,1,0,32589.45,0
15766185,She,850 units,Germany,Male,31,4,146587.3,1,1,1,89874.82,0
15618203,TIEN,773,Germany,MALE,51,8,116197.65,₹2,1,1,86701.4,0
15678460,Dodgshun,691,France,Male,30,9,0.0,1,1,₹0,49594.02,0
15579345,Murphy,775 units,Germany,Female,74,₹0,161371.5,1,1,1,134869.93,0
15777923,Johnston,544,France,FEMALE,45,6,0.0,2,,1,151401.33,0
15769254,Tuan,757,Germany,Female,34,9 units,101861.36,2,,0 units,187011.96,0
15684960,Yewen,559,France,FEMALE,46 units,5,0.0,1,1,0,21006.1,1
15666559,Gould,608,Germany,NULL,23,8,197715.93,2,1,,116124.28,0
15617603,Mackay,850,Germany,Male,30,5,123210.56,2,1,1,102180.27,0
15591130,Medvedev,507 units,Spain  ,Female,29 units,6 units,0.0,2,0,1 units,94780.9,0
15751227,EBELEGBULAM,807,France,Male,47,1,95120.59,1,₹0,0,₹127875.1,0
15570051,Gill  ,775,Germany,Female,38,6,179886.41,2,0,0,153122.58,0
15758048,Miah,582,France,Male,50,2,148942.0,1,1,1,116944.3,0
15686999,Nicholas,₹556,France,Female,40,8,0.0,2,1,0,62112.7,0
15734762,Ignatiev,602,France,Female,56,3 units,115895.22,3,1,0,4176.17,1
15748673,Nepean,770 units,France,Female,37,9,0.0,₹2,0,0,22710.72,0
15726046,Johnston,712,NULL,Female,27,2,133009.51,1 units,1,0,126809.15,0
15617348,Uchechukwu,,FRANCE,Male,44,1 units,0.0,2,0,0,69244.24,0
15799924,Sanchez,668,Spain,Male,43,,147167.25,1 units,0,0,141679.73,₹0
15797160,Glover,492,France,Female,₹49,8,0.0,1,1,1,182865.09,1
15792818,Perry,499,Germany,Female,29,6,₹148051.52,1,1,0,118623.94,0
,Mancini,₹664,FRANCE,Male,54,8,0.0,1,1,1,162719.69,
15800517,Huang,633,Spain,Male,32,5,163340.12,2,1,1,₹74415.2,0
15642870,Ross,677,France,Male,58,9,0.0,1,,1,168650.4,0
,Small,₹640,France,Female,42,5,176099.13,1,1,1,8404.73 units,0 units
15612064,Tsou  ,474,France,Male,33,5,₹0.0,2,1,0,181945.52,1
15750547 units,Bair,738,France,Male,₹26,,0.0,2,1,1 units,48644.94,0
15798850,Goddard,576,France  ,Male,32,7,0.0,2 units,1,0,4660.91,0
15608956,Su,711,France,NULL,33,1,0.0,1,₹0,0,41590.4,0
15680643,Lo,729,,Female,42,1,0.0,2,₹1,1,149535.97,0 units
15753840,Brown,524,Spain,Female,32 units,6,0.0,1,1,,132861.9,1
15680970,NULL,611,Germany,Female,41,2,114206.84,,1,0,164061.6,0
15612030,Udegbulam  ,724,France,Male,28,9,0.0 units,2,1,1,100240.2,0
15708289,Graham,793,Spain,Male,25,,100913.57,1,0,0,10579.72,0
15653780,Kambinachi,621,France  ,Female,₹43,5,0.0,1,1,1,₹47578.45,0 units
15624695,Otitodilinna,662 units,Spain,Female,72,7 units,₹140301.72,1,0,1,179258.67,0
15612505,NULL,835,Spain,Male,45 units,₹3,100212.13,1,1,0,152577.62,0
15574142,Chuang,458,Germany,Female,28,2,171932.26 units,₹2,1,₹1,9578.24,0
15809847,NULL,668 units,France,Male,46,0,₹0.0,₹2,0,0,29388.02,
15636673,Onwuatuegwu,667,France,Male,31,1 units,119266.69,1,₹1,₹1,28257.63 units,0
15566790,MCINTYRE,598,France,Male,28,8,129991.76,2,0,₹1,46041.08,0
15792916,Ositadimma,559,Spain,Female,40,7,144470.77,1,1,1,₹18917.95,0
15752312 units,HOWELLS  ,551,NULL,Male  ,49,1,150777.72,2,,1,135757.27,0
15573798,Yermolayev,448,France,FEMALE,36,6,83947.12 units,2,1,,81999.53 units,
15728480,ILOERIKA,452,France,FEMALE,35,8,0.0,2,1,1,149614.81,
15814268,Franklin,444,France,Female,40,5,84350.07,1,1,0,143835.76,₹0
15777907,Liang,791,France,Female,33,3 units,,1,1,1 units,144413.92,1
15648735,CASHIN,718,France,Male,37,8,0.0,2,1 units,1,142.81,0
15683195,Ubanwa,719,France,MALE  ,32,9,146605.27,1,1,1,77119.45,0
15769980 units,Singleton,705,Germany,,40,3,92889.91,1,1,1,₹109496.69,0
15632816,Williams,521,Germany,Female  ,₹49,₹2,₹127948.57,1,1,1,182765.14,0
15797627,NIEHAUS,732,Spain,Male,54,0,134249.7,1,0,1,13404.4,0 units
15720110,Oluchukwu,795,France,Male,32,2,117265.21 units,1,1,1,198317.23 units,0
15633922,GRAY,755,France,Male,30,4,123217.66,2,0,1,144183.1,0
15707473,Summers,850,Germany,,48,6,111962.99,,1,0,111755.8,₹0
₹15756425,Barnes,660 units,France,Male,30,7,146301.31,1,,0 units,96847.91,0
15658486,Gidney,579 units,Spain,Female,59 units,3,148021.12,,1,1,74878.22,0
15756804,O'Loghlen,636,France,Female,48,1,170833.46,1,1,0,110510.28,1
15707110,Endrizzi,,Germany,Male,₹28,2,170890.05,,1,0,41758.9,0
15801915,Rendall,529,France,Female,31,6,152310.55,1,1,0,13054.25 units,0
15710421,Baresi,774,Spain,Female,36,8,117152.3,1,0,0,101828.39,0
15613772,DALRYMPLE,542,France,Male,39,3,₹135096.77,1,1,1,14353.43,1
15701166,Chinedum,660,France,Male,40,5,131754.11,2,1,1,38761.61,0
15595350,NULL,661,NULL,Female,31,3,136067.82,2,1,0,65567.91,
15691723,Chukwudi,631,Spain,,55,,99685.06,1,1,0,114474.98,0 units
15633586,Brierly,595,France,Female,39,7,120962.13,1,0,0,23305.01,0
15627854 units,Mai,707,Spain,Male,₹44,3 units,0.0,2 units,1,1,135077.01,0
15583857,Siciliano,623,Spain,NULL,43,4,123536.52,2,0,0,154908.52,0
15693704,Tsou,679,France,Female,24,6,114948.76,2,0,1,135768.25,0
15629603,Chuang,607,France,Male,31,,0.0,2,1,1,43196.5,₹0
15793366,Humphreys,781,Germany,Male,35,7,,2,1,1,₹173837.54,0
15593601,Isayev,₹734,France,Male,34,6,133598.4,1,1,1,13107.24,
15656683,Johnson,551 units,France,Male  ,52,1,0.0,1,0,₹0,63584.55 units,1
,Marino,521,France,Female,32,2,136555.01,2,1,1,129353.21 units,0
15674343,Esposito  ,597,France,Male,44,8,78128.13,2,0,1,,0
15618171,James,669,France,Female,33,9,,2,0,1,107221.03,
15802351,Beers,755,,Female,33,6,90560.3,2 units,,1,42607.69,0
15629787,NULL,652,France,Male,27 units,10,107303.72,₹2,0,0,44435.76,0
15592570,Marino,773,Spain,Female,23,8,0.0,2,1 units,0,56759.79,0
15775318,Lu,590,Spain,Female,51,3,154962.99,3,0,1,191932.27,₹1
15595657,Hannam,649,Germany,Male,40,4,95001.33,1,0,1 units,123202.99,0
15769959,Ajuluchukwu,597,France,Female,53,4,88381.21 units,1,1,0,69384.71,1 units
15697691,Sinclair,512,France,Female,41,6,0.0,1,₹1,1,100507.81,0
15692207,Ingle,609,France,Female,53,6,0.0,2,1,1,₹124218.27,0
₹15706637,CHANG,718,,NULL,40,9,0.0,2,0,0,121537.91,0
15666297 units,Abramova,706,Spain,Female,53,3,0.0,3,,0,88479.02,1
15667971,Shepherd,592,Germany,Female,34,6,102143.93,2,1,1,102628.98,0
₹15633274,Tai,679,France,Male,34,7,160515.37,1,1,0,121904.14,0
15628767,HOTCHIN  ,608,Spain,Female,63 units,3,139529.93,₹2,1,1,175696.16,1
15814092,Wang,626,France,Female,,2,0.0,₹1,0,1 units,173117.22,1
15643671,Chiekwugo,696,GERMANY,Male,49,5,97036.22,2,1,0,152450.84,1
15683363,Goddard,540,,NULL,39,1,0.0,₹1,0,1,₹108419.41,0
15617197,Chien,524,France,Male,50,4,0.0,2,1,1,31840.59,1
15612832,Jamieson,526,France,Male,32,7,125540.05,1,0,0,86786.41,0
15761775,Myers,598,Germany,MALE,20,8,180293.84,2,1,1,29552.7,0
15661532,Butusov,650,France,Female,31,1,160566.11 units,₹2,0,0,27073.81,0
15651900,Bergamaschi,782,Germany,,53,1,81571.05,1,1,0,182960.46,1
15660524,HU  ,,Germany,Female,54,9,97382.53,1,1,1,195771.95,0
15580462,Corby,607,Spain,Male,40,1,112544.45 units,1,1,1,19842.22 units,0
15706005,ROBERTS,674,France,Male  ,46,2,174701.05,1,1,0,90189.72,1
15657830,Andrews,663,France,Male,43,4,87624.03,2,1 units,0,149401.33,0
15629010,Beam,847,GERMANY,Female,35,5,111743.43,1,1,1,183584.14,0
15615296,Rice  ,₹405,France,Male,39,10,0.0,1,1,0,160810.85,1
15812766,Golubeva,490,NULL,Male,40,6,156111.08,1,0 units,0,190889.13,0
₹15803654,Wei,790,France,Female,31,2,151290.16,1,1,1,172437.12,
15685500,Glazkov,772,Germany,Male,,7,152400.51,2,₹1,0,79414.0,0
15781975 units,Rees,708,France,Male,34,3,0.0,1,0,1,121457.88,1
15654456,Napolitano,511,Germany  ,Male,48,6,149726.08,1,0,0 units,88307.87,1
15770567,Ruiz,557,France,Female,32,3,123502.53,1,1,1,69826.8,0
₹15743236 units,Piccio,687,France,Female,61,7,80538.56,1,1,0 units,131305.37,1
15637891,Docherty,613,Germany,Female,43,4,140681.68,1 units,0,1,20134.07,0
15797219,Ifesinachi,635,France  ,Female,40,10,123497.58 units,1,1,0,131953.23 units,1
15581370,Andreyeva,681,SPAIN,Male,38,₹2,99811.44,2,1,0,23531.5,0
15645371,Cameron,613,Germany,Female,51,7,147262.11 units,,1,₹1 units,53630.9,1
15581526,Iweobiegbulam,574,France,NULL,41,1,0.0,2,0,0,70550.0,0
15770474,Myers,685,France,Female,33,1,0.0,,0,1,,1
15676353,Etheridge,598,France,Male,35,8,114212.6,1,1,1 units,₹74322.85,0
,Bailey,651,France,Female,39,8 units,0.0,₹1,1,0,137452.57,0 units
15814846,,691 units,France,Male,52,3,0.0,1,1,0,₹175843.68,1
15688007,Liu,703,SPAIN,Male,20,3,165260.98,1,1,1,41626.78,0
15709523 units,Yao,525,Germany,FEMALE,30,0,157989.21,₹2,1,1,100687.67,₹0
15789936,T'ao,₹663,France,Female,33,2,0.0,2,1 units,0,153295.0,0
15610765,Onwumelu,₹559,France,NULL,29 units,1,0.0,2,₹0,₹0,155639.76 units,
,Heller,548,Spain,Male,33,6,0.0,1,1,1,31728.35,0
15762927,Sung,674,,Female,36 units,6,100762.64,1,,0,182156.86 units,
15590241,Chuang,750 units,Spain,Female,34,9,112822.26,,0,,150401.53,1
15688876,Wan,685,Spain,Male,39,9,0.0,2,1,1,18826.06,0
15643229 units,Hou,671 units,France,Female  ,31,6,0.0,2,₹1,1,15846.42,0
15712409,,749,Germany,Male,66,6,182532.23,2,1,1,195429.92,0
15751185,Aparicio,699,Spain,Female,50,0,158633.61,1,1,0,193785.87,0
15765457,Fowler,719,NULL,Male,35,1,100829.94,1,1,1 units,165008.97,
15658675,,710,Germany,Male,37,6,135795.63,1,0,1,46523.6 units,
15579287,Rossi,581,NULL,Male,₹35,4,0.0,2,0,1,86383.82 units,0
15577695,Zito,678,France,Male,41,2,148088.11,1,1,0,14083.12,0
15652955,Price,678,Spain  ,Male,30,,0.0,₹1,1,0,35113.08,0
15810723,Sanderson,607,France,Female,39,10,0.0,3,₹1,0,132741.13,1
15592091,Belbin,620,SPAIN,Male,31,2,166833.86,2,1,1,135171.6,0
15653784,Solomina,627,France,Male,37,2,125190.86,1,0 units,1,84584.69,0
15664802,Chinweuba,543,France,Female,42,5,0.0,2,0,0,101905.34,0
,Chikwado,651,France,Male,56,2,₹0.0,₹1,1,0,114522.68,1
15588944,Maughan,456,NULL,Female,63,1,165350.61,2,0,0,140758.07,1
15645059,CRACE,711,France,Female,28,8,0.0,2,0,0,₹105159.89,0
15649423,Cooper,580,FRANCE,FEMALE,35,8,0.0,2,₹0,1,₹10357.03,0
15668009,Hendley,747,Spain,Male,37,1,0.0,2,0,1,180551.76,0
₹15573452,Manning,₹663 units,Germany,Male,42,,₹115930.87,,1,0,19862.78 units,0
15727919,Chukwuemeka,671,Spain,Female,29,6,0.0,₹2,0,0,12048.67,
15687688,Hou,564,Germany,Female,32,10,139875.2,2,₹1,0,15378.23,₹0
₹15723028 units,Smith,₹778,France,Male,33,,0.0,2,1,0,85439.73,0
15783629,Degtyaryov,616,Germany,NULL,₹42,6,117899.95,2,0,0,150266.81,0
15731865,Unwin,637,France,Male,27,1,₹0.0,2,1,0,91291.2,0
15740404,NULL,758,France,Female,34,3 units,0.0,,₹1,1 units,124226.16,0
15695872,Fiorentini,₹712,FRANCE,Female,30,1,89571.59,1,1,1,177613.19,0
15660688 units,King,701,Spain,Female,35,9,0.0,2,0,,170996.86,0
15576269,Madison,523 units,Spain,Male,34,7 units,0.0,2,1,0,62030.06 units,0
15651581,Lavrentyev,758,Germany,Male,68,,112595.85,₹1,1,0,35865.44,1
15600392,Amaechi,735,France,Female,53,₹8,123845.36,2,0,1,170454.93,1
15804962,Nnaife,606,France,Male,₹36,1,155655.46,1,1,1,,
15670427,Chidi,662,Spain,Male,37,4,,1,1,0,48930.8,0
15727539,Schoenheimer,618,France,Female,31,4,0.0,2,,0,29176.04 units,0
15799422,Evans,535,France,Female,40,,0.0,1,1,1,27689.77,0
15755018,Dickinson,568,Germany,FEMALE,,10 units,109819.16,,1,0,154491.39,0
15772781,Ball,703 units,France  ,Female  ,51,3,₹0.0,3,1,1,77294.56,1
₹15734917,Castiglione,708,Germany,Male,21,8,133974.36,2 units,1,0,50294.09,0
15690332 units,Wang,647,Germany,Male,35,3,192407.97 units,1,1,,40145.28,0
15747323,Vasilyeva,535,Spain,Male,48,9,109472.47 units,1,1,0,157358.43,1
15623647,NULL,655 units,Spain,Female,36,1 units,135515.76,1,1 units,0,86013.96,0
15641860,Bradley,764,Germany,Male,₹34 units,6,108760.27,2,1 units,,166324.79,1
15669606,Chu  ,690,France,Male  ,33,5 units,0.0,2,1,0,138017.68,0
15684042,Blair,636 units,Germany,Male  ,34,2,40105.51,2,0,1,53512.16,0
15691823,Obidimkpa,672,France,Male,37,5,153195.59,₹1,1,1,162763.01,0
15756241,Yirawala,767,France,Female,44,2,152509.25,1,1,1,136915.15,0
15791114,Yegorova  ,700,France,Male,37,1,135179.49,1,1,0,160670.37,0
15575679,Lori,590,France,Male,24 units,7,126431.54,1 units,1 units,0,58781.11,0
15777436,Murray,,Spain,NULL,31,5,0.0,2,1,0,9561.73,0
15683027,NULL,570,GERMANY,Male,29,4,122028.65,2,1,1,173792.77,0
15796764,Bruno,684,Germany,Female,56,3,127585.98,3,1,₹1,80593.49,1 units
15717065,Balashov,686,France,Female,35,8,105419.73,1,1,0,35356.46,0
15570134,Padovano,683,France,FEMALE,35,6,187530.66,2,1,1,37976.36,0
15582616,Y?an,520,France,Female,38,4,0.0,2,1,0,56388.63,0
15802207,Ibezimako,769,Germany  ,Male,43,4,110182.54,2,1,1,87537.32,0
15718106,NULL,625,FRANCE,Male,34,6,0.0,2,0,0,197283.2,0
15727291,McKay,821,France,Female,40,1,0.0,2,1,₹0,194273.12,0
15738318,Kung,800,FRANCE,Female,40,5,97764.41,1,1,0,98640.15,1
15790247,Sims,536,Spain,Male,,₹9,0.0,2,1,1,11959.03,0
15590606,Saunders,595,France,Male,41,9,0.0 units,2,1,0,5967.09,₹0
15715160,Khan,439,France,Male,36,2,165536.28,2,1,1,123956.83,₹0
15796167,Flores,₹782,Germany,Male,35,7,98556.89,2,1,0,117644.36 units,0
15803685,Greco,₹673,Germany,Female,77,10,76510.52,2,0,1,59595.66,0
15586133,Pisano  ,666,Germany,Female,44,2,122314.5,₹1,0,0,68574.88,1
15643752,Wei,540,France  ,NULL,25,5,₹116160.23,1,1,0,13411.67,0
15570271,Wan,577,Spain,MALE,31,6,0.0,1,1,1 units,,0
₹15583278,Greece,743,Spain,Female,36,8,92716.96,,1,1,33693.78,0
15801788 units,NULL,706,Germany,Female,29,6,185544.36,1,1 units,₹0,171037.63 units,0
15631882,Yeh,688,GERMANY,Male  ,45,9,,1,0,0,129870.93,0
15668629,Saunders,₹719,SPAIN,Male,₹44,2,0.0,2,1,0,196582.19,0
15672574,Uspenskaya,850,Spain,Female,32,5,0.0,1,1,1,3830.59,0 units
15761487,Yefimova,678,France,Female,,5,0.0,1,0 units,1,₹196794.11,1
15749177,Maslow,730,Spain,Female,52,7,0.0,2 units,0,1,,0
15667633,Allen,612,France,Female,38,1,0.0,2,,1,₹9209.21,0
15790379,Rowe,629,Germany,Male,,8,108601.0,1 units,1,1 units,119647.7,0
15589358,Stanley,848,Germany,,31,4,90018.45,2,1,0,193132.98,0
15647008,Adams,624,Germany,Male,54,3,116726.22,1,1,0,110498.1,1
15797197,MACLEOD,678,Spain,Male,29,6,0.0 units,2,1,0,64443.75,0
₹15694717 units,Ku,544 units,Germany  ,Male,37,2,79731.91 units,1,1,1 units,57558.95,
15661745,Browne,557,France,Male,,3,₹0.0,1,0,1,144078.02,0
15713596,Ugochukwu,428,France,FEMALE,62,1,107735.93,1,0,1,₹58381.77,0
15662578,Dettmann,679,Germany,Male,35 units,1,110245.13 units,1,1,1,178291.09,0
15749365 units,Earle,543,France,Female,34,8,0.0,2,0,1,145601.8,0
15575409,Rozhkova,581,Germany,Male,31,6,116891.72,1,1,0,107137.3,0
15735330,Sung,553,France,Male,37,1,0.0,₹1,₹1,0,30461.55,0
15634591,Saunders,850,France,Male,33,8,73059.38,1,1,1,186281.0 units,0
15613017,MCMILLAN,586 units,Germany,Male,32,1,149814.54,1 units,1,0,31830.06,0
₹15652540,Garnsey,683 units,France,Male,31,2,0.0,2,0,1,77326.78,0
15743498,Winter,532,Germany,Male,52,9,137755.76,1,1,0,163191.99,1 units
15788131,Atkins,653,France  ,Male,,6,0.0 units,1,1,0,50695.93,1
15688644,Holloway,₹603,France,MALE,31,₹1 units,129743.75,1,1,0,109145.2,0
15585490,Nkemdilim,746,France,FEMALE,34,4,₹0.0,1,0,1,65166.6,0
15625151,Wan,₹640,France,Female,66,9,116037.76,,0,1,184636.05,0
15612615,Graham,616,France,Female,37,6,0.0,2,1,0,86242.18,0
15644132,Mancini,724,France,NULL,30,9,142475.87,1,1,1,₹107848.24 units,₹0
15787699,Burke,650,Germany,Male,34,4,142393.11,₹1,1 units,1,11276.48,0
15648881,Tsai,581,Germany,Male  ,40,0,101016.53,1,0,1,7926.35,1
15754605,Jarvis,563,France,Female,39,5,₹0.0,2,₹1,1,17603.81,0
15656613,McGregor,646,France,Female,34,3,131283.11,1,0,0,130500.65 units,0
15638806,Blackburn,645,Spain,MALE,49 units,2,0.0,2,,0 units,10023.15,0
15767339,Chiazagomekpere,777,France,Female,53,10,0.0,2,1,0,189992.97,₹0
15742297,Sinclair,715,FRANCE,Male,35,2,141005.47,1,1 units,1,₹60407.93,0
₹15584091,Pitts,742,Germany,Female,36,,129748.54,2,0,0,47271.61,1
15777122,Esomchi,553,France,NULL,31,4,0.0,2,1,1,89087.4,
15687607,Chiemenam,605,NULL,Female,30,9,135422.31,1,0,1,186418.85,0
15718789,Brigstocke,₹604,NULL,,30,5,0.0,2,1,0,,0 units
15641091,Onyemauchechukwu,695,France,Female,31,5,106089.2,1,0,0,99537.68 units,0
15683524,Tobenna,660,Germany,Female,23,6,166070.48,2,0,0,90494.72 units,0
15727391,Collier,688 units,Germany,Male,29,9,144553.5,2,1,0,143454.95,0
15792729,Holland,474,Germany  ,Female  ,34,9,176311.36,1,1,0 units,160213.27 units,0
15791743,Corbett,727,France,Male,32,1,59271.82,1,1,1,46019.43,0
15664506 units,Goodwin,675,SPAIN,Male,32,8,197436.82,1,1,1 units,52710.7,0
15804009,Amechi,806,Germany,Male,36,8,167983.17,2,1,1,106714.28,0
,Sergeyeva,743,Spain,Male,25,₹6,0.0,2,1,0,129740.11,0
15604497,Beale,458,Germany,Male,₹44,7,84386.57,1 units,1,0,178642.73,0
15679622,Clayton,602,France,Male,35 units,8 units,0.0,1,1,1,₹22499.29,0
₹15644297,Austin,732,Germany,Male,38,5,178787.54,1,1,1 units,195760.53,₹0
15608541,,498,France,Male,46,1,,₹1,1,0,101954.78,₹1
₹15607312,Ch'ang,648,Spain,Female,49,10,0.0,2,1,1,159835.78 units,1
15724876,McGregor,560,France,Female,38,5 units,83714.41 units,1,₹1,1 units,33245.97,0
15573319,Azubuike,493,Germany,Female,35,,178317.6,1,0,0,197428.64,0
15689517,Hales,635,France,Male,27,3,127009.83,1 units,1,0,161909.95,0
15782475,Edith,700,FRANCE,Female,42,8,0.0,2,1,1,105305.72,0
15790958,Sanders,685,Spain,Male,38,4,0.0,2,1,1,35884.91,0
15636658,Rozhkova,596,France,Male,36 units,2,0.0,2,1,1,12067.39,0
15736578,HAMILTON,539,France,Male,39,1,0.0,1,1,1,28184.7,
15635703,Chu,729,GERMANY,Female,39,₹1 units,131513.26 units,1,1 units,1,193715.0,0 units
15591169,Hawes,788,Germany,Female  ,49,4,137455.99,1,,0,184178.29,1
15754849,Tyler,776,Germany,Female,32,4 units,109421.13,2,1,1,126517.46,
15781598,Middleton,756,Germany,Male,41,₹6,149049.92 units,₹1,0,1,50422.36,1
15586629,Campbell  ,637,France,Male  ,33 units,5,0.0,2,1,₹0,139947.17,0
15630466,Maclean,797,France,Male,45,8,₹0.0,1,0,0,125110.02,0
,Gerasimov,510,Spain,Female,38,4,₹0.0,1,1,0,118913.53,1
15685309,Souter,669,France,Female,35,7,0.0,1,1,1,49108.23,1
15711468,Tennant,527,France,Female,32,7,0.0,₹2,1,1,44099.75,0
₹15566030,Tu,,Germany,MALE,41,5,80542.81,1,0,0,88729.22 units,1
15782778,Ewers,815,France,Male,35,4,0.0,2,0,1,198490.33,0
15584899,Siciliani,617,France,FEMALE,35,5,0.0,2,0,1,13066.3,0
15701972,PARSONS,684,France  ,Male,35,3,137179.39 units,1,1,1,37264.11,0
15732884,Trevisano,676,France,Male,29,7 units,131959.86,1,₹0,0,189268.81 units,0
15689594,Su,731,FRANCE,Male,29,5,,1,0,0,112010.02,0
15611325,Wood,682,Germany,NULL,24,9,57929.81,2,0 units,0,53134.3,0
15701555,Nicholls,575,Spain,Male,53,1,84903.33,₹2,0,1,26015.8 units,0
15665590 units,Moore,541,France,Male,46,6,0.0,2,1,1,83456.67,0
15793049 units,Atkins,680 units,Germany,Female,48,8,115115.38,1,1,0,139558.6,1
15675252,Martin,734,NULL,Female,39,3,92636.96,2,₹1,1,125671.29,0
15660505,Romani,735,Germany,Male,46,2,106344.95,1,1,0,114371.33 units,1
15708193,Liu,707,France,Male  ,33,2,0.0,2 units,0,0 units,130866.95,0
15607837,Muriel,746,France,Female,29,4,105599.67,1,1,1,43106.17,0
15637235,NULL,₹794,Spain,Male,33 units,8,0.0,2,,0,91340.02,0
15681115,Iroawuchi,787,,,39,10,108935.39,1,1,₹1,101168.3,0
15597309,HOWELL,,Spain,Male,36,7,0.0,2,0,0,80134.65,0
15598838,Greco  ,659,France,Female,37,1,151105.68,1,1,1,140934.57,0
15729970,Ugochukwu,684,Germany,Male,29,8 units,127269.75,1,0,1,79495.01,₹0
15748649,SHEN,644,France,Male,40,8,93183.19,₹1,1,0,73882.49,₹0
15802220,Ikenna,599,Spain,Male,35,6 units,137102.65,1,0,0,76870.81,0
15701602,Ayers,521,Germany,Male,52,5,116497.31,3,0,0,,₹1 units
15785654,Ofodile,727 units,Germany,Male,45,6,114422.85,2 units,1 units,1,104678.78,1 units
15633378,Davidson,,Spain,Female,49,9,0.0,2,1,0,178342.63,0
15576313,NULL,486,Germany,Female,40,9,,,1,0,76192.21,0
15765694,Bage,₹584,Spain,Female,59,1,0.0,1,,1,130260.11 units,₹1
15725311,Hay,726,France,,31 units,9,114722.05,2,1,1,98178.57,₹0
15666453,Moore,611 units,Germany,Female,29,4,₹78885.88,2 units,1,1,26927.69,0
15647402,Wan,628,France,Female,38 units,3,0.0,2,1,1,48924.73,0
15761986,OBIALO,439,SPAIN  ,Female,32,3,138901.61,1,1,0,₹75685.97,0
15787602,Carter,568,Spain,Male,39,5,0.0,2,1,1,129569.92,0
15677804,Aliyeva,783,Spain,Male,38,1,0.0,3,1,1,80178.54,1
,Slattery,721,,Male,46,1,115764.32,2,0,₹0,,
15777893,Davide,777,France,Male,43,1,₹0.0,2,1,0,21785.91,0
15628298,JOHNSTONE,500,NULL,Female,47,8,128486.11,1,1,0,,0
15705050,Linger,611,France,Male,30,9 units,0.0,2,1,1,148887.69,0
15700394,,713,Spain,Female,26,4 units,122857.46,2,1,0,144682.17,₹1
15679810 units,Chapman,690,France,Male,39,6 units,0.0,2,1,0,,0
15729599,Lorenzo,804,Spain,MALE,33,7,76548.6,1,0,1,98453.45,0
15729836,Robinson,646,Spain,Male,32,1,0.0,2,1,0,183289.22,0
15772933,MAI,591,Spain,Male,31,8,0.0,1,1,1,141677.33,0 units
15685653,Benson,585,Germany,Female,40,3,162261.01 units,,1,0,137028.51,0
15572467,Chandler,₹506,France,Male,37,5,0.0,2,1,1,127543.81,0
15762045 units,Gilchrist,474,Germany,Female,37,5,142688.57,2,1,1,110953.33,
15595160,Renwick,413,Spain,Male,35,₹2,0.0,2 units,1,1,60972.84,0
15808960,Alleyne,620,Germany,Male,40,5,108197.11,2,1,0,49722.34,0
15653952,T'an,581,Germany,Female,38,3,135157.05,1,1,1,32919.42,0
15621466 units,NULL,606,Germany,Male,38,₹3,99897.53,1,0 units,0,37054.65 units,
15787459,Parkes,745,Spain,,40 units,3,88466.82,1,,₹0,,0
15746028,Chu,714,France,Female,24,7,0.0,2,1,0,166335.0,0
15670345,Mazzi,785,Germany,Female,33,6,127211.45,1,0 units,0,191961.83,0
15756926,ATHERTON,833,Germany,Male,29,1,96462.25,2,0,1,48986.18 units,0
15572461,Kung  ,663,NULL,Female,29,4,102714.65,,0,0,21170.81 units,0 units
₹15667462,Duncan,707 units,Spain,Male,43,10,0.0 units,2,1,0,118368.2,0
15714789,Perez,664,France,Male,24,7,0.0,1,0,1,35611.35,0
15767821,Bearce,528,France,Male,₹31,6,102016.72,2,0,0,80181.12,0
15603674 units,Knight,803,France,NULL,36,1,0.0,2,1,1,149370.93,0
15668235,COOKE,614,France,Female,,3 units,123475.04,,₹1,1,179227.52,0
15690209,Hsiao,715,Germany,Female  ,32,₹3,104857.19,2,1,0,114149.8,0
15800061,MORETTI,495,Spain,Female,45,3,89158.94,3,1 units,0,135169.76,1 units
15710408,NULL,584,SPAIN,Female,38,3,0.0,,,1,4525.4,0
₹15682563,Larionova,618,Spain,Male,38,5,126473.99,1,1,0,91972.49,0
15680855,Iloabuchi,637,France,,33,2,145731.83,1,0,1,109219.43,0
15748718,Gordon,517,France,Male,28,2,115062.61,1,1,0,179056.23,0
,Menhennitt,637,Spain,Female,44,0,₹157622.58 units,1,1,1,120454.2,0
15658449,Chizoba,695,France,Male,45,9,₹43134.65,1,0,1,77330.35,0
15713774,Chikwendu,644,Spain,Female,46,6,12459.19,1,0,0,₹156787.34,1
15764491,Greece,,Spain,Male,35 units,10,159693.9,2,1,1,71173.64,0
15582276,Greco,638,France,Male  ,34,5,133501.36,1,0,1,155643.04,0
15576162,King,615,France,MALE,32,7,92199.84,1,1,1,,0
15726791,Nuttall,637,Spain,Female,45,2,157929.45,1,1,1,145134.49,1
15645572,Calabresi,743,France,Female,40,6,0.0,₹1,1,0,28280.8,1 units
15668323 units,MBADIWE,678,France,Female,41,1,143443.61,1,1,0 units,₹196622.28,1
,Buccho,₹625,Germany,Male,₹31,4,₹77743.01,₹2,1,0,75335.68,0
15757952,Teng,651,France,Male,44,2,0.0,3 units,1,0,102530.35,1 units
15571002,Yusupov  ,706,France,Female  ,44,4,129605.99,1,0,0,,0
15789339,Yen,681,FRANCE,MALE,59,4,122781.51 units,1,0,1,140166.95,₹0
15613102,Ogochukwu,670,France,Female,31,2,57530.06,1,1,1,181893.31,1
15803032,NULL,599,Germany,Male,38,9,89111.63,1,0,0,157239.6,0
15794297,McKay,776,FRANCE,Male,36 units,1,0.0,2,1,0,53477.76,0
15611430,Abramowitz,690,France,Male,,₹5,0.0,1,1,0 units,12847.61,1
15592078,Davide,590 units,Germany  ,Female,27,8,123599.49,2,1,0,1676.92,0
15795149,Stevens,703,France,Male,28,2,81173.83,2,0,1,162812.16,0
15588859,,496,Spain,FEMALE  ,44,0,179356.28,2,1 units,0,2919.21,1
15605455 units,Tai,664,France,Male,40,₹9,0.0,2 units,1,0,194767.3,0
15619708,Harker,745,France,Male,25,5,157993.15,2,1,0,146041.45,0
15710853 units,TS'UI,623,France,Female,24,5,0.0,2,1,0,116160.04,0
15747724,Briggs,671,Spain,Female,34 units,10,₹0.0,1,1,0,23235.38,0
15599289,Yeh,724 units,France,Female  ,37,10 units,68598.56,₹1,,₹0,157862.82,0
15721251,Watson,₹554,SPAIN,Female,41,4,112152.89,1,0,1,36242.19,
15716518,Yuryeva,617,France  ,Female,27,4,0.0,2,0,0,190269.21 units,0
15652948,Yen,,France,Male,₹33,4,92676.3,1,1,0,105817.63,0
15713770,Shih,586,Spain,Male,41,3,63873.56 units,,1,0,83753.64,0
15748589,Winter,736,NULL,Female,30,9,0.0,2,1,0,34180.33,0
15742638 units,Wang,747,France,FEMALE,25,4,0.0 units,2,0,1,42039.67,0
15711457,Herz,755,France  ,Female,28,7,124540.28,1,0,1 units,188850.89,0 units
₹15721207,Piazza,625 units,Germany,Male,42,6,100047.33,1 units,1,0,93429.95,0
15684925,Vicars  ,850,France,Female,,₹3,0.0,2 units,0,0 units,2465.8,₹0 units
15763431 units,Echezonachukwu  ,698,NULL,Male,36,2,₹82275.35,2,1,1,93249.26,0
15778192,Nkemdilim,,Spain  ,NULL,28,4,0.0,2,1,1 units,176750.81,0
15598493,BEACH,656,France,Male,50,7,0.0,2,0,1,72143.44,0
15759618,Alexeeva,535,France,Female,48,9,0.0,1,1,0,₹149892.79,1
15701809,Cavill,,Spain,Female,28,3,0.0,1,₹1,0,3408.7,0
15780362,Ferrari,607,France,Female,49,9,119960.29,2,1,,103068.22,0
15774179,Sutherland,487,France,Male  ,37,6,0.0,2,1,1 units,126477.41,0
15772650,Longo,732,France,MALE,55,9,136576.02 units,1,0,1,3268.17,1
15566091,Thomsen,545,Spain,Female,32,4,,1,1,0,94739.2,0
,Fanucci,708,SPAIN  ,Female,64,5,0.0,3,0,1 units,112520.07,1
15699238,NULL,618,Spain,Female,40,,0.0,,1,0 units,80204.38,0
15636520,Milani,692,France,Male,27,1,125547.53,1,0,0,7900.46 units,0
15699446,Hobbs,816,Germany,Female,25,2,₹150355.35,2,1,1,35770.84,0
15774401,Chambers,773,Spain,Male,51,4,0.0,2,0,0,123587.83,1
15802106,Craig,₹418,France,Male,34,₹8,155973.88,1,1,0,154208.96,0
15578251,Fang,644,FRANCE,Male,37,2,186347.97,2,1,0,92809.73,0 units
15780909,Caffyn,769,Germany,Male,34,7,115101.5,1,0,0,57841.89 units,1
15736043,Hamilton,638,France,Male,34,6,114543.27,1,1,₹1,,0
15692750,McGregor,629,GERMANY,Female,45,7 units,129818.39,3,1,0,9217.55,1
15711716,Ferguson,580,France,Female,56,1,131368.3,1,1,0,106918.67,1
15794472,Brookes,553,France,,27,3 units,0.0,2,0 units,0,159800.16,0
15804797 units,Gilleland,443,France,FEMALE,54,3,138547.97,1,1,1,70196.23 units,1 units
15589428,Tomlinson,756,France,Female,42,9,0.0,2,1,0,35673.42 units,0
15583736,Shih,829,Germany,Male,36,4,81795.74,2,1,0,90106.94,0
15756680,Phillips,667,France,Male,28,6,165798.1,1,1,0,147090.9,0
15759537,Bianchi,717,GERMANY,Male,35,,₹58469.37,2,1,1,172459.39,0
₹15755223,Tseng,692,GERMANY,Male,53,7,150926.99 units,2,0,0,119817.19 units,0
15600337,Dobie,661,Spain,MALE,42,2,178820.91,1 units,0,0,29358.57,1
15771750,Sawtell,₹655,Germany,Female,36,,122314.39,1,1,0,₹9181.66,0
15716284,Ward,,France,Male,43,9,0.0 units,2,1,1,78858.07,0
15639946,,597 units,Germany,Female,39,8,162532.14,3,1 units,0,36051.46,1
15702788,Gadsdon,775,France,Male,40 units,9,126212.64 units,1,1,0,70196.57,0
15677310,Christie,761,Germany,NULL,62,5,98854.34,1 units,0,0,86920.97,1
15724423,Wilson,571,France,Female,38,6,₹107193.82,2,0,0,38962.94,0
15727811,Ts'ui,661,Germany,Female,47,0,109493.62,1,0,₹0,188324.01,1
15634180,Holden,,Germany,Male,26,4,,2,1,0,39356.38,0
15709183,DAVIDSON,707,France,Female,58,3,102346.86,1,1 units,1,114672.64,0
15770995,,753,Germany,Female,47 units,₹1,131160.85,1,1,0,197444.69,0
15625942,McDonald,619,,Female,45,0,0.0,2,₹0,0,113645.4,0
15755241,NULL,714,France,Female,52,2,0.0,₹1,₹0 units,1,144045.08,1
15629244,Bryant,635,Spain,Male,50 units,7,159453.64,,0,0,54560.79,1
15771477 units,NULL,779,FRANCE  ,Male,49,9,,1,0,0,116893.87,0
15593499,Stevens,686,Spain,Female,47 units,6,0.0,1,1,0,32080.69,1
15627002,Taylor,728,France,Male,38,1,115934.74,1,1,1,139059.05,0
15797204,,655,Spain,Female,28,3,113811.85,2,0,1,76844.23,0
15636982,Weller,705,Germany,Female,₹43,7,79974.55,1,1,1,103108.33,0
15775741,Powell,608,France,Female  ,28,9,₹0.0,2,1,1,125062.02,0
15737814,Lo,622,FRANCE,Male,₹41,2,127087.06,1,1,0,102402.91,1
15696852,Hsu,803,France,Female,32,9,192122.84,1,₹1,1,,1
15731507,Mackenzie,456,France,Female,,1,188285.68,1,0,0,58363.94,0
15583303,Monaldo,593,France,Female,29,2,152265.43,₹1,1,0,34004.44,0
15624703,Okonkwo,550,Germany,Male,35,9,129847.75,2,1,0,197325.4,0
15702541,Fraser,551,France,FEMALE,59,2,166968.28,1,1,0,159483.76,1
15803886 units,Barber,629,Spain,Male,₹31,6,132876.55 units,1,1,1,130862.11,0
₹15641285,Yusupova,621,Spain,Male,50,3,163085.79,1 units,₹0,1,131048.36 units,0
15777994,Woods,718,,,39,3,0.0,2,1,1,145355.11,0
15714877,MacDevitt,,France,Female,29,10,0.0,₹2,1,0,137508.31,0
15670619,Coppin,631,France,Female,33,8,0.0,2,0,0,117374.22,0
15722701,NULL,594,Germany,Male  ,18,₹1 units,132694.73,1,1,0,167689.56,0
15607301,Romano,651,Spain,Female  ,63,8,129968.67,1,1,1,11830.53,0
15643056,McMillan,755,,Female,38,1,82083.52 units,1 units,0,1,₹10333.78,0
15674526,Byrne,725,France,Male,66,4,86459.8,1,1,1,141476.56,0
15777599,Esposito,746,Germany,Male,34,6,141806.0,2,1,1,183494.87,0
₹15764153,Rowe,704,France,Female,33,0,,2,1,1 units,74804.36,0
15591357,Cowger,765,France,,51,3 units,123372.3,1,1,1,115429.32,0
15658233,NULL,724,France,Female,41 units,5,109798.25,1,0,1,149593.61,0
15665783,Ts'ui,565,France,Male,49,7,0.0,2,1,1,89609.26,0
15711733,Rapuokwu,753,France  ,Male,48,4,0.0,2,₹0,1,146821.42,0
15601787,Greco,641,NULL,Male,35,2,103711.56,1,0,1,192464.21,1
15793197,Bailey,676,France,Female,34,8,100359.54,1,0,0,46038.28,0
15726186,,639,Spain,Male,,4,133434.57,2,1,0,97983.44,0
15611973,Tuan,804,France,Male,55,₹7,,2,1,1,118752.6,0 units
15622750,,742,Germany,Female,21,1,114292.48,1,1,0,31520.4,0
15814519,KAMDIBE,648,France,Female,37,7,0.0,2,1,0,194238.92,0
15626144 units,NULL,675,France,Male,40,7,113208.86,2,1,0,34577.36,0
₹15738627,Hussain,768,FRANCE,Male,25,6,0.0,2,1,1,21215.67,0
15725660,NULL,676,France,Male,20 units,₹1,80569.73,1,0,0,68621.98,0
15647782,Brown,729,Germany,Male,36,8,152899.24,2,1,₹0,177130.33,0
15623730,Ch'iu,792,France,Male,34,1,0.0,1,0,1,86330.32,0
15775082,Stewart,749,France,Male,42,1,129776.72,2,0,1,143538.51,0
15724543,Mao,597,France,Male,61,5,0.0,2,1,1,81299.17,0
15704795,Vagin,521,France,FEMALE  ,77,6,0.0,,₹1,1 units,49054.1,0
15626135,Combes,689,France,Male  ,,1,,1,1,0,155495.63 units,0
15636541,Cartwright,683,Germany,Male,35 units,5 units,144961.97,1,0,1,26796.73,0
15778395,McIntyre,762,Germany,Male,34,4,88815.56,2,1,0,68562.26,₹1
15733888,Sells,668,Spain,Female,36,3,133686.52,1,₹1,0,190958.48,1
15803457,Hao,750 units,NULL,Female,32,5,0.0,2,1,0,95611.47,0
15651958,Giles,756,France,Male,27,8,0.0,2,1,1,157932.75,0
15763806,Astorga,773,France,Male,41,,0.0,2,1 units,1,24924.92,0
15702801,Ts'ao,677,France,Female,29,3,86616.35,1,0,0,91903.9,
15773779,Jacka,593,Spain,Female,46,2,76597.79,1,1 units,1,₹54453.72,0 units
,Ch'eng,712,Spain,Female,44,,0.0,2,0,,45738.94,0
15604119,NULL,₹850,Spain,Male,35,7,110349.82,1,0,,126355.8,0
15752622,Kerr,729,France,Female,32,7,38550.06,1,0,1,179230.23,0
15775703,Lo  ,702,France,Male,26,2,71281.29,1,1,1,108747.12,1
15607877,Maclean,576,Spain,NULL,26,8,0.0,2,0,1,34101.06,0
15585855,Gould,679,France,Male,40,,0.0,1,1,1,16897.19,0
15662533,PORTER,,Spain  ,Female,23,6,₹0.0,2,1,0,153229.19,0
15642448,Onyemauchechukwu,656,Spain,Male,28,8,120047.77,1,1,1,137173.39,0
15761453,Kovalev,667,France,Male,42,₹6,0.0,1,1,0,88890.05,0
15603582,Robertson,569,Spain,Female,34,₹3,0.0,1,1,0,133997.53 units,0
15596339,French,422,France,Male,54,3,140014.42,1,0 units,1,86350.97 units,
₹15791316,Boni,714,FRANCE,Male,35,3,,2,1,1,₹95623.28,0
15635143 units,Fennescey,749,France,Male,42,,56726.83,2,0,1,185543.35,0
15602797,Okwudilichukwu,,SPAIN,Female,49,5,110132.55,3,0 units,1,187689.91,1
15746422,Muir,636,France,Female,38,1 units,0.0,1,1 units,0,45015.38,0 units
15575185,Bushell,757,Spain,Male,33,5,77253.22,1,0,1 units,194239.63 units,0
₹15662232,Learmonth,675,GERMANY,Male,42,2,92616.64,₹2,1,0,8567.18,0
15609998,,700,Germany,Female  ,59,5,137648.41,,1,0,142977.05,1
15705174,CHIEDOZIE,656,Germany,Male,68,7,153545.11,1,1,1,186574.68,0
15776096,Halpern,606,Spain,Male,34,3 units,161572.24,1,0,1,191076.22,0
15739857,TRENTINO,785,France  ,Female,40,3,₹0.0,2,1,1,₹96832.82 units,0
15573309,Ward,626,Spain,Female,48,2,0.0,2 units,1,1,95794.98,0
15608381,Dean,585,Germany,MALE,₹50,2,125845.66,1,1,0,₹9439.31,1
15650591,NULL,809,Germany,Male,50,10,118098.62,1,1,1 units,100720.02,1
15790935 units,Johnson  ,535,France,Female,29 units,5,0.0,₹2,0,1,,0
15594720,SCOTT,460,Germany,Female,35,8,102742.91,2,1,1,189339.6,0
15633419,Brooks,622,Germany,Female,28,1,,2,1,0,81723.8,0
15691792 units,Young,₹416,Spain,Male,35,8,0.0 units,1,0,0,119712.78,0
15604158,Smith,554,France,Female,39 units,10,0.0,2,1,1,18391.93,
15762238,Fraser,671,Germany,Female,44,0,84745.03,2,0,1,34673.98 units,0
15690546,Riley,618,NULL,Female  ,₹42,,0.0,4 units,0,0,111097.39,1
15712813,Nevzorova,520,Germany,,43,3,150805.17,3,0,1,25333.03,1
15659399,Mazzi,516,Germany,Male,50,7 units,139675.07,2,1,0,45591.23 units,0
15582591,Chiabuotu  ,615,Spain,Male,59,4,155766.05,1,1,1,110275.17,0
15628600,Lee,807,Germany,Female,31,1 units,141069.18,3,1,1,194257.11,0
15572626,Mackenzie,620,Spain,Male,44,8,,2,1,1,15627.51,0
,,431,France,NULL,37,0,120764.08,1,1,1 units,117023.08,0
15670668,Webb,658,Germany,Male,29,5,75395.53,2,0,1,54914.92,0
15741988,Marino,492,Germany,Female,52,8,125396.24 units,1 units,1,0,10014.72,1
15707974,Anayochukwu,815,Spain,Female,38,2,48387.0,1,1,0,,0
₹15781884 units,Knox,624,Germany,Male,27,9,94667.29,2,₹0,₹1,4470.52,0
15619116,Wallace,493,France,Female,36,2,0.0,2,0 units,1,99770.3,0
15721740,Pai,633,Germany,Male,50,7,88302.65,1,1,1,195937.16,0
15803456,Yen,₹641,France,FEMALE,,9,0.0,1,0,0,151648.66,1
15621768,NULL,712,Spain,Male,45,6 units,112994.65,1 units,0,0,198398.68,0
15614934,McEwan,625,GERMANY,,37,4,142711.81,₹1,1,0,35625.41,0
15780779,Ramsbotham,583,Spain,Female  ,40,4,0.0,2,1,0,114093.73,0
15669253,GIBSON,754,Spain,Male,39,7,₹157691.98,2,1,0 units,133600.89,1
15704788,Krawczyk,812,Spain,Female,49,8,66079.45,2,0,,91556.57,1
15612103,Wang,627,Germany,Female,35,2,137852.96 units,1,1,1,172269.21,1
15653753,Chiemenam,542,Spain,Male,43,6,113567.94,1 units,1,0,89543.25,0
15744046,Andrejew,606,Spain,Male,₹33,8,0.0,2,1,1,₹63176.77,0 units
15570533,Conti,621,,Female,₹55,7,131033.76,1,₹0,1,75685.59,1
15776936,Whitworth,475,France,Male,40,7,160818.08,1,0,1 units,,1
₹15641175,,701,Germany,Male,63,3,₹120916.52,3 units,0,0 units,144727.45,1
15663921 units,Pisani,429,France,NULL,60,7,0.0,2,₹1,1,163691.48,0
15613787,Chidubem,505,Spain,Male,35,8,116932.59,1,1,0,91092.84,₹0
15723411,Jamieson,607,Spain,Female,36,4,98266.3,1 units,1,1,₹46416.36,0
15576263,Clements,759,France,Female,22,5,0.0 units,1,1,0,22303.17 units,0
15693205,Peng,691,NULL,Female,41,8,109153.96,3,1,1,148848.76,1
15583595,Tao,461,France,,28,,0.0,1,1,1,,0
15599090,MCKELVEY,564,Germany,Male,40,₹7,108407.34,1,1,1,83681.2,0
15786014,Ku,568,France  ,Male,28 units,5,145105.64,2 units,1,0,185489.11,0
15625713,Lindeman,679,Spain,Female,39,7 units,91187.9,1,0,1,6075.36,0
15731327,Hale,652,Germany,Male,27,2,166527.88,2,0,₹1,146007.7,0
15718071,Tuan,655,France,,51,3,0.0,2,0,1 units,15801.02,0
15731543,Becker,679 units,Spain,Male,58,9,109327.65,1,,1,3829.13,0
15580805,Marino,655,France,Male,27,10,0.0,2,1,0,51620.94,0
₹15676966 units,,730 units,Spain,Male,42 units,4,₹0.0,2 units,0,1,85982.47,0 units
15803790,Allen  ,638,Germany,Male,37,2,89728.86,2,1,1,37294.88,0
15760431,Pino,850,France,NULL,38,1,0.0,2,1,1 units,80006.65,0
15712772,Onwubiko,757,France  ,Male,28,₹3,₹75381.15 units,1,1,1 units,199727.72,0
15701946,Ndubueze,715,France,Male  ,34,4,124314.45,1,0,0,97782.92,0
15789560,Clark,668,France,Male,42,8,187534.79,1,1,1,₹32900.41,1
15714750,NORTHEY,690,France,Female,42,3,92578.14,2,,0,₹70810.6,0
15661380,Walker,682,France,Male,69,6,0.0,2,0,1,149604.18,0
15814750,Ricci,629,Spain,Male,34,8,0.0,2,1,1,180595.02,0
15813327,NULL,710,France,Male,₹21,4,109130.96,2,1,1,56191.99,0
,Li,798,France,Male,22,8,0.0,2,,0,107615.43,0
15785705,Thomson,705,Germany,Female  ,44,10,106731.58,1,1,0,137419.87,1
15714993,Longo,552,,Female,41,9,124349.34,1,1,0,135635.25,0
15718153,Kao,759,Spain,Female,74,6,128917.84,1,1,1,48244.64,0
15696301,Snider,719,NULL,Female,37,9,101455.7,1,1,0,25803.59,₹1
15808566,Hs?,516,France,MALE,46 units,2,0.0,2,1,1,,0
15716619,Chiebuka,580,Germany,Female,36,3,74974.89,1,1 units,1,12099.67,0
15801904,Heard,677,,Male,28,0,143988.0,2,,0,8755.69,1
15600821,Hardy,721,France,Male,₹69,2,108424.19,1,1,1,178418.35,0
15697391,Argyle,604,Spain,FEMALE,34,3,0.0 units,,1,0,38587.7,0
15650432,Liu,849,Germany,Male,41,10,84622.13,1,1,1,198072.16 units,0
15734711,,373,France,Male,42,7,0.0,1,1,₹0,77786.37,1
15627514,SHORT,688,Spain,Female,46,3,0.0,₹2,₹0,1,104902.68,0
15617655,Holt,564,Spain,Female,35,9,0.0,2,1,1,105837.38,0
15646535,Harrell,578,France,NULL,46,5,113226.47,1,1,0,56770.76,0
15772423,Liao,739,Germany,Male,54,8,126418.14,₹1,1,0,₹134420.75,1
15801431,Rowe,682,Spain  ,Female,,9,101198.01,1,1,1,49732.9,0
15748034,Drakeford,534,France,Male,29,7,174851.9,1,1,1,₹79178.31,0
15806546,,517,,Male,₹46,4,0.0 units,1,₹1,0,22372.78,0
15710105,,581,Germany,Female  ,26,3,105099.45,1,1,1,184520.0,1
15572801,Krischock,639,Spain  ,Male,34,5,139393.19,2,0,,33950.08,0
15794479,,767,Spain,Male,77 units,8,149083.7 units,1 units,1 units,1,190146.83,0 units
15630617 units,Lo Duca,727,NULL,Male,36,6,140418.81,1,1,1 units,113033.73,1
15792004,Heath,731,Spain,Female,26,3,0.0,2,1,0,37697.29,0 units
15766575 units,Larionova,612,Germany,Female  ,62,8,140745.33,1 units,1,0,193437.89,1
15605965,Henderson,630,France,Male,43,9,0.0,2,1,₹1,34338.04,
15750808,Ma,790,Spain,Male,46,2 units,131365.37,2,1,,180290.68,
15603203,Avdeyeva,650,France,Female,27,6,0.0,2,1,0,1002.39,0
15631070,Gerasimova,667,Germany  ,Male,55,9,154393.43,1,1,1,,1
15576094,Sung,743,France,Male,71,0,0.0,2,0,1,29837.65,0
15588622,Marchesi,599,GERMANY,Male,25,7,108380.72,1,₹1,1,₹79005.95,
15711219,Jennings,788,Germany,Female,57 units,8,93716.72,1,1,1,180150.49,1
15699515,Manfrin,643,Germany,Male,33,7,98630.31,2,1,1,40250.82,0
15793307,CALABRESI,724,Spain,Female,41,4,142880.28,3,0,0,₹185541.2,1
15635388,Austin,640,Spain,Male,47,6,89047.14,1,1,0,116286.25,0 units
15656484,Woods,682,France  ,Male,40,4,0.0,2,1,,,0
15736495,Jackson,712,France,NULL,34,8,114088.32 units,1,1,0,92794.61,0
15625761,Maclean,632,GERMANY,Male,₹41,,127205.32,4,1,0,93874.87,
15631756,Tuan,482,France,Female,35,5,147813.05,2 units,0 units,,109029.72,0
15596575 units,Vale,615,Germany,Male,39,₹5,113193.51,2,1 units,₹1,52166.25,0
15808905,Levan,₹823,France,Male,37,5,164858.18,1,1,1,173516.71,0
15596713,Christie,786,France,Male,37 units,7,165896.22,2,1,1,66977.68,0
15771270,North,635,FRANCE,Female,27,8,127471.56,1,1,1,152916.05,1
15783276 units,FORBES,725,France,Female,25,9,0.0,2,1,1,168607.74,0 units
15805764,Hallahan,646,France,Male,18,10,,2,0,1,52795.15,0
15677112,Chukwufumnanya,519,France,Male,39,,112957.26,2,1,0,97593.16,0
15681007,Yen,850,France,Female  ,35,2,128548.49,4,1,0,75478.95,1
15570508,Azubuike,600,France,Male,49,7,90218.9,1,1,0,91347.76,0
15682618,,535,France,Female,31,7,111855.04,2,1,1,36278.89,0
15739168,Fowler,511,France,NULL,31,5,137411.29,1,0,1,161854.98,0
15810563,Ho,678,Spain,Female,,8,0.0 units,2,1,1,159938.82,0
15604314,Webb,703,NULL,Female,₹26,1,97331.19,1,1,0,63717.49,0
15811490,French,627,France,Male,33,5,,2 units,1,1,103737.82,0
15589296,Brown,724,France,Female,40,6,110054.45,1,1,1,86950.72,0
15806918,Ireland,674,France,Male,28,5,,1,1,1,,0
15757777 units,Pai,636,France,Female,35,2 units,0.0,2 units,1,1,23129.46,0
15580213,McIntyre,585,France,Female,43,2,0.0,2,1,₹0,89402.54,0
15613085,Ibrahimova,628,Spain,Female,33,3,0.0,1,1,1,188193.25,0
15706762,Ignatyev,597,France,Female,41,4,145809.53,2,1,,52319.26,0
15646227,Folliero,682 units,France,Female,27,1,97893.2,1,1,0,166144.98,0
15717426,Armstrong,850 units,France  ,Male,36,7,0.0,1,1,1,40812.9,0
15751180,NULL,539,France,Female,40,7,81132.21,1,1,0,167289.82,0
15641715,Ts'ui,599,France,Male,34,8,₹0.0,2,1,1,174196.68,0
₹15646764,Lorenzo,617,Germany  ,Female,58,3,119024.75,2,1,0,35199.24,₹1
15688963,Ingram,731,NULL,NULL,52,10,0.0,1,1,1,24998.75,1
15654296,Estrada,754,Spain,FEMALE,₹19,9,0.0,1,1,0,189641.11,0
15766044,Cameron,642,Germany,Male,49,4,120688.61,1 units,1,0,24770.22,1
15789097,Keeley,644 units,France,Male,,8,0.0 units,2,0,1,44965.54,1
15735522,Boulger,654,GERMANY  ,Male,,₹2,145610.07,2,0,0,186300.59,0
15714586,Marcelo,646,NULL,Female,42,3,99836.47,1,₹0,1,22909.56,0 units
15704987,Lu,649,France,Female,52,8,49113.75,1,1,0,41858.43,0
15812262,GAFFNEY,808 units,Germany,NULL,37 units,2,,1,1,0,35140.49,1
15655590,GARCIA  ,581,Spain,Male,46,2,79385.21 units,2,0,0 units,188492.82,0
15814035,Lawrence,601,FRANCE,Male,29,9,0.0,1,1,1 units,80393.27,0
15657321,Arkwookerum,712,Germany,Male,27,8,113174.21,2,1,0,147261.58,0
15653773,Shaw,457,France,Female,38,7,164496.99,1,1,1,163327.27,0
15697460,Lai,596,Germany,Male,34,4,₹99441.21,2,0,1,4802.27,0
15626042,Webb,690,Spain,Female,,₹2,0.0,2,1,1,93255.85,₹0
15706199,White,636,Germany,Male,36,6,96643.32,1 units,0,0,182059.28,₹0
15663441,Golibe,700,Germany,NULL,40,4,148571.07,1,1,,189826.96,1
,DICKSON,571,France,Female,35,1,104783.81 units,₹2,0,1,178512.52,0
15733234,Moretti,777,France,Female,58,₹4,0.0,1,1,,62449.07,₹1
,Abramovich,615,France,Male,34,1,83503.11,2,1,1,₹73124.53,1
15628558,Pan,447,France,Female,44,5,89188.83,1,1,1,75408.24,0
15599182,Reynolds,597,Spain,Female,33,2,0.0 units,2 units,1,1,4700.66,0
15729668 units,Elizabeth,521,SPAIN,Male,29 units,3,60280.62,1,1,0 units,154271.41,0
15585599,Stone  ,₹530,France,Female,34 units,8,0.0,2,0,1,,0
15741745,Lane,₹757 units,France,Male,28,7,120911.75,2,1,₹1,131249.46,0
15733842,NULL,597,France,Female,24,1,103219.47 units,,1,0,60420.07 units,0
15711287,Ahmed,661,Spain,Female,35 units,5,128415.45,1,1,0,142626.49,
15806964 units,Utz,702,NULL,Male,45,0,80793.58,1,1,1,27474.81,₹0
15724536,Chin,560,Spain,Female,28,1,0.0,2,1,1,120880.72,0 units
15643679,Goliwe,784,Germany,Male,28,2,70233.74,₹2,1,1,179252.73,₹0
15717307,,496,France,Male,31,5,0.0,2,1,0,93713.13,0
15747591,Chung,665,Spain,Female,40,₹1,173432.55,1,0,,116766.79 units,0
15687540,Obiuto,684,France,Male,32 units,9,100249.41,2,0,1,67599.69,0
15794566,KIRSOVA,678,France,,₹28,4,0.0,2,1,1,144423.17 units,1
15692137 units,Jen,759,FRANCE  ,FEMALE,46,2,0.0,1,1,1,138380.11,₹0
15591150,Nwebube,570,Spain,Male,34,10,,2,0,1,183387.12,0 units
15770543,,679,France,Male,37,,74260.03,1,1 units,0,194617.98,0
15613471,Wiley,579,GERMANY,Male,31,₹2,90547.48,2 units,1,1,18800.13,0
15688251,Mamelu,767,France,Male,,1,76408.85,,1,0,77837.63,0
15653547 units,Madukwe,850,France,Male,56,7,131317.48,1,1,1,119175.45,
15751032,Enemuo,629,Germany,Female,37,1,35549.81,2,0,0,49676.33,0
15569222,Mendes,781,France,Male,32,6,147107.91,1,1,1,40066.95,0
15756992,Chukwukere,701 units,France,Male,₹37,1,0.0,₹2,₹1,0,163457.55,0
15635364,Gray,618,France,Female,49,9 units,₹44301.43 units,3,1,1,89729.3,1
15594827 units,Glasgow,675,France,,34,1,124619.33,2,0,1,163667.56,0
15639133,KU,773,France,Female,50,4,0.0,2,1,0,129372.94,0
15617065,Pan,650,Spain,Male  ,42,4,194532.66,1 units,1,0,171045.31,1
₹15810167,Scott,₹657,Spain,Male,75,7,126273.95,1,0,1,91673.6 units,0
15605275,Ofodile,725 units,Germany,Male,45,8,116917.07,1 units,0,0,173464.43,1
15584505,Hill,580,FRANCE,NULL,23,5,113923.81,2,0,0,196241.43,0
15659428,MAGGARD,520,,Female  ,42,6,0.0,2,1 units,1,34410.55,0
15667215,Chandler,678,France,NULL,31 units,2,0.0,2,1,1,58803.28 units,0 units
15608387,Fu,₹786,France,,29,4,0.0,2,1,0,103372.79,0
15623695,MCKINNON,814,France,Female,31,4,0.0,2,1,1,142029.17,0
15672467,Coles,766,France,Female,52,7,92510.9,2 units,0,1,66193.61,
15668504,Lucchesi,,France,MALE,36,2 units,89800.14,1 units,1,1,105922.69,0
15702014,Jeffrey,555,Spain,MALE  ,33,1,56084.69,2,0,0,178798.13,0
15763256,NULL,661,Germany  ,Female,64,8,128751.65,2,1,0 units,189398.18,1
15635141,Miller,598,GERMANY,Male  ,59,8,118210.42,2,0,0,60192.14 units,1
,Pagnotto,491,France,Female,68,3,107571.61,1,₹0,1,113695.99,0
15721658,Fleming,672,SPAIN,Female,56,2,209767.31,2,1,1,150694.42,1
₹15569666,Goddard,517,FRANCE,Female,45,4,0.0,1,0,₹0,,1
15695474,Barker,583,FRANCE,Male,33,7,122531.86,1,1,0,13549.24,0
15631685,Lambert,523,Germany,Male,60,1,163894.35,1,,1,57061.71,0
15769064,Marshall,537,Germany,Male,39,3,135309.36,1,1,₹0,31728.86 units,1
15759991,Hunter,₹748,Spain,Male,36 units,4,141573.55,1 units,1,0,82158.14,0
15780770,Kerr,445,France,Male,31,7,145056.59,1,1,1,175893.53,0
15761340,Bullen,521,France,Male,22,5 units,0.0,2,1,1,99828.45,0
15612087,Dike,671,France,Male  ,45,2,106376.85 units,1,0,1,158264.62,0
₹15700965,Toscano,724,France,Female,32,6,0.0,2,1,1,₹150026.79 units,0
15736154,Gallo,823,France,Female,44,₹1,0.0,2,0 units,1,182495.7,0
15681439,Tsou,775,Germany,Male,25,10,60205.2,2,1,0,14073.11,0
15742607,Ermakov,850 units,Germany,NULL,36,7,102800.72,1,1,1,87352.43,0
15567013,De Luca,779,Spain,Male,33,3,0.0,2,1,0,30804.68,0
15762123,Davide,717,Spain,Female,34,1,0.0,2,1,0,119313.74,0
15650575,Payne,720,Spain,Female,59,6,0.0,2 units,1,1,160849.43,1
15594917,Miller,676,France,Female,34,1,63095.01,1,1,1,40645.81,0
15600975,Chiemenam,,NULL,Female,54,4 units,150005.38 units,1,1,0,,1
15746662,MADUABUCHIM,568,Spain,Female,27,1,₹116320.68,1 units,0 units,1 units,45563.94,0
15695299 units,Mordvinova,590,FRANCE,Female,45,2 units,81828.22,,1,0,,0
15786800,NULL,723,Germany,Male,52,5,,₹1,0,1,92873.5,₹1
15653404,Aliyev,684,Spain,Female,24,9,79263.9,1,0,₹1,196574.48,
15737741,McKay,607,Spain,Female,33,2,108431.87,2,0,1,109291.39,
15709232,McKay,586,Germany,Female,47 units,5,157099.47,2,1,1,65481.86,0
15609899,Obiora,548,Spain,Male,37,4,0.0,1,1,0,121763.68,0
15782608 units,Huang,743,France,Male,43,5 units,0.0,2,0,0,113079.19,1
15617486,Sullivan,530,France,Male,52,1,106723.28,1,0,0,109960.4,1
15712121,NULL,657 units,SPAIN,Male,34,5,154983.98,₹1,1,0,27738.01,0
15642579,Chang,731,Spain,Female,37,,128932.4,1,1,1,180712.52,0
15597591,Lung,456,France,Male,29,5,107000.49,1,1,1,153419.62,0
15644878,Hill  ,685,Spain,Female,,6,117302.62 units,1,0,0,68701.73,0
15754012,Shepherdson,687,FRANCE,Female,35 units,1,110752.15,2,1,1,47921.22,0
15651823,Nkemjika,590,France,Female,60,6,147751.75,1,1 units,₹0,88206.04,1
,Romero,587,Germany,NULL,32 units,3,125445.04,2 units,1,1,130514.78,0
15696054,Tychonoff,596,France,NULL,37 units,2,0.0,1,0,1,121175.86,0 units
15717185,Udinese,711,France  ,Male,28,8,0.0,2,1,1 units,64286.39,0
15757916,Amaechi,600 units,France,Female,38,9,0.0,₹2 units,1,1,58855.85,0
,Bryant,641,France,Female,48,3,147341.43,1,1,1 units,157458.61,1
15760216,Pokrovskaya,718,FRANCE,Female,49,10,0.0,,1,0,184474.72,1
15597394,Rhodes,668,Spain,Male,34,0,0.0,1,0,0,99984.86,0
15792679,Troupe,575,France,Male,24,2,0.0,2,1,1,119927.81,0
15722692,Kazakova,464,France,Male,₹38,3,116439.65,1,1,0,75574.48,0
15751120,Loyau,752 units,France,Female,,2,119912.46,1,1,0,124354.92,0
15721715 units,Fane,769,,Female,40,9,133871.05,₹1,1,1,50568.02,0
15808674,Ejikemeifeuwa,616,Germany,Female,45,6,128352.59,3,1,1,144000.59,1
15763874,Ho,635,Spain,Male,46,8,₹0.0,2,1,,₹60739.16,0
₹15741416,Yegorov,707,France,Male,42,2,16893.59 units,1,1,1 units,77502.56,0
15638159,Trentino,649,Spain,Female,36,6,₹86607.39,1,0,0,19825.09 units,0
15691871,Millar,503,Germany,MALE,42,9,,1,1,1,151336.96,0
15625941 units,GRAY,682,Spain,Female,50,10,128039.01,1,1,1,102260.16,0 units
15722731 units,Manna,653,France,Male,46,0,119556.1,1,1,0,78250.13,1
15747807,Gallagher,720,France,Female,43,6,137824.03,2,1,0,172557.77,0
15791111,Fink,635,NULL,Female,47,2,,2,1,0,63236.97,0
15636023,O'Donnell,619,France,Female,40,10,0.0,₹1,1,1,147093.84 units,1
15611338,Kashiwagi,714,SPAIN,Male,29,4 units,0.0,2,1,1,37605.9,0
15796114,Phelps,594,France,Female,34,7,141525.55 units,1,0,0,9443.15,0
15800295,Cruz  ,644,GERMANY,Male,34,9,112746.54,2,0,0,₹141230.07,0
15579207,,545,France,Male,37,3,91184.01,1,1,0,105476.65,0
15759244,Boone,687,Germany,Male,44,8,95368.14,2,1,,1787.85,0
15649124,Fang,₹850,France,NULL,30,9,,1,0,,40313.47,0
15684211,Creel,704,Spain,Female,44,9,153656.85,1,1,0,158742.81,0
15663164,Yudin,663,Germany,Male  ,49,,116150.65,3,1,1,84358.71,1
15720676,Bukowski,700 units,France,Female,,7,0.0,2,1,0,17040.82,0
15809999,Gordon  ,709 units,France,Female,41,3,150300.65,2,1,0,71672.86,0
15570086,Lynch,684 units,Germany,,18 units,9,,1,0,,4777.23,0
15696539,,613,France,Female,21,7,105627.95,1,1,1,36560.51,0
15584967,Chiganu,596,Spain,Male,57,,0.0,2,1,1,₹72402.0,0
15679453,Hung,₹614,Germany,Female,39,8,₹125997.22,1,1,1,128049.34,1
15709476,Kenyon,850,Spain,Female,41,3,99945.93,2,1,0,71179.31,0
15578787,Goddard,641,France,FEMALE,52,4,0.0,1,1,0,90964.54,1
15733883,Ward,604,France,Male,28,7,0.0,2,0,,58595.64,0
15606436,BERGAMASCHI,500,Spain,MALE,38,7,0.0,2,0,0,192013.23,0
15762048,YUAN,841,Germany,Female,33,₹7,154969.79,2,1,1,99505.75,0
15689061,Davey,611,France,Male,68,5,82547.11,2,1,1,146448.01,0
15612050,Castiglione,556,Spain,Female,48,8,168522.37,₹1,1,1,151310.16 units,0
15689671,Packham,775,Spain,Male,27,4,0.0,1,,1,40807.26,0
15768474,Clements,744,,Male,34,3,0.0,2,1,0,27244.35,0
15727317,Brady,533,Germany,Female,₹49,1,,3,1,0,69409.37,1
15682868 units,Elliott,850,France,Female,40,9,99816.46,1,1,1,163989.66,1
15596800,HILL,779,Germany,Male,33,1,158456.76,1,1 units,1,197000.92,1
,KOMAROVA,559,France,Male,33 units,9,111060.05,2,1,0,110371.84,0
15682084,Chinomso,680,France,MALE,31,9,0.0,2,1,0,36145.53,0
15568104,Zubarev,749,France,Female,26,6,0.0,2,0,1,34948.77,₹0
15610900,,₹770,France,,70 units,9,110738.89 units,1,1,0,22666.77,1
15778287 units,Ugoji,622,France,Male,35,8,0.0,2,1,1,131772.51,0
15585580,Chang,796,GERMANY,Female,52,9,167194.36,1 units,₹1,1,₹62808.93,1
,King,769,Germany,Female  ,31,7,148913.72,2,1,0,53817.23,₹0
15770424 units,Onyeorulu,541,Germany,,40,7,95710.11,2,1,0,49063.42,0
15780966,,709,France,Female,,2,,2,0,0,109681.29,0
₹15700656,BALASHOVA,662,,Male,32,9,0.0,2,0,0,65089.38,0
15597949,Gilbert,768,Germany,FEMALE  ,47,₹5,104552.61,1,1,₹0,48137.08,1
15776233,Kruglova,758,Germany,Female,₹61,8,125397.21,₹1,1,0 units,182184.09 units,1
15686060 units,CHOU,670,Germany,MALE,43,9,111677.88,1,1,0,178827.3,1 units
15565891,DIPIETRO,709,FRANCE,Male,39,8,0.0,2,1,0,56214.09 units,0
15668270,Thompson,587,Germany,Female,44,5,125584.17,2,1,1 units,41852.24,1
15646942 units,Meng,786,,FEMALE,39,7,0.0,2,0,0,100929.59,0
15791172,Yeh,672,Germany  ,Female,21,1,35741.69,1,₹1,0,28789.94,0
15757829 units,Timperley,609,Germany,Female,40,10,137389.77,2,1,0,170122.22,0
15734674,Lin,593,France,Female  ,41,6,0.0,1,,0,65170.66,0 units
15725036,NULL,709,France,Male,42 units,9,118546.71,1,0,₹1,77142.85,0 units
15639077,Marchesi,622,NULL,FEMALE,₹30,2,₹158584.82 units,3,1,0,142342.55,1
15650751,Butler,585,France,Female,30,6,0.0,2,1 units,1,137757.69,0 units
15616709,Bunton,587,Germany,Female,38,₹0,132122.42,2,0,0,31730.32,0
15692918,Hsing,604,Germany,Male,36,10,113546.3,1,1,1 units,134875.37 units,0
15768746,McLean,561,NULL,Male,33,6,0.0 units,2,0,0,173680.39,0
15747878,Aiken,739,Spain,Male,60,4,0.0,,1,1,51637.67,0
₹15669064 units,Mazzanti,671,Germany,Male,35,1,144848.74,1,1,1,₹179012.3,0
15749167,Fisk,753 units,FRANCE,Male,35 units,3,0.0,2,1,1 units,184843.77,0 units
15642137,Fang,695 units,Spain,Female,39,5,0.0,2,0,₹0,102763.69 units,0
15588090,Ferri,726,Germany,Female,,8,107494.86,2,1,0,140937.91,1
15600832,Moss,508,France,Female,43,9,0.0,₹1,1,0,103726.71,0
15747542,Perez,605,France,Male,52,7,0.0,2,,1,173952.5 units,0
,Cocci,804,France,Female,50,,0.0,1,1,1,8546.87,1
15698462,Chiu,532,France,MALE,36,4,0.0,2,1,1,132798.78,0
15627305,Pan,606,Spain,Male,,7,0.0,1,1,0,106837.06,1
15665695,NULL,594,France,FEMALE,49,4,0.0,2,1,1,23631.55,0
15625461,Amos,,France,Female,,1,187841.99,2,1,1,,
15735909,McDonald,607,Germany,Female,39,8,105103.33,1,1,0 units,104721.5,1
15585533,CALABRESE,679,France,NULL,36,6,147733.64,1,0,1,172501.38,0
,OSITADIMMA,734 units,SPAIN,Female,39,6,92126.26,2,0,0,112973.34,0
15786063,,776,France,Female,31,2,0.0,2,1,1,112349.51,0
15772073,Hodge,664 units,France,Male,48,10,0.0,1,1,0,140173.17,1
15766137,Muir  ,497,France,Male,34,2,0.0,2,1,1,83087.13,0
15716328,Miller,501,France,,40,2 units,0.0,2,0 units,0,141946.92,0
15659064,SALAS,790,Spain,Male,37,8,,2,1 units,1 units,149418.41,0
15595324,Daniels,579 units,Germany,Female,39,5,117833.3,3,0,0,5831.0,1
15715941,Lueck,692,France,Male,54 units,,0.0,2,1,1,88721.84,0
15617252,Lung,697,France,Female,33,1,87347.7,1,1,0,172524.51,0
15622729,Sun,649,France,Female,46,2,0.0,2,1,1,66602.7,0
15638963,Garran,678,France,Female,22,4 units,174852.89,1,1,₹1,28149.06,0 units
₹15631072,Huie  ,690,France,Male,38,1,₹94456.0,2 units,0,₹1,55034.02,0
15658360,Gregory,,Spain,Male,35,9 units,122929.42,2,0,0,149822.04,0
15787229,Samsonova,761,Spain,Female,34,2,₹0.0,2,1,0,61251.25,0
15740043,Young,606,France,Male,32,5,83161.65,1,1,1,116885.59,0 units
15608916,Ndubueze,573,France,Male,40,7,147754.68,1,,1,110454.46,0
15598744,Ch'ang,576,Germany,Female,₹71,6,140273.47,₹1,1,1,193135.25,1
15626143,Talbot,695 units,France,Male,37,2,0.0,2,1,₹1,99692.65,0
15774127,Potter,518,France,Male,46,3,0.0,2,1,0,76515.79 units,0
15580252,NULL,748,FRANCE,Male,,4,112610.77,1,₹0,1,2048.55,0
15596979,Fang,662,FRANCE  ,Female,47,6,0.0,2,₹1,1,129392.75,0
15627298,Vinogradova,589,FRANCE,Male,₹37,7,85146.48,2,1,0,86490.09,1
15739160,Mahon,849,France,Female,41,9,115465.28,1,1,0,103174.5,0
15624519,CALABRESE,656,Germany,Female,49,9,97092.87,₹1,1,0,74771.22,₹1 units
15644501,Enyinnaya,579,France,NULL,26,10,162482.76,1,1,1,18458.2,0
15722212,EDMONDSTONE,696,France,Female,41,8,0.0,2,0,0,28276.83,0
15720508,Hsing,735 units,FRANCE,Male,31,3,119558.35,1,0,,72927.68,0
15647572,Greece,504,Spain,Male,34,₹0,54980.81,1,1,1,136909.88,0
15782096,Volkova  ,616,Spain,Female,36,6,0.0,₹1,1,1,12916.32,1
15774316 units,NULL,630,FRANCE,Male  ,37,6 units,0.0,2,1,1,82647.65,0
15792525,Lei,628,Germany,Female,61,1,97361.66 units,1,1,1,149922.38,1
15626008,Miller,622,Germany,Female,52,,111973.97,1,1,1,162756.29,1
15583725,MAIRINGER,682,France,Male,₹48,1,₹138778.15,1 units,0,1,168840.23,0
15705009,NULL,649,FRANCE,Female,56,8,156974.26,1,1,0,89405.26,1
15729040,LAMB,440,France,Male,42,₹2,0.0,2,1,0,49826.68,0
15721024,Wickens,642,FRANCE,Male,26,0,0.0,1,0 units,0,47472.68,0 units
15592816,Udokamma,623,Germany,Female,48,1,₹108076.33 units,1,1,0,118855.26,1
15589380,FRASER,713,Germany,Male,40,3,114446.84,2,1,1,87308.18,0
₹15637118,Burns,684,France,NULL,33,4,140700.61,1,1,0,103557.93,0
15748856,Liang,664,NULL,Male,32,10,107209.73,1,1,1,112340.2,0
15599152,Lai,698,France,Male,31,1,156111.24 units,1,0,0,134790.74 units,0 units
15591036,Genovesi,577 units,Germany,Female,43,3,127940.47 units,1,0,0,125140.72,1
15810485,Sun,486,Germany,Male,37,1,101438.0,1,0,0,51364.56,0
15649183,Johnston,598,Spain,Female,35,8,0.0,3,0,1,₹88658.73,0
15598521,Ma,580,Germany,FEMALE,33 units,7,131647.01,2 units,0,0,79775.19,0
15743075,KO,659,France,Male,35,6,0.0,2,1,1,58879.11,0
15740411,Molle,636,Germany,,₹30,8,₹141787.31,2,1,1,109685.61,0
15606613,Samson,655,France,Female,59,7,0.0,1,1,0,88958.49,1
15710366,Hamilton,569,Spain,Female  ,42,1,0.0,1,₹1,1,83629.6,1
15611961,Stewart,615,France,Male,35 units,7,0.0,2,1,0,150784.29,0
15743490,Zikoranachidimma,795,Germany,Female,56,9,94348.94,1,1 units,0,29239.29,1
15615091 units,Maitland,691,France,Male,₹24,6,0.0,2,1,1,₹92811.2,₹0
15588449,Chuang,591,Spain,Female,27,5,107812.67,1,0,,162501.83,₹1
15632859,NULL,444,France,Male,36 units,7,0.0,2,0,1,138743.86,0
15600911 units,Mbadiwe  ,712 units,France,Male,33 units,2,182888.08,₹1,,0,3061.0,0
15727059,Lettiere,476,France,NULL,40,4,0.0,2,0,0,182547.04,0 units
15686780,Rogova,645,SPAIN,Female,55 units,1,133676.65,1,0,1,17095.49,0
15750407,Hunt,768,Germany,Female,43,2,₹129264.05,2,0,0,19150.14,0
15710053,Neumayer,667,Germany,Female,44,5,140406.68,,0,1,57164.19,0
₹15577018 units,NULL,,Germany,Female,26,2,114035.39,1,0,0,96885.19,0
15666200,Lombardo,689,,Female,40,1,0.0 units,2,1,1,119446.64,0
15600106,Wei,631,France,Male,36,1,0.0,2,0,0,133141.34 units,0
15705899,Craig,597,Spain,,35 units,0,127510.99,1,1,1,155356.34 units,0
15754168,McIntosh,506,France,Female,₹40,3,0.0,1,1,1,144345.58,0
15685654,Allan,514,Spain,Male,66,9,0.0,2,1,1,14234.31,0
15632050,Liebe,779,France,Female,41,10,99786.2,1,₹1,0,86927.53,₹0
15606901,Graham,728,France,Male,43,7,0.0,2,1,0,40023.7,0
15581102,Baresi,554,France,Female,22 units,8,0.0,2,,1,142670.61,0
₹15642160,MILANESI,850,France,NULL,38,5,0.0,2,1,0,₹16491.64,0
15798084,MURRAY,688,,Male  ,26,0,₹0.0,2,1,0,105784.85,₹0
15774133,Cox,706 units,France,Female,35,8,178032.53,1,,1,42181.68,0
15571752,Romani,668 units,Germany,Female,32,10,92041.87,1,1,1,43595.9,0
15606177 units,Crawford,672,France,Male,39,,0.0,2,1,0,87372.49,0
15574352,Clogstoun,850,FRANCE,Male,43,4,161256.53,1,1,1,140071.57,0
15730360,Mackenzie,502,,Male,30,4,0.0,2,1,1,,0
15741092,Ingram,671,NULL,Male,34,10,153360.02,1,1,0,140509.86,0
15735080,Cummins,508,France,Female,64,2,0.0,1 units,1,1,6076.62,0
15773876,TUNG,655,France,Female,34,3,0.0 units,2,₹1,0,159638.77,0
15623053,Muir,₹454,Spain,Male,40,₹2,123177.01,₹1,₹1,0,₹148309.98,0
15591286,Simmons,731,NULL,Female,49,4,88826.07,1,1,1,33759.41,1
₹15679249,Chou,351,NULL,FEMALE  ,57,4,163146.46 units,1,1,0,169621.69,1
₹15643438,P'ENG,850,France,MALE,20,7,0.0 units,2,1,0,31288.77,0
15728523,Rizzo,₹522,France,Male,41,5,144147.68,1,1,1,14789.9,0
15737173,Andrews,497,Spain,Male,24 units,3,0.0,2,,0,76390.01 units,0
15706365,Bianchi,648,,Female  ,50,9,102535.57,1,1,1,189543.19,0
15638513 units,Palermo,723,France,Female,40,7,142856.95,2,0 units,0,38019.74,0
15767954,Osborne,635,Germany,NULL,28,3,81623.67,2,1,1,156791.36,0
15794916,Pirogov,725,France,Male,41,7,113980.21,1,1,1,116704.25,0
15761854,Burn,746,France,Female,24,,0.0,1,₹0,₹1,94105.0,0 units
15709354,TUDAWALI,521,France,Female,41 units,2,₹0.0,2,1 units,1,113089.43,
15614893,NULL,689,SPAIN,Male,38,2,₹0.0,1,1,1,82709.8,0
15591995,Barry,757,NULL,Male,26,8,121581.56,2,1,1,127059.04,0
15570289,Benson,697,Germany,Male,43,8,103409.16,1,1,0,66893.28,1
15631267,Lu,641,France,Male  ,₹50,6,153590.73,2,1,1,130910.78,0 units
15583764,Wilkes,791,Germany,Male,31,1,130240.33,1,0,0,96546.55,0
15811588,Eluemuno,664,Spain,Female,,7,187602.18 units,1,1,0,186392.99,1
15680666,BERRY,579,Spain,Female,39,2,151963.26,2,1,0,158948.63 units,0
15643908,Turnbull,433,NULL,Female,49,10,0.0,1,1,₹1,87711.61,0
15657637,NULL,696,SPAIN,Female,36,3,0.0,3,1,0,65039.9,0
15685300 units,MENG,603,France,Male,35,6,128993.76,2,1,₹0,130483.56,0
15684469,HSIUNG,841,Germany,Male,32,,117070.21,1,1,0,113482.2,0
15582016,Fiorentini,766,Spain,Male,41,6,99208.46,2,1,0,62402.38,0
15800784,Bruce,645,France,Male,,4,98298.18,1,1,1,676.06,₹0
15578738,Tuan,609,France,MALE,32,7,71872.19,1,1,1 units,151924.9,0
₹15570835 units,Fallaci,491,Germany,Female,57,4,112044.72,1,1,1,41229.73,1
15628715,,709,France,Female,36 units,8 units,0.0,2 units,1,1,69676.55,0
15658969,Gray,711,France,Male,51,7,0.0,3,1,0,38409.79,1
₹15756471,Giles,656,Germany,Male,27,4,118627.16,2,,1,₹160835.3,0
15786170 units,Tien  ,659,France,NULL,31,4,118342.26,₹1,0,0,161574.19,0
15575748,Conti,809,France,Male,36,9,68881.59,2,0,1,109135.11,₹0
,Palmer,828,Spain,Male,28 units,8,134766.85,1,1,0,79355.87 units,0 units
15792565,DUNCAN,745,France,Female,46,7,0.0,2,1,1,67769.94,0 units
15767432,Ts'ai,711,France,NULL,25,7,0.0,3,1,1,9679.28,0
15741195,Okechukwu,613,Spain,Male,19,,0.0,1,1,₹1,176903.35,0
15639117,Sorenson  ,624,SPAIN,FEMALE,34,6,0.0,1,₹1,0,582.59,1
15720305,Power,591,Spain,FEMALE,40,1,86376.29,1,0,1,136767.16,1
15763625,Hazon,793,Spain,Male,₹41,9,0.0,2,1,0,,₹0
15620936,Warren,787,France  ,Male,32,4,₹0.0,2,1,1,13238.93,0 units
15715988,Cockett,793,France,Male,35,2,0.0,2,₹1,1,79704.12,0
15701121,HOLT,521,France,MALE,38,5,110641.18,1,0,1,136507.69,1
15759184,Russell,705,France,NULL,34,7,117715.84,1,1,0,2498.67,0
15594349,Streeten,850,France,NULL,49,5,122486.47,1,0,1,59748.19,0
15661830,Lucciano,750,Spain,Female,36,6,0.0,2,1,1,59816.41,0
15571873,,₹655,France,Male,24,9,107065.31,1,₹1,1,51959.82,0
15638047,Chia,613,Germany,FEMALE,45,9,142765.24 units,2,1,0,34749.65,0
15771543,Tu,507,Germany,Male,31,2,134237.07,1,1,1,166423.66,1
15641110 units,Abron,708 units,France,Male,41,0,0.0,1,1,0,128400.62,0
₹15764419,Langdon,730,France,MALE,27,5,0.0,2,1 units,₹1,,0
15733444,Phillips,736,France,Female,29,9,0.0 units,2,0,₹0,176152.7,0
15608886,Okwudiliolisa,,France,Female,33,1,0.0,2,0,0,₹69608.48 units,0
,North,824,France,Male,26,7,146266.0,1,1,0,21903.62,1
15737489,,610,Spain,Female,46,5,116886.59,1,0,0,107973.44,0
15812594,Ross,791,France,Male,34,7,0.0,2 units,1,0,96734.46,0
15812920,Nwabugwu,607 units,Germany,Male,40,5,90594.55,1,0,1,181598.25,0
15663706,Leonard,777,France,Female,32,2,0.0,,1,0,136458.19,1 units
15792646,Trentino,647,Spain,Female,64,1,91216.0,₹1,1,,41800.18,0
15752186,Padovano,562,France,Female,27,3 units,0.0,2,1,0,28137.03,₹0
15745295,Gether,727,Spain,Female,31,0,0.0,1,1,0,121751.04,1
15795224,Wu,760,France,Male,39,6,178585.46,1,1,0 units,₹67131.3,1
15696047 units,Chimezie,501,France,Male,35,6,99760.84 units,1,1,1,13591.52,0
15672144,Mao,667,France,FEMALE,38,6,144432.04,1,1,₹1,73963.17 units,1
15724444,Wall,567,France,NULL,38,₹1,,2,1,1,107841.77,0
15698932,Groves,,Germany,NULL,44,10,137452.09,1 units,₹1,0,189543.9,₹0
15752912,Perkin  ,661,France,Female,30,7,0.0,2 units,1,0,72196.57,0 units
15601892,Hunter,563,France,Male,33,8,0.0,2,0,1,68815.05,0
15611682,NULL,590,Spain,Male,37,6,169902.92,1,1,1,128256.18,0 units
15606158,Genovese,₹644,France,Female,39,9,0.0,1,1,0,3740.93,0
15701412,T'ien,739 units,France  ,Male,40,4,0.0,2,0,0,173321.65,0 units
15585961,Talbot  ,496,NULL,Female,43,3,0.0,2,0,1,199505.53 units,0
15748660,Ellis,561,Germany,Female,49,1,102025.32,1,1,0,133051.64,1
15775294,Weber,692,France,Female,31,2 units,0.0,2,1,0,91829.17,1 units
15754599,K'ung  ,765,France,Male,42,4,123311.39,2,1,1,82868.34,0
15671609,Ibeabuchi,701,France  ,Male,44,7,0.0,2 units,1,0,23425.78,0
15601848,Scott  ,594,France,Male,35 units,2,0.0,2,₹1,0,103480.69 units,0 units
15658067,Walker,636,Germany,Female,48,3,120568.41,1,1,₹0,190160.04 units,1
15589563,Purdy,531,Spain,Male,31,2,118899.45,2,0 units,0,41409.36,0
15709295,Wall,697,Spain,FEMALE,,5,82931.85,2,1,1,128373.88,
15744295,Hao,756,France,Male,40,1,94773.11,1,1,0,114279.63,
15595991,Hsiung,585,France,Male,54,8,87105.32,1,1,1,55346.14,0
15646720,NULL,628,Spain,Female,55,7,0.0,3,1,,85890.75,1 units
15801169,Yegorova  ,764,Germany,Female  ,39,9,138341.51,1,1 units,0,50072.94,1
15742879,Boni,668,Spain,Male,,1,147904.31,1,1,₹1,69370.05,0
15597602 units,Nwachinemelu,619,Germany,,57 units,3,137946.39,1,1,1,72467.99,1
15770631,Sutherland,₹730,Spain,MALE,25,5,167385.81,1 units,1,1,56307.51,0
15757632,Hughes-Jones,496,France,,41,1,176024.05,2,1,0 units,182337.98,0
15661219,Trentino,627,France,NULL,32,10,0.0 units,2,1,0,103287.62,₹0
15568429,Mitchell,633,Spain,FEMALE,46,3,0.0,2,1,0,120250.58,0
15776128,Hs?,716,FRANCE,Female,44,6,155114.9,1,₹0,0,133871.83 units,0
15803005,Wallace,570,Germany,Female,57,5,86568.75,1,0,1,103660.31,0
15641319,Afanasyeva,518,Spain,Male,50,4,0.0,1 units,0,₹0,107112.25,1
15801152,Hill,553,Spain,Female,39 units,1,142876.98,2,1,0,44363.42 units,0
15591509,Milano,690,France,NULL,36,7,101583.11,2,1,0,123775.15,0
15610594,Moss,644,France,Female,37 units,8,0.0,2,1,0,20968.88,0
15623944,T'ien,₹511,Spain,Female,66,4,0.0,1,1,₹0,1643.11,1
15795519,Vasiliev,716,Germany,Female,18,3,128743.8,1,0,0,197322.13,0
15718057,Onyinyechukwuka,760,France,Female  ,51,2,100946.71,1,0,0,179614.8,₹1
15605037,Ting,818,France,Female,49,₹2,0.0,1,0,1,192298.84,₹1 units
15793424,Tan,663,Spain,Female,28,8,61274.7,2,1,0,136054.45,0
15566563,Duigan,777,France,Female,30,4,₹137851.31,1,1,₹0,5008.23,
15611247,McKenzie,481,France  ,Female,28,10,0.0,2,1,0,145215.96,0
15665802,Li Fonti,642,Spain,FEMALE,36,6,0.0,,1,1,97938.59,0
15588019,Li Fonti,418,France  ,NULL,28,7,98738.92,1,1,0,122190.22,0
15607133,Shih,,Spain,NULL,49,1,110864.38,2,1,1,124532.9,1
15667742,Vincent,627,Spain,Male,41,5,100880.76,1,0,1,,0 units
15610042,Brown,574,France,Male,33,8,100267.03,1,1,0,103006.27,0
15766659,Okwudilichukwu,525,,Male,33,5,0.0,2,1,0,161002.29,0
15744109,Hartung,850,France,Male,32,4,0.0,1,1,1,,0
15756299 units,Davis,741,France,Female,64,2,69311.16,1,₹1,1,59237.72,0
15637593,Greco,722,France,Male,20,6,0.0,2,1,0,195486.28,0
15652667,Hampton,590,France,Male,₹39,9,0.0,2,1,1 units,,0
15612633,Kao,581,Spain,Male,43,9 units,78022.61,1,0,1,30662.91,0
15794278,Romani,816,Spain,Male,67,6,151858.98,1 units,1,1,72814.31,0
15717962,Ch'iu,773 units,Spain,Male  ,63,,111179.83,1,1,1,93091.02,0
15737627,Rivero,589,Germany,Female,20,2,121093.29,2,1,,3529.72,₹0
15656188,Davis,584,SPAIN,Female  ,30,5,0.0,2,1,1,185201.58,0
15605072 units,Douglas,638,France,Female,43,3,145860.98,1,1,₹1,142763.51,1
15662263,Castillo,749,NULL,Male,22,4,94762.16,2 units,1,1,42241.54 units,0
15718773,Pisano,638,France,Female,32,₹0,0.0,2,1,0,160129.99,0 units
15596136,Folliero,637,FRANCE,Female,36,9,166939.88,1,1,1,₹72504.76,0
15671358,Fletcher  ,720,France,Male,44,4 units,0.0,2,1,0,163471.01,0
15655232,Noble,437,Germany,Male,35,6,126803.34 units,2,1,1,161133.4,0
₹15617082,Sanders,516,France,Male,33,7,115195.58 units,₹1,1,,11205.5,0
15762729,Ukaegbunam,745,Germany  ,Female,28,1,111071.36,1,1,0,₹73275.96,1
15807167,Konovalova,635,France,Male,42,₹1,146766.72,2 units,0,1,164357.1,0
15572408,Chambers,714,Germany  ,Male,39,3 units,149887.49,2,1,0,63846.36,0
15800083,Macdonald,559,France,Male,45,8,24043.45,1,0,1,₹169781.45 units,1
15691950,Parry,591,France,Male,49,3,0.0,2 units,1,,50123.44,0
15723685,Ekechukwu,601,Germany,Female,26,7,105514.69,2,1,0,,0
15801548,Buckland,661,France,Female,31,7,144162.3,₹2,₹1,1,14490.79,0
15706593,Ellis,850,Spain,Female  ,50 units,10,0.0,2,₹1,1,33741.84,0
15798429,Hernandez,741,France,Male,29,8,0.0,2,1,1,115994.52,0
15792228,Onwumelu,748,France,Male,60,0,152335.7,1,1,,126743.33,1
15646558,Clamp,₹611,Spain,Male,,1,122874.74,1,1,1,149648.45,0
15609458,Vincent,797,France,Male,30,10,69413.44,₹1,,1,74637.57,
15575119,HUGHES,779,France,Male,71,3,0.0,2,1,1 units,146895.36,1
15785352,Chang,606,,Male,37,6 units,82373.94,1,₹0,0 units,172526.9,1
₹15809837,Kent  ,430,Germany  ,Female,66,6,135392.31 units,2,1,1,,
15624866,Brewer,658,Germany,Male,37 units,,168735.74,2,0,0,70370.24,0
15595221,Trevisano,850,GERMANY,Female,33,7,134678.13,1,1,0,113177.95,0
15802118,Ignatieff,664,SPAIN,Male,41,7,123428.69,1,1,1,164924.11,
15725835,West,785,Germany,Female,32,3,124493.03,2,0,1,52583.79,1
₹15747677,Gordon,656,Spain,Male,69 units,6 units,163975.09,1,1,1,36108.5,0
15711742,Mason,708,France,FEMALE,34,4,0.0,1,1,1,62868.33,0
15617476,MANFRIN,546,FRANCE,Female,30,5,₹0.0,2,0,1,198543.09,0
15739054,Y?  ,654,France,Female,29,4,96974.97,1,0,1,141404.07,0
15590094,Nwachukwu,613,Germany,Male,38,9,126265.88,2,0,0,15859.95,0
15647807,Wyckoff,642,France,Male,,8,109219.83,1,1,0,52827.51,0
15781465,Schofield,675,Germany  ,Female,29,8,₹121326.42,1,1,0,,0
15656707,Ma,720,Spain,Male,21,2,123200.78,1,1,1,180712.28,
15632538,Watson,658,Spain,Female,32,5,145553.07,1,1,1,31484.76,0
15758031,Lazarev,760,SPAIN,,38,3,91241.85,1,0 units,1,₹80682.35,0
15598982,Klein,602,GERMANY,Female,53,5,98268.84,1,0,1,45038.29,1
15757434,Yang,599,France,MALE,28,7,119706.22,1,0,,31190.42,0
15749050,Justice,548 units,France,Female,36,3,0.0,1,1,0,65996.9,0
15798960,Meng,680,FRANCE,MALE,,2,108393.35,1,0,1,39057.67,0
15699486,,745,Spain,Male,34,7,132944.53,1,1 units,1,₹31802.92,0
₹15576304,Bailey,698,France,MALE,29,5,95167.55,1,1,1 units,152723.23,
15610903,Chukwueloka,,Spain  ,Female,31,5 units,125341.69,1,1,0,79547.39,0
,Cole,670,France,Female,41,10,₹0.0,₹3,₹1,0,81602.02,0
15566633,Freeman,698,Germany,Male,55,8,155059.1,₹2,1,1,,0
15687413,,619,Spain,FEMALE,38,6,0.0,2,1,1,117616.29,0
15662203,Bremer,,Germany,Female,42,3,137560.38,2,1,1,85424.34,0
15591257 units,EJIMOFOR,796 units,France,Male  ,24,8,0.0,2,1,0,61349.37,0
15796336,Chang,786,Spain,NULL,34,9,0.0,2,1,0,117034.32,0
15705298,L?,697,Germany,Male,29,0,172693.54,1,0,0,141798.98,₹0
15728352,Yermakov,623,France,Male,27,4,120509.81,1,0,0,142170.44,0
15660611,Gallo,748 units,Spain,MALE,₹39,3,0.0,2,1,1,123998.52,₹0
15733169,CRAIG,590 units,Spain,Male,22 units,,125265.61,1,1,1 units,161253.08,0
15727944,Simpkinson,701,GERMANY,Female,,1 units,92072.68,1,1,1,133992.36,0
15654222,Ogg,757,Spain,Male,30,3,145396.49,1,0,1,198341.15,0
15752601,MCCULLOCH,578,France,Female,40,7,,2,0,0,102233.73,0 units
15623063,NULL,651 units,Germany,Male,35,8,110067.71,1,1,0,127678.95,1
15634719,Chinwendu,704,France,Male,,0,0.0,2,1,0,183038.33,0
15711254,Retana,452,France  ,Female,₹35,7 units,0.0,2,1,0,164241.67,0
15808662,Krylov,624,France,Male,44,3,0.0,2,1,0,88407.51,0
15661473,Boni,780,Germany  ,,51,4,126725.25,1,1,0,195259.31,
15752342,Bradley,704,NULL,Female  ,54,,133656.91,3,1,0,145071.33,1
15785798,Uchechukwu  ,850,France,MALE,40,9,0.0,₹2,0,1,119232.33,0
15654700,Fallaci,523,France,Female,40,2,102967.41,1,1,0,128702.1,1
₹15719508,Davis,575,Germany,NULL,₹49,7,121205.15,4,1,1,168080.53,1
15632446,Allan,667,France,Male  ,24,4,0.0,2,0,0,₹180329.83,0
15651664,Wilder,615,France,Female,61,1,104267.7,1 units,1,0,62845.64 units,1
15732334,Black,653,France,Female,40,0,0.0,₹2,1,0,35795.85,0
15668830,Wan,650,Spain,Male,24,8,108881.73,1,1,0,104492.83,0
,Uspensky,704,France,Female,40,6,95452.89,1,0,1,179964.55,0
15729557,OLISAEMEKA,850,Germany,Male  ,36,5,119984.07,1,1,0,191535.11,1
15792649,Patterson,₹547,Spain,Female,31,9,0.0,2,0,0,99294.22,0
15749557 units,Chao,707,France  ,Female,44,6,0.0 units,2,1,1,192542.17,0
15566378,Tillman  ,515,France,Male,48,5,129387.94,1,₹0,1,147955.91,1
15700366,Burton,669,France,Male,39,3,119452.03,1,1,1,171575.54,0
15663263,NULL,698,France,Male,47,5,156265.31,2,0,0 units,1055.66,0
15726557,Lai,638,France,Female,42,7,165679.92,1,0 units,0,₹32916.29,0
15608688,Andreyeva,442,France,Male,34,4,0.0,2,1 units,0,68343.08,0
15751628,Onyemachukwu,₹438,FRANCE,Male,60,7,78391.17,1,0,1,49424.6,0
15762392,Ilyina,683,SPAIN,Male,30,1,113257.2,,1,1 units,65035.02,0
15572762,Matveyeva,410,Germany,FEMALE,50,2,102278.79,2,1,0,89822.48,0
15579334,,₹769 units,Germany,Female,45,5,126674.81,1,1,0,124118.71,1
15739046,Maggard,850,Spain,Female,23,9 units,143054.85,1,0,1,62980.96,0
15721292,ATKINS,719,Spain,Male,₹39,5,0.0,2,1,0,145759.7 units,0
15640059,Smith,606,France,Male,40,5,0.0,2,1,1,70899.27,0
15666096,Ibekwe,676,Spain,Male,27,₹4,0.0,1,0,1,107955.67,0
15784180,Ku,564,France,Female,₹36,7 units,₹206329.65,1,1,1,46632.87,1
₹15615140,Corson,791,France,Male,36,6,111168.97,1,1,1,189969.91,0
15698732,K'ung,,Germany,Male,51,3,104677.09,1,1,0,74265.38,0
15709256,Glover,850,NULL,Female,28,9,0.0,2,1 units,1,164864.67,0
15663883,HANSEN,850,,Male,32,9,141827.33,2,1,1,149458.73,0
15768881,Saunders,738,France,Male,29,2,0.0,2,1,₹1 units,170421.13,0
15765311,Zhirov,642,Spain,Male,34,8,0.0,,1,0,72085.1,0
15701738,Arcuri,612,Germany,NULL,44,2,115163.38,1,1,1,97677.52 units,1 units
,Peng,577,France,Female,,1,0.0,1,1,1,158750.53,0
15766066,Nikitina,668,Germany,Female,28,1,124511.01,1,0,0,114258.18,0
15742116,TORRES,671,Germany,NULL,48,9,,2,0,0,76373.38 units,0 units
15589224,Moore,596,Spain,Male,,5,0.0,2,0,1,141053.85,0
15700300,Okoli,674,,Female,44,4,131593.85,1,0,1,171345.02,1
,Brown,555,France,Female,27,8,102000.17,1,1,1,116757.0,0
15791972,Bergamaschi,748,FRANCE,Female,20,7,0.0,2,0,0,10792.42,0
15805676 units,Hsu  ,515,Spain,Male,29,4,151012.55,2,1,0,9770.97,0
15732740,Plant,765,Spain,Female,32,9,178095.55,1,0,0,47247.56,0
15720529,Schiavone,591,France  ,MALE,29,6,0.0,2,1,1,108684.65,
15641250,Calabresi,794,Spain,Male,38,,179581.31,1,1,0,23596.24,0
15598044,Debellis  ,715,France,Female,35,3,0.0 units,1,1,₹1,152012.36,0
15681327,Akhtar,682,France,Male,₹30,9,0.0,2,1,1,2053.42,0 units
15627665,Sung,614,France,Male,46,4,0.0,1,1,0 units,74379.57,1
15657957,Hughes,602,Germany,Female,26,8,113674.2,1,1,0,197861.16,1
15719991,Korovina,727,SPAIN,Female,52,1,154733.97,1 units,1,0,80259.67,1
15651802,Day,632,SPAIN,Female,39,₹5,97854.37,2,1,0,93536.38,0
15795564,MORETTI,737,Germany,Male,₹31,₹5,121192.22,₹2,1,1,74890.58,0
15611315,Ts'ao,708,Germany,FEMALE,23,4 units,71433.08 units,1,1 units,0,103697.57,0
15762793,JONES,850,Germany,Female,36 units,0,136980.23,2,1,1,99019.65,0
15714256,,666 units,France,Male,30,7,109805.3,1,0,1,163625.56,0
15718242,Wollstonecraft,725,Germany,Female,47,1,104887.43,1,0,0,86622.56,1
15704250 units,NULL,506,France,Male,34,7,0.0,2 units,0,,115842.1,0
15663817,Y?an,713,France,Male,46,5,0.0,1,1,1,55701.62 units,0
15753895,Blue,590,SPAIN,Male,37,1,0.0 units,2,0,0,₹133535.99,0
15775761,Iweobiegbunam,610,NULL,Female,69,5,86038.21,₹3,0,0,192743.06,1
15655175,Wallace,740,Germany,Male,40 units,4,114318.78,2,1,0 units,129333.69,1
15708534,Afamefuna,524,Spain,Female,64,5,0.0,1,1,₹0,136079.64,1
15750755,Yobachi,449,Spain,Female,33,8,0.0,2,0,0,156792.89 units,0
15568878,Cheng,654,Spain,Male,34,5,0.0,2,,0,159311.46,0
15717736,SHEN,639,,Female,46,10,₹110031.09,2,1,,133995.59,0
,Kapustina,531,Spain,Male,70,1,0.0,2,0,0,99503.19,0 units
15714260,Castiglione,646,NULL,Female,38,2,0.0,2,0,0,178752.73,0
15700801,Eipper,,NULL,Male,42,6,84445.68,3,0,1,60021.34,1
15640133,PAI,661,FRANCE,FEMALE,34,0,0.0,₹2,₹1,0 units,185555.63,0
15786196,Han,555,France,Female,44,3,105770.7,3,1,0,60533.96,1
₹15795540,Reye,556,France,Female,36,2,134208.22,1,0,1,177670.57,0
15737732,Onwuemelie,751,FRANCE,Female,44,10,0.0,2,1,0,170634.49,0
15654495,Potter,706,Germany  ,Female,47,6,120621.89,1,1,1,140803.7,0
15577514,Mai,,Germany,,36,7,121263.62 units,1,1,1,₹13387.88,0
15641835,Anderson,683,France,Male,72,3,140997.26,1,0,1,52876.41,0
15623644,Frolov,626,Spain,Male,29,7,0.0,2,1,0,49361.84,0
15604196,Simpson,766,France,Male,32,6,,1,1,1,102502.5,0
15644446,Norton,672 units,France,Female,28,6,0.0,1,0,1,8814.69,0
15615832,Teague,675,Spain,Female,35 units,8 units,155621.08 units,1,0,1,35177.31,0
15752137 units,McElroy,648,France,Male,33,7,134944.0,1,1,1,117036.38,0
15806926,Watson,615,France,Female,35,2,97440.02,2 units,1,1,139816.1 units,0
15804142,Tan,670,Spain,Female,57,3,175575.95,2,1,,99061.75,1
15585241,,756,Spain,Male,29,2,117412.19,2,1,0 units,4888.91,0
15742019,Benford,675,France,FEMALE  ,39,6,0.0,2,0,0,83419.15,0
15813946,Duffy,637,Germany,Male,51,1,104682.83,1,1,0,55266.96,1
15630241,Tretyakova,594,France,Male,61,3,62391.22,1,1,1,192434.11 units,0
15596522,Meredith,692,France,Female,42,2,0.0,2,1,0 units,145222.93,0
15633612,Yuryeva,696,France,Male,28,4,172646.82,1 units,₹1,1,116471.43,0
15635500,Seleznyov,605,Germany,NULL,75,2 units,61319.63,1,,1,,0
15677324,Botts  ,683,Germany,Male,73,,124730.26,₹1,1,₹1,51999.5,0
15580149,FOWLER,638,,Male,41,₹7 units,0.0,,1,0,43889.41,0
15598892,Bradshaw,828,France,Male  ,30,4 units,73070.18,2 units,0,0,161671.15,0
15697311,Nebechukwu,697,Spain,Male,56,5,110802.03,1,1,1,50230.31,1
15685576,Degtyaryov,527,Spain,Female,36,6,0.0,2,1,1,102280.29,0 units
15697127,Monaldo,543,France,Female,31,2,147674.26,1,1,1,16658.76,0
15612418,Virgo,744,France,Female,38,9,0.0,2,0,0,20940.76,0
15610337,NULL,666,Spain,,35,2 units,₹104832.49,1,1,0,175015.12,0
15641934,MANNA,749,SPAIN,Female,46,9,66582.81,1,1,0,78753.12 units,1
15567923,Barese,739,France,Female,30,6 units,0.0 units,1,0,₹0,122604.44,0
15592979,Rose,671,Germany,Female,34,6,37266.67,2,₹0,0,156917.12,0
15739972,Hughes,650,Germany,Female,45,9,152367.21,₹3,1,0,150835.21,1
15628583,Iweobiegbunam,,NULL,Female,30,5,0.0 units,2 units,0,1,161388.22,0
15788930 units,,761,Spain,Male,₹37,7,132730.17,1,1,0,199293.01 units,0
15692132,Wilkinson,717,Spain,Female,22,6,101060.25,1,0,1,84699.56,0 units
15790744,Nash,850,France,Female,34,₹9,92899.27,2 units,1,,97465.89,0
15694530,Porter,672,France,Male,,4,167268.98,1,1,₹1,₹169469.3,0
15745088,Chen,443,Germany,Female,29 units,9,99027.61,2,1,0,10940.4,0
15803965 units,Tang,654,France,Male,,3,87485.67,1,1,1,3299.01,0
15651063,Ifeatu,524,Germany,FEMALE,37 units,9,127480.58,2,1,0,179634.69,0
15649150,Buddicom,531,France,Female,53,5,127642.44,1,1,0,141501.45,1
15728082,Vasiliev,601,Spain,MALE,,6,0.0,2,1 units,0,14665.28,0
15630698,Hay,745,France  ,Female,55,9,110123.59,1,0,1,51548.14,1
15614635,Kepley  ,582,France,Male,52,2,151457.88,1,,1,40893.61,0
15744606 units,DAVIDSON,832,Spain,Male,29,8,93833.86,1,0,1 units,,0
15632882,,684,Germany,Male,37,1,126817.13,2,1,1,29995.83,
15608230,Hoelscher,667,FRANCE,Male,23,1,0.0,2,1,0,91573.19,0
15754494,Ah Mouy,585,FRANCE,Female,33,4,152805.05,1,1,0,63239.65,0
15647898,Russell,610,Spain,Female,50,₹5,130554.51,3,1 units,0,184758.17,1
15665180,Vasiliev,616,France,Female,31,3,136789.14,1,1,0,59346.4 units,1
15728078,Yeh,609,,Male,26,10,₹126392.18 units,₹1,0,,43651.49,0
15764237,Manfrin,663,Spain,,33,9,0.0,2,0,0,91514.62,0 units
15625047,Yen,846,France,Female,38,5,0.0,1,1,1,187616.16,0
15576185,Sinclair,653,France,,29,2,0.0,2 units,1,1,41671.81,0
15655952,Burke,550,France,Male,47,2,0.0,2,1,1,97057.28,0
15795640,Mai,683,GERMANY,Female,35,,132371.3,2 units,0,0,186123.57,0
15621205,Olisaemeka,578,France,Male,34,4,₹175111.11,1,1,1,74858.3 units,0
15713426,Hancock,637,Germany,Male,30,1,122185.53,₹1,1,0,102566.46,1
15688172,,677,Spain,,40,5,0.0,2,1 units,₹0,88947.56,0
15661656,Onwumelu,633 units,FRANCE,Male,38 units,2,91902.56,2,1,1,,0
15603111,Muir,₹850,Spain,Male,71,10,69608.14,1,1,0,97893.4,1
15789941,Yevseyev,633,France,Female  ,36,₹6,125130.28,1,0,0,125961.48,0
15618258,Chizuoke,640,NULL,Male,37,5,158024.38,1,1,0 units,81298.09,0
15689288,Folliero,630,France,Female,26 units,5,0.0,2 units,1,0,182612.38,0
15800773,Ikenna,648,Spain,Female,28,9,102282.61,1,1,1,157891.11,0
,,775,NULL,Male,,6,₹119684.88,2,1,1,74532.02,0
15723721,TINLINE,543,France,Male,30 units,4,140916.81,1,1,0,157711.18,0
15795429,Henderson,487,France,Male,24,7,133628.09,,1,₹1,98570.01,0
15746737,Eames,565,Germany,Male,59,9,69129.59,1,1,1,170705.53,0
15624374,Maclean  ,703,France,,28,9,0.0,2 units,0,₹1,2151.17,0
15613180,,727,GERMANY,Male,21,8,153344.72,1,1,1,163295.87,0
15654074,Tuan,653,France,Male,38,8,119315.75,1,1,0,150468.35,0
15703979,,,Germany,Male,39,,119688.81,1,1,0,,0
15742820,Trevisano,535,France,Female,45 units,2 units,0.0,2,0,1,170621.55,0
15756668,Ross,706,NULL,Male,30,3,98415.37,1,,1,,0
15636407,BEATHAM,793,Germany,Female,34,5,127758.09,1 units,₹1,0,143357.03 units,0
15720847,Sheffield,601,France,Male,35,2,0.0,₹2,1,1,118983.18 units,0
15668283,Gardiner,642,France,Male,48,9,118317.27,4,0,0,78702.98 units,1
15593834,Genovese,691,Spain,Male,36,7,129934.64 units,1,0,₹0,75664.56,1
15587712,Chimaijem,589,France,Male,36,8,114435.47,1,1,0,26955.72,0
15590683,Donaldson,₹660,France,Female,31 units,6,172325.67,1,0,1,45438.38,0 units
15669946,Jen,663,Germany,FEMALE,46,2,141726.88,1,1,1,58257.23,0
15718852,UREN,794,France  ,Male,56,9,96951.21,1,1,1,71776.76,0
15681274,Marshall,726,Spain,Female,56,2,105473.74,1,,1,46044.7,0
15598883,King,599,Spain,Female,37,2,0.0,,1,1 units,143739.29,0
15809906,,558,Germany,Male,26,1,148853.29,2,1,1,24411.02,0
15578603,Alexeieva,584,Germany  ,Female,54,1 units,77354.37,1,0 units,0,138192.98,1
15605926,Sinclair  ,649,Germany,Male,70,₹9,116854.71,2,0,1,107125.79,
15569878,Dale,592,France,Male,37,3,96651.03,1,1,1 units,3232.82,0
15628008,Monds,781,Spain,,,6,98759.89,1,0,0,112202.64,0
15655794,Hanna,620,France,Male,36,8,,2,1,1,145937.99,0 units
15713637,Chinedum,699,France,Male,34 units,2,117468.67,1,1,0,185227.42,0
15680895,Sal,₹627,Spain,NULL,35,7,0.0 units,1,₹1,0 units,187718.26,0
15607986,NNAMUTAEZINWA,555,FRANCE,Male,40,10,139930.18,1,1,1,105720.09,0
15725762,Kemp,₹808,France,Male,24 units,4,122168.65,1,1,₹0,174107.04,0
15810942,CHIEMELA  ,445,Germany,Female,₹61,2,137655.31,₹1,0,1,29909.84,0
15724863,Sheppard,420,Spain,Female,55,4,91893.32,1,1,0,144870.28,1
15740476,Tsao,,Germany,Female,32,3,₹150923.74,2,0 units,1,174652.51,0
15600688,Liston,₹600,France,Female,39,5,0.0,2,0,0,118272.07,0
15793070,,494,Spain,FEMALE  ,41,2,69974.66,2,₹1,0,188426.13,1
15806134,Storey,707,Germany,MALE,34,9,162691.16,2,1,0,94912.78,0
15763194,Milanesi  ,643,,MALE,34,7,0.0,2,₹0,1,100304.13,0
15682839,Genovesi,575,France,Female,57,8,137936.94,1 units,1,1,84475.13,0
15621093,Teng,681,Germany,Male,31,₹4,97338.19,2,0,0,48226.76,0
15646784,Cochran,529,France,Female,31,2,164003.05,2,1,1,60993.23,0
15677395,Nwabugwu,633,France,Female,39 units,9,129189.15,2,0,0,170998.83,0
15669290,Fan,603 units,France,Male,38,8,59360.77,1,1,1,191457.06,0
15742848,Gratton,673,FRANCE,Male,41,5,0.0,1,1,1,65657.29,0 units
15723053,T'ang,504,Germany,Male,32,8,170291.22 units,2,0,1,₹15658.99,0 units
15665376,NULL,647,GERMANY,Female,35,3,166518.63,2,1,0,147930.46,0
15790683,,850,France,Male,36,1,104077.19,2,0,1,68594.0,0
15618410 units,Murray,718,Germany,Male,26,7,147527.03,1,0,0,51099.56,0
15663249,Howells,575,Spain,Female,37,9,133292.45,1,,0,111175.09,0
15758856,Kable,597,France,Male,45,7,0.0,2,0,0,167756.45,0
15647474,Niu,613,,Female,40,9 units,₹95624.36,2,1,1,60706.33,0
15588560,Nwabugwu,569,Germany,Female,32,8,145330.43,1,1,1,132038.65,0
15737404,Kesteven,731,France,Male,31,1,132512.26,1,1,1 units,185466.85,0
15643158,Chiganu,598,France,FEMALE,40,9,0.0,1,,0,68462.59 units,1
15664668,Zarate,534,FRANCE,FEMALE,42,9,144801.97,1,,1,12483.39,1
,Curtis,800,Spain,Female,46,6,0.0 units,2,₹1,0,₹171928.04,0
15665834,Cheatham,696,Spain,Male,28,8,0.0,1,0,0,176713.47,0
,HOLT,784,Spain,Male,38,10,122267.85,1,0,0,145759.93,0
15597885,Kerr,772,France,Male,43,₹6,0.0,2,₹1,1,57675.88,0 units
15635125,Findlay,566,Spain,Male,63,2,₹120787.18,2,1,1,52198.84,0
15654346 units,Poninski,679,Germany,Male,₹35,1,130463.55,2,1,1,37341.17,0
15753969,K'ung,724,Spain,Male,45,5,₹83888.54,₹1,0,1,34121.81,0
15644856,Bird,556,Spain,Male,38,2 units,115463.16,1,1,0,150679.65,0
15606386,Wang,753 units,Germany,Female,46 units,3 units,111512.75,3,1,0,159576.75,1
15786789,Ni,725,France,NULL,29,6,0.0,2,1,1,190776.83,0
15640667,Yu,662,France,Female,41 units,₹4 units,0.0,2,1,0,126551.48,0
15695679,Yao,776,Spain,Male,39,2,104349.45,1,0,0,79503.05,0
15743051,Hamilton,694,France,Male,30,10,144684.03,1,1,1,31805.49,₹0
15570629,Alexeyeva,655,Germany,Female,72,5,₹138089.97,2,1,1,99920.41,0
,Black,687,Germany,Male,35,1,125141.24,2,1,1,148537.07,
15679963,Moretti,737,Germany,Male,43,8,96353.8,1,0,0,10209.8,₹0 units
15596797,BARNET,643,Spain,Male,43,1,0.0,2,₹1 units,1,145764.4,0
15659355,McKenzie,671,Spain,Male,32,6,123912.78,2,1,1,146636.44,0 units
15783501,Findlay  ,800,FRANCE  ,Female,38,2,168190.33,2,1,0,68052.08,0
15807593,Berry,546 units,Spain,Female,36,7,85660.96,1,0,0,134778.01,0
15582797,Ch'iu,685,Spain  ,Male,35,4,137948.51,1 units,1,0,113639.64,0
15588248,Hs?,617,France  ,Female,28,0,0.0,2,1,1,,1
15653849,,572,Germany,Female,₹48,3,152827.99,1,1,0,38411.79,1 units
15598802,Martin  ,770,Spain,Male,30,8,0.0,2,0,1 units,₹50839.85,0
15614778 units,Robertson,579,France,Male  ,31,6,0.0,₹2,1,0,26149.25,0
15615254,Clark,555,FRANCE,Male,40,10,43028.77,1,1,,170514.21,0
15622370,Boyle,813,Germany,Male,30,1,116416.94,1,0,1,85808.22,0
15702561,Dale,782,France,Male,32 units,9,₹0.0,1,1 units,1,87566.97,0 units
15627412,Ferri,,France,MALE,39,3,0.0,2,1 units,0,199390.45,0
15651955,Hanson,603,France,Male,31,4,0.0,2,0,1,9607.1,0
15630913,Rosas,476,Spain,NULL,69,1,105303.73 units,1,0,1,134260.34,0 units
15812628,Dodd,453,Germany,Female,38,8,120623.21,1,1,₹0,129697.99,0
15571415,Okwudiliolisa,805,NULL,Male,56,6,151802.29,₹1,1,0,46791.09,1
15788022,Sternberg,802,Germany,Female,41,4,90757.64,2,0,1,169183.66,0
15621031,Mofflin,761,Spain,Male,27,8,0.0,2,1,0,63297.7,0
15758755,Beneventi,729,France  ,Female,34,9,132121.71,1,0,1,105409.31,0
15641312 units,Paterson,615,NULL,Male,36,6,0.0,1,1,1,27011.8,1
15625641,Forbes,697,Germany,Female,74,3,108071.36,2,1,1,16445.79,0
15737414,Shen,647,France,Male  ,35,4,123761.68,1,1,0,83910.4,0
15609637,NKEMAKOLAM,652,FRANCE,MALE,51,7 units,0.0,2,0,1,43496.36,0
15682860,Lo,769 units,NULL,Male,38,6,0.0,2,,0,104393.78,
,TOSCANO,646,Germany,Male,48,8,169023.33,2,1,1,175657.55,0
15570859,Froggatt,626,Germany,Male,₹36,2,181671.16,2,1,1,57531.14,0
15641773,Browne,580,Germany,Male,45,2,179334.83,2,1,₹1,169303.65,0
15775235,Ku,690,France,Female,36,6,110480.48,1,0,0,81292.33,₹0
15639217,McKenzie,806,France,Male,34,6,0.0,,0,0,100809.99,0
15627517,Taylor,497,Spain,Male  ,27 units,7,149400.27,1,0,0,167522.19 units,0
15582903,Edwards,643,France,Male,39,7,₹0.0,2,1,1,170392.59,0
15766776,Sal,576,France,Male,41,1,0.0,,1,1,188274.6,0
15633818,McMillan,786,NULL,Male,₹32,9,0.0,2,1,0,133112.41,₹0
15662976,Lettiere,637,Spain,Male,37,8,0.0,1,1,1,186062.36,0
15794171,LOMBARDO,475 units,France,Female,45,0,134264.04,1 units,1 units,0 units,27822.99,1
15768816,Shen,570,Germany,MALE,42,0,107856.57,2,1,0,127528.84,0
15810418,T'ang,756,Germany,Female,60,3,115924.89,1,1,0,93524.19,1
15586243,Yobachi,₹667,France,MALE,44,8,122277.87,1,1,1,91810.71,0
₹15610165,HSIUNG,761,France,FEMALE,26,1,0.0,2,1,1,199409.19,0
15646196,Yeh,850,SPAIN,Female,,2,155180.56,2,0,0,169415.54,0
15605067,Nwachinemelu,472,France,MALE,19,9,0.0 units,2,1,0,3453.4,₹0
15773146 units,Rubeo,652,France,Male,₹26,3,137998.2,2,0,,168989.77,0 units
15574523,CHENG,576,France,Male,39,1,0.0,2,1,1,68814.23,0
15794874,Quinones,696,Spain,MALE,41,9,127523.75,1,0,1,₹191417.42,0
15632521,Cattaneo,689,Germany,Male,45,0,130170.82,2,1,0,150856.38,
15783875,Li Fonti,500,France,Female,34,4,0.0,2 units,1,0,12833.96,0
15619343,NULL,561,France,Male,56,7,152759.0,2,1,0,133167.11,1 units
15691875,Tsou,850,Germany,FEMALE  ,39,5,114491.82,1 units,1,₹0,99689.48,0
15784923,Chimezie,705 units,Germany,Female,37,,109974.22,1,1,1,36320.87,1
15730273 units,Parsons,841,France,Male,₹27,8,0.0,₹1,1,0,₹171922.72,0
15601045,Angelo,655,SPAIN  ,Male,37,8,163708.58,,0,0,76259.23,0
15684171 units,Bianchi,660,NULL,Female,61,5,,1,1,1,158338.39,0
15682541,Hartley,616,Spain,Female,36,6 units,132311.71,1,0,0,15462.84,0
15775306,Ni,421,Germany,Male,28,8,122384.22,3,1,1 units,,1
15601550,Genovesi,595,Spain,NULL,,6,85768.42,1 units,1,1,24802.77,0
15761886,Franklin,740,France,MALE,36 units,4,172381.8,1,,1,86480.29,0
15585284,THOMSON,604,Spain,Female,35,7,147285.52,1,1,1,57807.05,0
15656009 units,McIntyre,₹736,France,Female,36,6,0.0,1,1,0,70496.66,
15573045,Earl,547,France,Male,62,10,127738.75,2,1 units,1,85153.0,0
15728838,Leach,578,NULL,Male,45,1,148600.91,1,1,,143397.14,1
15654060 units,P'eng,517,France,Male,41,2,0.0,2,0,1,75937.47,0
15775912,MAZZANTI,698,France,Male  ,48,4,101238.24,2,0,₹1,177815.87,1
15585901 units,Johnson,717,Spain,Male,35 units,1,0.0,3,0,0,174770.14,1
15633194,Osborne,771 units,France,Female,41,10,108309.0,4,1,1,137510.41,1
15603830,Palmer,600,Spain,Male,36,4,0.0,2,1,0,143635.36,0
15617166,Ritchie,610,France  ,Male,37,0,0.0,1,1,0,114514.64,0
15780654,Sergeyev,619,GERMANY,Female,33,3,100488.92,2,0,1,36446.74,0
15773852,Hayes,533,Germany,Male,38,4,70362.52,2,1,1,104189.46,0
15624596,Trentini,534,France,Female,23,5,104822.45,1,0,₹1,,0
15793688 units,Bancks,669,France,MALE,50,9,201009.64,1,1,0,158032.5,1
15803378,Small,850,Spain,Male,44,8,0.0,2,1,1,183617.32,0
,Hudson,680,Spain,Female,31,9,119825.75,2,1,1,101139.3,0
15742378,,520,Germany,Male,₹32,5,₹110029.77,1 units,1,0,56246.69,0
15622083,Paterson,647,Germany,Male,30,6,143138.91,2,1,0,2955.46,0
15708063,Walker,712,NULL,Male,36,2,100749.5,3,₹0,0,70758.37,1
15647890,Su,,France,Male,,9,149405.18,1,1,1,146411.6,0
15664270,Balsillie,692 units,Germany,Male,45,6,142084.04,,1,0,188305.85,1 units
₹15671769,ZIKORANACHIDIMMA,624,France,Female,71,4,170252.05,3,₹1,1,73679.59,1
15653448,Duncan,754,France,Male,34,7 units,0.0,2,1,1,65219.85,0
15586757,Anenechukwu,801,France,Female,32,4,75170.54,1,1,1,37898.5,0
15801218,Bermudez,675,France,Male,49,8,₹135133.39,1,0,1,179521.24,1
15665088,Gordon,531,France,Female,42,₹2,0.0,2,0,1,90537.47,0
,Velazquez,614,France,MALE,51,₹4,40685.92,1,1,1,46775.28,
15680517,Sal,769,Germany,Female,34,7,137239.17,1,1,1,71379.92,1
15643865,Lo Duca,,France,Female,,₹3,92055.36,1,0,1,164652.02,₹1
15787168,Y?,819,,FEMALE,28,8,168253.21 units,1,1,1 units,102799.14,0
15767414,Calabresi,591,France,Male,40,2,99886.42,2,1,1 units,88695.19,0
15682890,Woronoff,745,Germany,Male,38 units,5,65095.41,2,1,1,140197.42,0
15651533,Brown,570,Germany,Female,50 units,5,129293.74,1,1,0,177805.44,1
15746190,Payton,624,Spain,Female,28,₹2,0.0,2,0,1,104353.26,0
15768574,Anderson,671 units,Spain,Male,₹58,₹1,178713.98,1,1,1,21768.21,0
,Ch'in,608,Germany,Male,33,1,102772.67,2,1,,70705.58,0
15706464,White,667,Spain,Male,35,4,97585.32,2,0,0,57213.46,0
15642202,Whitfield,821,Germany  ,Female,37,5,106453.53,₹2,0,1,127413.0,0
15798256,Takasuka,558,France,Female,45,1,153697.53,2,0,0,₹89891.4,1
15646539,Liao,531,France,NULL,31,3,96288.26,1,1,0,56794.73,0
15608845,Tao,804,Spain,Female,38,3,124197.22,1,1,0,74692.06 units,0
15611318,Kruglova,599,Spain  ,Male,33,4,51690.89,1,1,0,111622.76,₹1
15644356,Prokhorova,,Spain,Female,47,₹10,134032.01,1,1,,144290.97,₹0
15636999,NULL,414,France,Male,38,8,0.0,1,0,1,77661.12,1
15600110,Endrizzi,,Germany,FEMALE,41,3,₹57745.76,1,1,0,4035.46,0 units
15740458,Murphy  ,703 units,Spain,Male,36,7,135095.47,1,₹1,0,143859.66,0
15681697,Rueda  ,508,France,Male,31,8,72541.48,1,₹1,0,129803.08 units,0
15775886,NULL,670,NULL,Male,36,3,0.0,1,1,0,140754.19,1
15667265,Cavenagh,729,France,Male,39,4,121404.64,1,1 units,1,159618.17,0
15792934,Carruthers,661,France,Male,₹26 units,8,0.0,2,0,0,196875.87,0
15578671,WEBB,706,Spain,FEMALE,29,1,209490.21,1,1,₹1,133267.69,1 units
15729515,McCarthy,782,France,NULL,36,1,148795.17,2,1,1,195681.43,0
15600882,SCOTT,635,NULL,Female,35,7,₹0.0,2 units,1,1,65951.65,0 units
,Uwakwe,695,Spain,Female,31,5,0.0,2,0,₹1,13998.88,
15776629,Christie,650,France,Female,39 units,₹4,0.0,2,0,0,186275.7 units,0
15717770,MARCELO,850,,Female,55,7,0.0,1,0,0,₹171762.87,₹1
15590286,Fairley,611,France,Female,40,2,125879.29,1,1,0,93203.43,0
15750141,Reichard,721,GERMANY,,36,3,65253.07,2,1,0,28737.78,0
15607112,Chiawuotu,606,France,Male,32 units,6,0.0,2,0,1,36540.63,0
15768887,HSING,597,Spain,Male,26,5,0.0,2,0,1 units,95159.13,0
15764661,Wang,644,France,Male,33,2,0.0,1,1,0,96420.58 units,0
₹15738835,Slater  ,850,Germany,Male,38,7,101985.81,2,0,0,43801.27,0
15575247,Cartwright,524 units,France  ,Male,30,1,0.0,2,1,0,126812.85,₹0
15677610,Chambers,511,Germany,Female,41,8,153895.65,1,1,1,39087.42,₹0
15631512 units,Schneider,597,France,Female,26,8,149989.39,₹1,1,0,42330.58,0
15805151,Ginikanwa,565,Germany  ,Male,31,2,89558.39,2,₹1,1,4441.54,0
15657449,Chukwuma,446,NULL,Male,25,3,136202.78,1,1,0,176743.51,
15695585,Atkins,788,Spain,Male,34 units,6,156478.62,1 units,0 units,1,181196.76,0
15691104,Kennedy,460,Germany,FEMALE,40,6,119507.58 units,2,1,0,91560.63,1
15652808,Monaldo,₹774,France,Female,41,5,126670.37,1,1,0,102426.06,0
15665062,LUCCHESE,696,NULL,Male,19,₹1,110928.51,1,1,1,2766.63,0
15682523,Chigozie,762,France,Male,20,1,139432.55,1,1,1,,0
15797964,Cameron,732,Germany,Female,29,1,154333.82,1,,,138527.56,0
15761763,Jamieson,845,France,Male,33,8,164385.53,1,1,₹0,150664.97,0
15642002,Hayward,554,France,Female,,6,117707.18,2,0,0,95277.15,1 units
₹15656840,Zikoranachukwudimma,547,France,Female,29,6,104450.86,1,1,1,37160.28,0
15723263,Cocci,,Germany,Female,34,₹9,117160.32,1,1,1,116069.24,
15678067,Boyle,667,Spain,Male,45,,0.0,2,0,₹0,163655.01,0
15804357 units,LOGGIA,481,France,Male  ,40,3,0.0,1,1 units,1,32319.93,0
15629338,Collingridge de Tourcey,658,,Female,31,2,36566.96,1,₹1,0,103644.98,1
15793671 units,Watt,606,France,Male,34,5,0.0,1,1,0,161971.42,0
15579706,Curtis,611,France,Female,46,5,0.0,1,1,0,77677.14,1
15776433,Greco,730,,Male,62,2,0.0,2,1,,186489.95,0
15777459,Gordon,₹619,Spain,Female,32,4,175406.13,2,1,1,172792.43,1
15572374,Hopetoun,733,Spain,,36,1,0.0,₹2,0,1,₹108377.82,0
15652030,De Bernales,637,Germany,MALE,49,2,108204.52,1,1,0,169037.84,1
15627848,,683,France,Male  ,38,7,₹109346.13,2,1,0,102665.92,0
15753861,Ballard  ,686 units,Germany,Female,27,1,115095.88,2 units,0,0,78622.46,0
15613141,Hsu  ,717,France,Female,41,₹3,135756.96,1,1,1 units,103706.41,0
15755648,Pisano,675,France,Female,21,₹8,98373.26,1,1,0,18203.0,0
15799534,McClaran,720,France,Male,71,5,183135.39,2 units,1 units,1,197688.5,0
15633897,Owen,725,Germany  ,Male,39 units,1,50880.98,2,1,1,184023.54,₹0
15796230,NULL,642,Germany,Female,36,2,124495.98,3,1,1,57904.22,1
15654964,Piccio,608,SPAIN,Male,48,7,75801.74,1,1,0,125762.95,0
15693203,POWELL,₹710,Spain,Female,75,5,0.0,2,1 units,1,9376.89,0
15753549,Dubinina,669,France,Male  ,25,1,157848.53,1,0,0,37543.93,1
15811970,Kang,653,France,Female,42,1,0.0 units,2,1,1,5768.32,0
15798532,Crawford,810,France,Male,32,9,,,0,1,78896.59,₹0
15693267,Dickson,679,Germany,Female,₹34,7,121063.85,1,1,0,56984.58 units,0
15651585,Power,661,NULL,Male,35,2,117212.18,1 units,1,₹1,₹83052.03,0
15673984,Daniels,536,France,Female,35,8 units,0.0,1 units,1,0,171840.24,1
15761374,Bellucci,706,France,Male,54 units,9,117444.51 units,1,1,1,186238.85,0
15808283,Kelly,647,France,Female,33,4 units,0.0,1,1,0,152323.04,0
15713346,Panina,794,France,Male,24,10 units,146126.75 units,1,1,₹1,88992.05,0
15653050,NORRISS,719,Germany,Female,76,10,95052.29,1,₹1,0,176244.87,0
15742272,Ozerova,669,France,Female  ,44,8,96418.09,₹1 units,0,0,₹131609.48,1
15804104,Romani,494,France,Male,₹28,9,114731.76,2,0,1,79479.74,0
15636454,Fu,691,France,FEMALE,60,6,101070.69,1,1,0,177355.8,1
15638247,Boan,700,Spain,Male,44,9,0.0,₹2,1,0,142287.65,0
15663234,Bishop,508,France,Female,,7,143262.04,1 units,1,1,129562.74,0
15685096,Trevisani  ,753,France,Female,50,4 units,0.0,2,1,1,861.4,0
,Sargood,610,,Female,37,10,140363.95,2,,1,₹129563.86,0
15708212,Lin,648,Spain,FEMALE,54,7,118241.02,1,,0,172586.89,1
15758531,Y?,732,France,Female,40,10,0.0,2,1,0,154189.08,₹0
15697480,Menkens,731,France,Male,30,7,0.0,2,0,1,143086.09,
15765375,Butusov,797,France,Female,46,8,0.0,1,0,0 units,,0
15795759,Bergamaschi,698 units,Germany,Female,52,1,107906.75,1,1,0,168886.39,1
15725664,WALLACE,549,France,Female,38,8 units,107283.4 units,1,0,0,157442.75 units,0
15769586,Horan  ,,France,Female,₹49,1,,2,1,1,119087.25,0
15736533,NULL,730,Germany,FEMALE,₹37,5,124053.03,1,1 units,0,118591.67,0
15765257,Meng,564,Spain  ,Male,31,5,121461.87,1,1,1,20432.09,1
15780254,Gartrell,654,FRANCE,Male,40,6,0.0,1,0,0 units,183872.88,1
,Chukwudi,850,France,Male,35,2,0.0,2,,1,56991.66,0
15719348,Tsao,513,NULL,Male,35,8,0.0,1,1,0,76640.29,1
15773804,Golubeva  ,625,France,MALE,39,5,0.0,1,1,0,99800.87,0
15690372,Henry,553,Spain,Male,38,₹1,181110.13,2,1,0,₹184544.59,0
15792328,James,475,France,Male,39,,0.0,1,1,1,56999.9,1
,NULL,700,France,NULL,27,6,137963.07,,0,0,8996.79,0
15812518,Palermo,657,Spain,FEMALE,37,0,163607.18,,0,1,44203.55,0
15791533,Ch'ien,367 units,Spain,Male,42,6,93608.28,1,₹1,0,168816.73,1
15694518,,624,,Female,36,0,0.0,2,1,0,111605.9,0
15712903,Diaz,499,France,Female,,3,176511.08,1,1,1,153920.22,0 units
15795290,Nikitina,767,France  ,Female,42,2,133616.39,1,1,0,28615.8,0
15738088,Parkin,634,Spain,Male,63,10,0.0,2,1,0,30772.86,
15599074,MA,487,Spain,Female,40,6,136093.74,1,0,,193408.43,
15777045,Price,783,Spain  ,Female,44,3,81811.71,1,1,0,164213.53,1
₹15671766,Enyinnaya,599,France,Male,44,10,118577.24,1,1,1,31448.52,0
15776051,Kao,551,France,Female,45,6,0.0 units,2,1,1,51143.43,0
15646969,Anayolisa,776,NULL,Male,33,2,0.0 units,2,1,1 units,176921.0,0
15679733,Haugh,796,Germany,Male,40,2,113228.38,2,1,1,46415.09,0 units
15779182,NULL,790,Spain,Male,46,8,182364.53,1,0 units,0,139266.48 units,1
15814022,Lassetter,714,France,Female,26,9,89928.99,₹1,1,0,46203.31,0
15618703,White,663,Spain,Female,53,6,150200.23,1,0,1,151317.27,1
15716000,Hs?eh,638,Spain,Male,48 units,2,0.0 units,2,1,1 units,7919.08,0
15731553,Lucas,730,France,Male  ,23,8,0.0,2,1,0,183284.53,0
15695339,Lucchesi,517,Germany,Male,53,0,109172.88,1,1,0,54676.1,1
15815070,Romano,,Germany,Female,44,5,141428.99,2,0,0,68408.74,0
15687558 units,Mault,640 units,GERMANY,Female,31,10,118613.34,1,1,0,168469.65,0
15604348,Allard,710,Spain,Male,22,8,0.0 units,2,0,0 units,99645.04,0
15812230,Elliot,670,Germany,,42,5,49508.79,3,1,1,100324.01,
15604544,Manfrin,850,Germany,NULL,40,4,,2,0,₹1,44406.17,₹0
15716381,,666,Germany,Female,50,7,109062.28,1,₹1,1 units,140136.1,
15741275,Yuan,623,France,Female,57 units,7,71481.79,2,1,1,84421.34,0
15780124,Blair,841,France,Male,74,9,108131.53,1,,1,60830.38,0
15616454,Davidson,476,Germany,FEMALE,₹34,8,111905.43,1,0,1,197221.81,1
15617432,Folliero,816,Germany,Female,40,9,109003.26,1,1,1,79580.56,0
15710404 units,Chinwendu,569,France,Male,35,10,124525.52,1,1,1,193793.78,0
15703820,Endrizzi,552,France  ,Male,42,9,133701.07,2,1,0,101069.71,1
15632185,Yermolayev,663,,Female,42,1,82228.67 units,2,1 units,0,71359.78,0
15722533,Logue,716,France,Female,40,3,0.0,2,0,1,167636.15,0
15728963,Wei,617,GERMANY,Female,51,10,167273.71,1,₹0,0,93439.75,1
15786389,Chuang,635 units,Spain,Female,41,10,0.0,₹2,1,1,61994.2,0
15804919,Dunbabin,670,Spain,Female,65,1,0.0,1,1,1,177655.68,1
15631457,Asher,639,France,Male,37,5,₹98186.7,1,0,₹1,173386.95,₹0
15566843,Gotch,535,Germany,Male,20,9,134874.4,1,1,1,118825.56,0
15608968,Averyanov,714,GERMANY,NULL,21,6,86402.52,2 units,0,0,27330.59,0
15683553,O'Brien,788,France,Female,33,5,,₹2,0,0,₹116978.19,0
15810910,Royston,702,Spain,Female,38,9,0.0,2,1,1,158527.45,0
15602909,Dickson,604,Spain,Female,41,10,0.0,2,1,₹1,₹166224.39,0
15771059,Welch,756,Germany,Female,34,2,148200.72,1,0,0,194584.48 units,0
15629739,Hartley  ,621,Germany,,31 units,8 units,100375.39,1,1,1,90384.26,0
15591010,McDonald,434,Germany,Male,55,8 units,109339.17,2,1,0,96405.88,1 units
15609704,Mao,608,France,Female,₹33,4,0.0,1,1,0,79304.38,1
15714057,Windradyne,528,Spain,Male,40,4,0.0,2,1,0,25399.7,0
15682639,Marshall,642,France,Male,32,3,0.0,2,1 units,1,88698.83,0
15682600,Lo,620,Germany,Male,39,9,159492.79,1,1,0,80582.34,1
15749265,CARSLAW,427,GERMANY,Male,42,1,75681.52,1,1,1,57098.0,0
15758750,NULL,,France,Male,31,0,110527.17,,1,1,87060.77,
15748473,Curnow,801,France,NULL,38,5,0.0 units,2,1,0,66256.27 units,0
15808182,Beneventi,478,Spain,FEMALE,36 units,3,92363.3,2,1,0,44912.7,0 units
15800062,Lanford,850,Spain,Male,49,,0.0,1,0,0,25867.67,1
15634936,NULL,₹735,France,MALE,₹41,7,179904.0,1,1,1,137180.95,0 units
15638646,Lucchese,669,NULL,NULL,43,1,₹160474.59,1,1,1,95963.14,₹0
15627995,Angelo,756,Germany,Female,26,5,155143.52,1,0,1,135034.57,1
15770420,Dillon,749,Germany,Male,46,₹10,78136.36,2,1,1,73470.98,0
15577988,Skinner,614,France,Female,35,,0.0,2,1,1,3342.62,0
15623499,Holman,548,Germany,MALE,49,9 units,108437.89,1,0,0,127022.87,1
15645942,Macleod,689,Spain  ,Male,40,2,0.0,2,1,1,164768.82 units,0
15632324,Pisani,602,France,Male,59,7,0.0,2,1,1,162347.05,0
15691906,Esposito,664,Germany,Female,49,5,127421.78,2,1,0 units,108876.75,1 units
15758449,Angelo,769,France,Female,39,8 units,0.0,1,0,1,21016.0,0
15727490,Scott,661,France,MALE,47,5,0.0,1,0,1,107243.31,1
15633260,Dumetochukwu,600,NULL,Male,37,1,142663.46,1,0,1,88669.89,0
15738588,NEBECHI,660,Germany,Female,37,2,133200.09,1,0,0,71433.88 units,0
15585777,Pai,710,France,Male,38,3,130588.82,1,1,₹1,154997.64,0
15789014,Scott  ,600,France,Female,26,6,108909.12,1,1 units,0 units,82547.01,0
15607537,Crawford,587,NULL,Male,46,9,107850.82,1,1,0,139431.0,1
₹15788536,Armit,755 units,,Male,40,2,137430.82 units,2,₹0,0,176768.59,0
15774104,Chukwualuka,539,Spain,,39,2,0.0 units,2,₹1,1,48189.94,0
15661903,Hsia,699,France,Female,43,3 units,80764.03,1,1,0,199378.58,1 units
15582404,MILLER  ,572,Spain,Female,26,5,0.0,2,1,0,119381.41,0
15710295,Patrick,445,Germany,Female,38,6,119413.62,2,1,0,175756.36,0
15792365 units,HE,501,France,Male,44,4,142051.07,2,0,1,₹74940.5,₹0
15633059,Fanucci,413,France,Male,34,9,0.0,2 units,0 units,0,6534.18,0 units
15602084 units,,663,France,NULL,42,5,124626.07,1,,1,78004.5,0
15672056,KENENNA,710,Germany,MALE,43,2,140080.32,3,1,1,157908.19,1
15761076,Lei,507,France,Male,41,3,58820.32,2,1,1,138536.09,0
15793247,Hancock,498,France,Male,34,5,0.0,2,1,1 units,91711.66,0
15607314,Chiefo,₹536,Spain,Male,53,2,143923.96,1,1,0,2019.78,1
15569571,Davydova,584,NULL,Female,46 units,6,87361.02,2,1,0,120376.87,1 units
15814237,Watkins,627,Germany  ,Male,,3,128770.88,2,₹1,1 units,40199.01,0
15684801,Abbott,689,France,Male,47,1,93871.95,3,1,0,,1
15599535 units,Howell,678,Spain,Male,28,5,138668.18,₹1,1,1,54144.01,0
15609987,SMITH,755,France,Male,42,2,119919.12,1,₹1,0,156868.21,0
15755416,Hart,557,France,FEMALE,27,3,₹87739.08 units,1,1,1 units,,0
₹15645956,Jideofor,452,SPAIN,Male,44,3,88915.85,1,₹1,0,69697.74,0 units
15683625,Hare,703,France,Male,37,1,149762.08,1,1,₹0,,1
15721935 units,Kincaid,521,France,MALE,25,7,0.0,2,1,1,157878.67,0
15624595,Chiang,512,Spain,Female,35,5,124580.69,1,1,1,18785.48,0
15721462 units,Shubin,622,Spain,Female,58,2,0.0 units,2,1,1,33277.31,0
15691483,Chin,549,France,Female,,5,0.0 units,2,0,0,190857.79,0
15606435,Wall,593,Germany,,69 units,2,187013.13 units,2 units,0,1,105898.69,0
15636820,Loggia,725,Germany,Male,40,8,₹104149.66,1,,0,,0
15709604,McMillan,781,NULL,Male,23,2,107433.48,1,1,0,173843.21,0
15631201,Hill  ,472,Spain,Female,28,4,,2,1,0,1801.77,0
15627484,Obielumani,686,France  ,Female  ,47,5 units,113328.93,1,1,0,124170.9,0
15580366,Okechukwu,566,Germany,Male,,4,,2,1,1,172601.62,0
15651093,Chien,707,France,Female,55,1,0.0,2,₹0,1,54409.48,0
15677828,Chalmers,,France,Female,34 units,4,0.0,2,0 units,0,60894.26,0
15694450,Bianchi,677,France,Male  ,42,5,99580.13,1 units,1,0,21007.96,0
15578156,Anenechukwu,615,Spain,Male,32,5,138521.83,1,1,₹1,56897.1,0
15777639,McGregor,595,Spain,Female,23,10,101126.66,2,0,0,37042.8,0
15812198,,543,Germany,Male,48,1,100900.5,1,0,0,33310.72,1
15572767,Shelby,777,France,Male,29,2,0.0,2,1,0,124489.88,0
15731519,Kerr,511,France,Female,₹30,5,0.0,2,₹1,0,143994.86,0
15696989,Chukwueloka,469,Germany,Female  ,52,₹8,₹139493.25,3,₹0,0,150093.32,1
15718247,Hayden,606,Spain,Female,46,8,0.0,,1,1 units,183717.94,0
15770405,Warlow-Davies,613,France,Female,27,5,125167.74 units,1 units,1,0 units,199104.52,0
15607598,Muravyov  ,575,Spain,,₹31,6,0.0,2,1,1,95686.42,0 units
15680303,GIBSON,594,France,Male,57,6,0.0,1,1,0 units,19376.56,1
,He,850,Germany,Female,30,8 units,154870.28,1,1,1,54191.38,0
15791513,Manfrin,647,France,Male,₹41,4 units,138937.35,1,1,1,101617.64,1
15608246,WENTCHER,736,Germany,FEMALE,36,8,103914.17,1,1,1,110035.88,1
15784124,NULL,645,Germany,Male,41,2,93925.3,1,1,0,123982.14,1
15631333,WADE,677,Spain,Female,25,8,130866.19,1,₹1,0,42410.21,0
15688849,,609,France,Male,48,₹1,108019.27,3,1 units,1,184524.65,1
15810454,Reed,709,France,Male,32,4,147307.91,1,0,₹1,₹40861.55,0
15757577,,676,France,Female,61,8 units,0.0,2,1,1,118522.73,0
15645815,Mills,615,NULL,Male,45,5,0.0,₹2,1,1,164886.64,0
₹15655410,Hinton,768,Germany,Male,49,1,₹133384.66,1,1,0,102397.22,1
15769548,HYDE,668,France,Female,37 units,7,128645.67,1,1,₹0,92149.64,0 units
15592194,Metcalf,492,France,Female,28 units,9,0.0,2,1,0,95957.09,0
15700383 units,Uvarova,763,France,Female  ,35,7,115651.6,2,1,1,104706.29,0
15654878,Yobanna,450,France,Male,29,7 units,117199.8,1,1,1,43480.63,0
15709531,Harding,556,France,Male,38,2,114756.14,1,1,0,₹193214.05,0
15754177,Bazarova,712,SPAIN  ,Male,53,2,₹111061.01,2,0,0,26542.17,0
₹15772896,Dumetochukwu,763,Germany,Male,42,6,100160.75,1,1,0,33462.94,1
15601569,Ndubueze,598,France,Female,40,2,171178.25,1,1,0,137980.58,
15742834 units,Liao,640,France,Male  ,45,1,0.0,1,1,1,10908.33,0
15809654,HSIA,₹707,France,Female,46,7,127476.73,2,1,1,146011.55 units,0
15722122,FINDLAY,544 units,France,Female,40 units,7,0.0,1,0,1,161076.92,0 units
15664849,Colon,,Spain,Male,46,3 units,65269.23,1,0,1,189988.65 units,1
₹15758039,Ash,614,France,Male,44,6,0.0,2,0,1,104930.46,0
15696605,Angelo,571,France,Male  ,49 units,4,180614.04 units,1,0,0,523.0,0
15667938,Hurst,628,France,Male,32,9,149136.31,2,1,1,16402.11 units,0
15695174,Chang,654,France,Male,29,,132954.64,1,1 units,1,,0
15743893,Alexeyeva,471,France,Male,42,3,164951.56,1,1,0,190531.77,0
15801436,K'ung,696,France,Male,42,4,0.0,1,0 units,0,126353.13,1
15726178,Hardy,712,Spain,Female,48,8,₹0.0,2,1,₹0,183235.33,0
15689031,MURPHY,697,Spain,Female,37,7,168066.87,1,1,₹0,35450.53,
,Doherty,628,Germany,Male,40,5,181768.32,2,1,₹1 units,129107.97,0
15798964,Nkemakonam,714,Germany,Male,33,3,35016.6,1,1,₹0,53667.08,0
15670738,Mazzanti,733,GERMANY,Male,45,,113939.36,2 units,1,0,3218.71,0 units
₹15647311,Hill,608,Spain,Female,41,1,83807.86,1,0 units,1,₹112542.58,0 units
15714006 units,NULL,482,France,Female,35,2,133111.73,1,0,1,79957.95,
15710553,Yin,555 units,NULL,Male,48,3,142055.41,2,0,1,79134.78 units,0
15721917,Chuang,559,France,Female,38,₹8,95139.41,1,1,1,86575.46,0
15797149,Lloyd,563,SPAIN,Female,36,4,143680.47,2,1,1,63531.19,0
15803415,Samsonova,579,France,Female,39,3,166501.17,2,1,0,93835.64,0
15672447 units,Bailey,657,Germany,Male  ,40,7,99165.84,1,0,1,119333.95,1
15619514,Bull,507,Germany,Male,40,3,₹120105.43,1,₹1,0,92075.01,1
15677317,ANKUDINOVA,570,France,NULL,29,4,153040.03,1,1,1,131363.57,1
15624391,Thomson,595,Spain,NULL,30,5,100683.54,1,1,1,178361.04,0
15724200,Cheng,584,France,MALE,38,1,115341.55,1,0,1,173632.92,0
,Ferrari,634,France,Female,36,1 units,69518.95,1,1,0,116238.39,0
15748552,Sal,464,Germany,Male,37 units,4,155994.15,₹1 units,0,0,143665.44,0
15726058,Cattaneo,754 units,Germany  ,Male,27,7,117578.35 units,2,0,1,87908.01,0
15741719,DeRose,540,France,Female,40,3,165298.12,,0,1,199862.75,0
15764409,Goodman,613 units,France,Male,37,,108286.5,1,1,1,114153.44,0
15667093,Onio,673,France,Male,37,2,0.0,1,1,1,13624.02,0
15760446,Pagnotto,598,France,FEMALE,64,9,0.0 units,1,0,1,13181.37,1
15732430,H?,850,Spain,Female,54,,120952.74 units,1,1,₹0,,0
15720134,Reynolds,709 units,Germany,Male,30,9,115479.48,2,1,1,134732.99,0
15581089,Knight,,Spain,NULL,35,7 units,0.0,2,1,1,43036.6,0
15642022,Zito,621,Spain,Male,34,8,0.0 units,1,0,0,47972.65,0
15604217,Williams,726,France,MALE,34,9,0.0,2,,0,14121.61,0 units
15696287,Converse  ,682,Germany,Female,38,1,116520.28,1,1,₹1,49833.5,1
15670898,NULL,,France,Female,60,5,108028.08,2,,0,25980.42,1
15688691,Lei,665,GERMANY,Female,51,9,₹110610.41,2,0,1,1112.76,1
15794014,Schofield,838,,Female,₹34,8,,2,1,0,27472.07,0
15738166,,596,France,Female,₹39,10,86546.29,1,0,1 units,131768.98,0
₹15779985,Lo,750,Germany  ,Female,37,1,133199.71,2,1,1,27366.77,0
15674433,ALLAN,636,Germany,Female,28,2,115265.14,1,0,0 units,191627.85,0
15589643,NULL,684,Spain,FEMALE,41,7,0.0,1,1,1,138394.37,
15627212,Smith,630,France,Female,36,2,110414.48,1,,1,48984.95,0
15686718,Hung,₹802,Germany,Male,37,9,115569.21,1,0,1,119782.89,0
15799641,Bruno,540,Spain,Male,39 units,2,0.0,2,1,0,81995.92,0
₹15657535,NULL,590,Spain,Male,29,10,0.0,1 units,1,1 units,51907.72,1
15588372,KIRSOVA,715,Germany,FEMALE,37,₹9 units,₹105489.31,1,0,0,143096.49,1
15706186,McKenzie,640,NULL,Male,33,8,81677.22,2,0 units,0 units,34925.56,0
15761348,Kuo,601,France,Female,38,0,0.0,2,1,0,165196.65 units,0
15654390,He,,FRANCE,Male,₹33,7,154575.76,1,1,0,25722.28,1 units
15753591,He,438 units,France,Male,38,2,0.0,2,1,0,136859.55 units,0
15692926,TOSCANI,498,Germany,Male,25,8,121702.73,1,1,1,132210.49,0
15707114,NULL,831,France,Male,30,2,0.0,2,0,₹1,3430.38,0
15568595,Fleming,₹544,France,Male,64,9,113829.45,1,1,1 units,124341.49,0
15580701,NULL,712 units,France,Male,33,3,153819.58,1,1,0,79176.09,1
₹15626385,George,714,Spain,Female,₹33,10,103121.33,2 units,1,1,49672.01,0
15593283,Higgins,705,Germany,Female,48,1,156848.13,2,₹1,1,99475.95,₹1 units
15566958,Li Fonti,667,Spain,Male,39,7,167557.12,1,1,,41183.02,0
15789548,Giordano,592,FRANCE,Female,37,7,0.0,2,1,1,₹126726.33,0
15770309,McDonald,656,France,Male,18,10,151762.74,1,0,1,127014.32,0
15599024,Hope,506,Spain,NULL,32,,₹0.0,2,₹0,1,182692.8,0
15693817,Ferrari  ,539,Spain,Male,28,5,0.0,2,1 units,0,48382.4,0
15650313,NULL,632 units,Germany,Male,65,6,129472.33,1,1,1,85179.48,0
15783349,Montague,481,Spain,Male,39,1,111233.09,1,1,1,123995.15,0
15602979 units,Lin,751,France,Male,,1,135536.5,1,1,0,66825.33,0 units
15772412,Corser,554,Spain,Male,30,6,135370.12,1,1,1,179689.05 units,1
15764444,Pan,679,Germany,Male,58 units,8,₹125850.53 units,2,1,1,87008.17,0
15682914 units,Bolton,850,France,Male,34,2,72079.71,1,1,1,115767.93,0
15742668,Day,626,Spain,Female,37,₹6,108269.37,1,1,0 units,5597.94,0
15783305,Franklin,593,France,,46 units,7,98752.51,1,1,0,145560.38,0
15631217,Young,663,France,NULL,40,₹6,156218.19,1,0,1,33607.72,0
15709222,Chukwueloka,557,Spain,NULL,34,3,0.0,1,0,1,123427.98,0
15654341,Chao,542,France,Male  ,,8,101116.06,1,1,0,196395.05,0
15699797,Santana,737,France,MALE  ,30,,174356.13,,0,0,31928.5,0
15664907,Alexander,527,France,Male,47,1,0.0,₹1,1,0,21312.16 units,1
₹15808017,Cary,545,France,Male  ,38,1,88293.13,2,1 units,1,24302.95,0
15790412,Norton  ,471 units,Spain,Male,₹26,₹8,0.0,2,1,1 units,179655.87,0 units
₹15677117,Crawford,629,NULL,Female,61,6,0.0,2,1,1,133672.61,
15617482,Milanesi,489,Germany,Female,52,1,131441.51,1,1,0,37240.11,1
15772604,Chiemezie,578,Spain,Male,36,1,157267.95,2,1,0 units,141533.19,0
15739223,Pai,688,Spain,Female,24,₹3,0.0,2 units,1,1,102195.16,0
15714046,Trevisano,720,Spain,NULL,33,3,123783.91,2 units,1,1,142903.44,0
15757425,Fleming,716,France,NULL,38,₹1,0.0,2,1,₹1,99661.46,0
15606273,Rene,616,France,Male  ,37,5,144235.73,2,0,0 units,154957.66,1
15801188,Milliner,774,FRANCE,Female,47,6,94722.88,1,0,1,61450.96,0
15790355,Okechukwu,606,Germany,Male,36,5,₹190479.48,2,0,0,179351.89,0
15650538 units,Sun,445,GERMANY,Female,,7,168286.58,1,₹1,0,16645.77,1
15628059,DeRose,529 units,France,Male,61 units,1,0.0,2,1,1,191370.97,0
15737961,MILLER,509,Germany,Female,29,0,107712.57,2,1 units,1,92898.17,0
15664504,Beede,418,France,Male,35,7,0.0,2,1,1,88878.15,0
15722061,Allen,619 units,Germany,NULL,41,8,142015.76,2,1,0,114323.66,0
15718921,Ho,625,Spain,Male,₹32,7,106957.28,1,1,1,₹134794.02,0
15629793,Banks,652,Spain,Male,28,8,156823.7,2,1,0,198251.52,0
15706269,Willis,489,,Female,47,₹8 units,103894.38,2,1,1,107625.46,0
15730394,Crowther,709,France,Female,43 units,8,0.0,2,0,0,168035.62,1
15803976,Efremov,694,FRANCE,Female,31,10,₹0.0,2,1,0,160990.27,0
₹15642997 units,Uspenskaya,655,France  ,Female,36,2,147149.59,1,1,1,87816.86,
15682547,Lucchese,649,France  ,MALE,38,1,122214.0,1,0,1,88965.46 units,0
15775949,Trevisani,612,France,Female,38,7,110615.47,₹1,1,1,193502.93,0
15758073,Dellucci  ,655,France,,20,7,134397.61,1 units,0,0,28029.54,0
15614782,Hao,526,France,,36,1,,1,1,0,160696.72,0
15728709,Shih,484,Germany,,40,7,106901.42,2,0,0 units,118045.98,0 units
₹15812279,William,634,France,Male,37,5,115345.86,2,0,0,168781.8,0
15750181,Sanderson,553,Germany,Male,41,,110112.54 units,2 units,₹0,0,81898.81,0
15650488,BROMLEY,492,France,Female,48,6,127253.98 units,1,1,1,,1 units
₹15741417,Chibuzo,624 units,Spain,Female,35,7,,2,1,1,,0
15698349 units,Davy,686,Spain,Female,35,4,0.0,2,1,1,159676.55,0
15650266,Medvedeva,679,Germany,Male,39,2,₹146186.28,2,₹1,1,193974.47,0
15652883,Chung,492,Germany,Male,39,10,124576.65,2,1,0,148584.61,0
15679029,KUNG,718,France,Male  ,33,7,102874.28,1,0,0,117841.06,0
15618182,Ndubueze,678,France,Female,38,2 units,0.0,2,₹0,0,115068.99 units,0
15680727,FANG,735,NULL,Male,₹49,5 units,121973.28,1,1,0,148804.36 units,0
₹15574369,Bianchi,415,Spain,Male,53,5,167259.44,1,1,1,22357.25,0
15693018,Ermakova,678,Germany,Male  ,23,10,115563.71,1,₹1,1,91633.53,0
15637428,Briggs,660,France,Male,35,7,0.0,2,₹1,0,13218.6,0
15781589,Carpenter,751,Spain,Male,52,8,0.0,2,0,1,179291.85,0
15672637,Voronkov,571,France,Female,30,4,85755.86,1,₹1,0,145115.95,0
15723950,Kruglov,684,Spain,Male,40,2,70291.02 units,1,1,1,115468.84,1
15593973,Wilkie,663,Spain,FEMALE,33,8,122528.18,1,,,196260.3,
15634295,WILSON,470,France,Male,35,1,₹96473.59,1,0,0,5962.3,0
15620579,Dunn,695,Spain,Female,31,8 units,0.0,2,0 units,1,₹131644.41,0 units
15624781,Mbanefo,672,France,Female  ,₹34,1,,2,1,1,168753.34,0
15584897,KUO,639 units,FRANCE,Female  ,31,3,98360.03,1,,0,20973.8,
15632609,Burdekin,554,France,Female,39,10,160132.75,1,1,0,32824.15,0
15667889,Akobundu,611,France,FEMALE,37,6,0.0,2,1,0,110782.88,0
15729018,Alexander,666,France  ,Female,33,2,147229.65,1,1,1,,0
15677739,Dellucci,562,France,Male,36,6,₹0.0,2,1,0,32845.32,0
15766906,Salier,742,France,FEMALE,25,4,132116.13,2,1,₹0,129933.5,0
15568885,Scott,620 units,Germany  ,FEMALE,₹34,8,102251.57,1,1,0,120672.09,0
15622461,Ndubuagha,562,France,Female,51,7,122822.0,2,,0,32626.21,
15714642,Hawkins,792,SPAIN,Female,40,7,0.0,1,₹1,0,141652.2,0
15678284,Pai,651 units,France,Male,35,7,74623.5,3,1,0,129451.29,1
15618562,Woodward,618,Germany,Female,,0,140306.38,1,1,₹0,160618.61 units,1
15576124,Muravyova,582,France,Male,41,1,40488.76,1,1,0,128528.83,0
15748481,Howey,564,FRANCE,Female,27,,0.0,1,0,0,7819.76,0
15682955,Capon,758,France,Female,32,2 units,₹84378.9,1,1,1,₹75396.43,0
15598070,Marchesi,564,France,Female,33,4,135946.26,1,1,0,63170.0 units,0
15731669,SZABADOS,554 units,NULL,Male,39,2,129709.62,1,1,0,173197.12,0
15655389,Leckie,638,France,Male,41 units,1,131762.94,1,1,₹1,47675.29,₹0
15704763,Kozlova,523,Germany,Female,39,1,143903.11 units,1,1,1 units,118711.75,1
15761950,Woronoff,652,Germany,NULL,45,9,110827.49,1,1,1,153383.54,1
15724296,Kerr,684,Spain,Male,41,2,119782.72,,0,0 units,120284.67,0
15796721,Nnamutaezinwa,778,France,Male,38,3,145018.49,2,1,1 units,126702.41,0 units
15595037,Palermo,772,France,Male,₹47,9 units,152347.01,1,0,1,17671.78,0
15754919 units,Nwebube,773,France,Female,₹40,10,0.0,2,0,1,,0
15711314,Kao,589,Spain,Female,45,1,0.0,1,0,0,125939.22,1
15720820,SABBATINI,462,Germany,Female,24,,69881.09,2,0,1,64421.02,0
15650391,Wallace,633,France,Female,29,7,169988.35,1,1,0,4272.0,0
15630053,Tsao,656,France,Male,45,5,127864.4,1,1,0,₹87107.57 units,0
15718779,Clark,₹780 units,France,,34,,0.0,1,₹1,1 units,64804.04,₹0
15714981,Sabbatini,,France,Male,37,4,0.0,1,1,1,55775.84,1
15634896,Grant  ,521,France,FEMALE,39,₹6 units,0.0,2,0 units,1,27375.15,0
15810898,Pan,₹803,France,FEMALE,65,2,₹151659.52,2 units,0,1,6930.17,0
15699911,Chapman,461,Spain,Female,35,8,₹0.0,,1,0,132295.95,0
15576219 units,Cameron,615,France,Male,32,4,0.0,2,1 units,1,6225.63,0
15769389,Wan,709,Germany,Female,39,,124723.92,1,1,0,73641.86,0
15805463,NULL,682,Germany,Male,32,2,105163.88,2 units,1,1,164170.46,0
15749401 units,Ko,686,FRANCE,MALE,,9 units,0.0,3 units,1,1,75246.21 units,1
15702175 units,NULL,755,FRANCE,Female,29 units,4,148654.84,2,1,1,28805.09,0
15691624,Chidiebere,820,France,MALE,,2,132150.26,2,1 units,0,23067.97,
15662245,Pomeroy,588,France,Male,₹32,1,0.0,2,1,1,8763.87,0
15781210,Reid,711,France,Male,34 units,₹8,0.0 units,₹2,0 units,0,48260.19,0
15652527,Champion,,France,Male  ,44,₹7,108724.98,1,0,1,72330.46,0
15679928,Horsfall,592,NULL,NULL,31,2,84102.11,2 units,0,1 units,116385.24,0 units
15683007,Torode,739,Germany,FEMALE,25 units,5 units,113113.12,1,1,0,129181.27,0
15606507,Pisani,555,France,Male,24,5,0.0,2,1,0,₹27513.47,0
15689526,Shih,542,NULL,Female  ,35,9,127543.11,2,,0,468.94,1
15641690,Hsiao,681,Spain,Male,67,7,0.0,2,0,1,163714.92,0
15779809,Giordano,₹655,France,MALE,44,8,87471.63,1,0,1,188593.98 units,0
15727619,Lock,753,Germany,Female,46,9,113909.69 units,₹3,1,0,₹92320.37,1
15678916,Kelly,₹512,France,Female,75,2,0.0,1,1,0,123304.62,
₹15586069,Abernathy,560,France,Female,30,,108883.29,1,1,0,27914.95,0
15759317,Vasilieva,748,Germany,Female,27,2,90971.85,1,1,1 units,131662.47,0
15680901,Potter,652,France,Female,34,6,97435.85,2 units,1,1,104331.76,0
15615322,NULL,528,Spain,Male,43 units,7,97473.87,2,,1,159823.16,₹0
15704378,Calabrese,,Germany,Male,37,9,121342.24,,1,1,180241.44,0
15779886,Munson,,Spain,,24,7,0.0 units,,0,0,16319.56,0
15573599,Adamson,506,France,Female,57,6,0.0,2,0,1,194421.12,1
₹15588986,Grant  ,673,Germany,Female,29 units,4,,1,1,1,9796.69,0
15569670,Alexeyeva,627,Germany,Male,30,6,112372.96,1,1,1,₹118029.09,0
15615938,NULL,502,France,Female,64,3,139663.37,1,0,1,100995.11,
15703354,,808,France,Female,33,2,103516.87,1,1,0,113907.8,0
15640686,Greco,700,,Male,46,5,95872.86,1,1,0 units,98273.01,₹1
₹15667476,Cox,477,Germany,Female  ,36,3,,₹1,0,0,74042.0,0
15690772,Hughes  ,635,NULL,Female,48,2,0.0,2,1,,136551.25,0
15730488,,516,SPAIN,Female,27,1,₹0.0,1,0,1,112311.15,0
15673747,Ayers,519,France,Female,22,8,0.0,1,0,1,167553.06,0
15711386,Trentini,724,France,Female,29,6,0.0 units,,0,1,64729.51,0
15580872,Chinweike  ,761,Germany,Female,38,₹1,120530.13,2,1,0,109394.62,₹0
15612095,Calabrese,₹751,France,FEMALE,48,9,0.0,1,1,0,137508.42,1
15616931,Moore  ,653,France,Male,41,8,,1,1,0,55663.85,0
15705620,Lu,730,FRANCE,Male,34,5,122453.37,2,1,0,138882.98,0
15815316,Kennedy,644,FRANCE,Male,50,₹9,76817.0,4,1,0,196371.13,1
15717527,Ifeanacho,619,France,Female  ,49,9,145359.99,1,1,,₹38186.85,0
15722246,Omeokachie,₹742,France,Female,60,4,0.0,1,1,1,13161.66,1
15769516 units,Shcherbakov,674,,Female,42,9,0.0,2,1,0,4292.72,0
15749328,Johnson,₹697,France,NULL,45,1 units,0.0,2,1,0,46807.62,1
15677764,Chao,461,Germany,Female,₹74,1,186445.31,2,,1,196767.83,0
15667521,Crawford,631,France,Female,22,3,0.0,2 units,,0,30781.77,0
15621064 units,Russell,701,Germany,Male,23,5,186101.18 units,2,1 units,1,76611.33,0
15789924,Hussain,₹658,France,Female,39,4,₹0.0,1,1,1,147530.06,0
15671097,Carter,428,France,Female,,2,0.0,2,1,0,54487.43,0
15637599,Cremonesi,510,GERMANY,Female,₹44,4,123070.89,1,1,0,28461.29,1
15643824,Johnston  ,637,FRANCE,Male,33,0,132255.99,2,0,1,74588.41,0
15611371,Siciliani,736,FRANCE,Male,43,4,176134.54,₹1,1,1,52856.88,0
15715796,Romani,728,France,Male,37,0 units,0.0,2,1,1,72203.8,0
15705860,McKenzie,631 units,Germany,Male  ,40 units,3,107949.45,1,1,0 units,52449.62,1
15778515,Wu,748,France,Male,40,3,₹95297.11,1,0,0,,0
15584114,Ogbonnaya,678,Germany,Female,43,2,153393.18,2,1 units,1,193828.27,0
15729489,Hyde,762,Germany,Female,34 units,8,98592.88,1,0,₹1,191790.29,1 units
15689980,Willis  ,725,NULL,Female,₹36,4,118520.26,1,0,0,131173.9,1
15691910 units,Lu,663 units,Spain,MALE,30,4,0.0,3,1,0,101371.05,0
15662901,Hu,656,France,Male,37,2,0.0,2,0,1,₹67840.81,0
15679909,Pugliesi,665,SPAIN,Male  ,₹41,₹8 units,0.0,2,1,0,132152.32,0
15796351,Yao,603,GERMANY,Male,35,1,105346.03,2,1,1,130379.5,0
15755196,Lavine,834,France,Female,49,2,₹131394.56,1 units,0,0,194365.76,1
15581620,Franklin,597,France,Male,₹28,₹2,0.0 units,3,1,1,,0
15654463,Moore  ,841,France,NULL,34,4,0.0,,1,0,141582.66,₹0
15633108,Thorpe,646,France,Male,26,4,139848.17,1,1,₹0,164696.27,0
15609070,NULL,515,Germany,MALE,,7,120961.5,3,1,1,39288.11,1
15653251,Hickey,408,France,Female,84,8,₹87873.39,1 units,0,0,188484.52,1
15739578,CHIAZAGOMEKPERE,850,FRANCE,Male,49,6 units,128663.9,1,1,0,,1
15723884,Nekrasova,758,Spain  ,Male,40,3,0.0,2,0,0,96097.65,0
15660147 units,Dore,493,Spain,Male,32,8,46161.18,1,1,1,79577.4,0
15697360,Yudina,505,France,Female,36,2,79951.9,1,0 units,1,174123.16,1
15764072,Somerville,₹759,France,Female,31,1,109848.6,1,,1 units,42012.55,0
15744689 units,T'ang,479,Germany,Male,35,9,92833.89,1,,0,99449.86,1
15637979,Fuller,664,Germany,Female,36,2,127160.78,2,1 units,0,78140.75,0
15749799 units,Pisani,577,France  ,Female,34,2,0.0,2,1,1,84033.35,0
15807107,Patel,,France,Male,32,3,121394.42,1,1,0,164081.42,0
15630551,Forbes,696,France,Male,33 units,2,163139.27,1,1,1,7035.36,0
15766887,Iadanza,538,Spain,Male,39,2,122773.5 units,2,1,1,58467.08,0
,Scannell,764,Spain,Female,48 units,1,75990.97,1,1,0,158323.81,1
15719302,Brennan,765,France,Female,50,9,126547.8,1,1,1,79579.94 units,1
15658100,Piccio,695,France,Female,42 units,0,0.0,2,0 units,₹1,140724.64,0
₹15620557,Ni,,Spain,Male,37,4,101470.29,1,0,1,88838.14,0
15624677,Marquez,543,Germany,Female,37,3,122304.65,2,0,0,33998.7,0
15599722 units,Chia,609,Spain  ,Female  ,₹43 units,6,86053.52,2,1,₹1,113276.46,1
15750264,Pinto,₹757,NULL,Male,30,₹6,105128.85,2,1,1,62972.13,0
₹15752953,CHIEN,634,France,Male,45,9,0.0,2,0,0,17622.82,0
15724944,Tien  ,663,FRANCE,Male,34,7 units,0.0,2,1,1,180427.24 units,0
,Forwood,682,France,Female,43,5,125851.93,1,₹1,1,,₹0
15688210 units,Sims,670,France,Female,39,8,101928.51,1,0,0,,0
15750549,Akobundu,660,Germany,Male,30,1,84440.1,2 units,1 units,1 units,60485.98,0
15682585,Guerra,,France,,35,9,114193.24,1,1,0,71154.1,0
15807709,Kirby,714,Germany  ,Female,55,9,180075.22,,1,1,100127.71 units,0
15779913,Davidson,586,France,Male,27,5,₹130231.8,2,1,1,192427.16,0
15657468,,711,Germany,Female,53,5,123805.03 units,1,1,0,102428.51,0
15574947,Cartwright,656,France  ,Male,36,8,97786.08,2,,1,₹21478.36,0
15625904,Wang,624,France,Male,26,9,74681.9,2 units,0,0,31231.35,0
15610686,Melton,850,France,Male,63,8,169832.57,1,₹0,0,184107.26,1
15686963,Hardiman  ,680 units,Spain,Female  ,30,3,0.0,1,1,0,160131.58,0
15594409,Belov,710,France,Male,45 units,1,0.0,2,1,1,36154.66,0
15792453,More,₹602,Spain,Female,42,1,138912.17,1,1,1,139494.75,0
15774507,Furneaux,574,France,Female,₹39,5,₹119013.86,1 units,1,0,103421.91,0
15755678,Kovalyov,534,France,Male,62,2,0.0 units,2,0,0,42763.12,₹1
15592645 units,Gibbons,704,Spain,Male,37,4,0.0,₹2,0,0,25684.93,0
15657779,Boylan,806,Spain,Male,18,,0.0,2,1,1,86994.54,0
15665460,Isayeva,732,Spain,Female,67,1,0.0,2,1,1,177783.04,0
15815443,,527,Spain,Female,46,10,131414.76,₹1,1,0,54947.51,0
15636700 units,,701,France,Male,39,9,140236.98,1,₹0,1,146651.99,0
₹15603846,,711,NULL,Male,37,2,0.0,2,1,0,83978.86,1
15613282,Vorobyova,757,France,Male  ,29,8 units,130306.49,1,1,₹0,77469.38,0
15799156,Okwuadigbo,569 units,Spain,Male,,8,0.0 units,2,0,₹0,79618.79,0
15639665,Herbert,846,SPAIN,NULL,,0,0.0 units,2,1,1,96202.44,0
15730038,Docherty,706,France,FEMALE,23,5,0.0,1,0,0,164128.41,1
15623966 units,Yermakov,578,France,Female,35,2,0.0,₹2,0,1,26389.92,0
15811261,,617,Spain,MALE,₹42,0,70105.87 units,1,1,₹1,120830.73,0 units
15725794,Winters,659,France,,₹49,1,0.0,1,1,0 units,116249.72,1
15669219 units,Wilson,₹588,Germany,,35,3,104356.38,1,1,₹0,94498.82,0
15793042,Sung,629,France  ,Male,39,2,129669.32,2,1,0,82774.07 units,₹0
,Wagner,554,Germany,Female,54,6,108755.0,₹1,1,0,40914.32,1
15740470,Vinogradov,725,France,Male,39,4,160652.45,₹2,1,0,57643.55,0
15706534,Enyinnaya,581,France  ,FEMALE,47,1,122949.14 units,,0,0,180251.68,1
₹15710397,Lin,₹584,France,Male,26,4,0.0,2,1,0 units,147600.54,0
15781307,Schneider,779,Germany,Male,₹37,7,120092.52,2,1,0,135925.72,0
15648461,Hs?eh,688,Spain,Male,37,7,138162.41,2,1,1,113926.31,0
15733964,Russo  ,606,NULL,Female,53,1,109330.06,1 units,1,1,75860.01 units,0
15690670 units,Cox,720,France  ,Male  ,33,2,0.0,2,0,1,141031.08 units,0
15730868,Marshall,747,France  ,NULL,41,5 units,0.0,2,1,1,22750.17,0
15603088,Rossi  ,451,Spain,Female,23,9,0.0,2,0,1,48021.71,0
15799479,Coles,809,Spain,Male,33,9,0.0,1,1,1,124045.65,0
15731478,Nicholls,712,France,Female,42,1,87842.98,1,0,0,92223.59,0
15724307,Mitchell,780,,Male,76,10,121313.88,1,0,1,64872.33,0
15751208,Pirozzi,684,Spain,Male,56,8,78707.16,1,1,1 units,99398.36,0 units
15574830 units,Townsley,633,Germany,Male,58,2,128137.42,2,1,₹0,147635.33,1
15581654,Long,798,,Male,,7,0.0,2,0,1,37731.95,0
15740630,Pisano,487,Spain,Female,31,1,₹0.0,2,1,0,₹158750.13,0
15728010,NULL,485 units,,Male,37,,0.0,2,0,1,170226.47,0
15657778,JEFFERSON  ,657 units,France,Male,33,1,84309.57,2,0 units,0,103914.4,0
15704231,Barrett,430,France,Female  ,33,8,0.0,1,1,1,69759.91,0
15738248,Lo,662,France,Female,37,5,0.0,2,1,0,₹151871.84,0
15739803,NULL,686,Spain,Male,,9,0.0,2,1,0,127569.8,0
15589969,Capon,850,France,Male,34 units,6,0.0,1,0,1,52796.31,₹0
15682421,Talbot,683,France,NULL,30,2,0.0,₹2,0,1,100496.84,1
15720463,HO,796,France,Male,30,2,137262.71,2,1,0,62905.29,0
15795571,Patterson,606,Spain,Male,36,0,94153.56,1,0,1,120138.27,0
15618950,Lo Duca,644,Spain,Male,₹26,8,96659.64,2,1,1,138775.69,0
15658052,NULL,626,France,Female,44,10,81553.93,1,1,0,20063.63,₹1
15705343,May,649,Spain,Female,32,₹7,0.0,1,1,0,28797.32,0
15712199,Ijendu,655,NULL,Female,61,2,183997.7,2 units,1,1,161217.18,0
₹15648898,CHUANG,560,Spain,Female,₹27,7,124995.98,1 units,1,1 units,114669.79,0
15686242,Otutodilichukwu,771,France,Female,57,4,0.0,1,0,0,85876.67,1
15615991,Udegbulam,654,France,Male,42,,99263.09,1,1,1,67607.9,0
15807546,Chinwendu,837,France,Female,38,2,0.0,2,1,1,46395.21,0
15604588,Li Fonti,850,Spain,Female  ,38,3,0.0,2,,1,179360.76,0
15760873,Lombardo,594,France,Male,50,7 units,₹81310.34,1,1,₹1,183868.01,0
15808849 units,T'ien,702,France,Male,40,7,145536.9,1,,1,135334.24,0
15751193,Nnaemeka,621,Spain,Male,33,4,0.0,₹2,1,1 units,40299.23,
₹15633283,Padovano,₹536,France,Male,35,8,0.0,2,1,0,64833.28,0
15633834 units,Milne,700,,Female,28,3 units,99705.69,2,0,0 units,146723.72,0
15569187,Fleming,,Spain,Male,35,9,0.0,2,0,0,143774.06,0
15656249,Esposito,720,France,Female  ,34,3,118307.57,2,1 units,1,136120.29,0
15586870,Ni,632,France  ,NULL,,4,193125.85,1,,1,152665.85,0 units
15720338,Mazzanti,592,SPAIN,NULL,55,8,85845.43,2,1,₹1,128918.42,0 units
15759274,Micklem,447,France,Female,32,10,0.0,1,1,1,151815.76,0
15729238,PENG,631,Germany,Male,48,1,106396.48,1,1,1 units,150661.42,₹1
15685346,Chu,736,Spain,Female,26,4,135889.13,1 units,1,1,165692.03,0
15808473,Ringrose,673,France,Male,72,1,0.0,2,0,1,111981.19,0 units
15646859,Heydon,621,Germany,Male,47,7,107363.29,1,1,1,66799.28,0 units
15596671,Endrizzi,603,SPAIN,Female,42,,91611.12,1,0,0,144675.3,1
15707488,Tan,560,France,Female,27,5,0.0,2,1,0,₹131919.48,0
15603246,Genovesi,498,France,Male,73,₹2,170241.7,2,1,1,165407.96,0
15730433,NAKAYAMA,580,Germany,Female,₹38,1 units,128218.47,1,1,0,125953.83,1
15767264,Lawson,465 units,Germany,MALE  ,53,1,117438.17,1,0,0,₹74898.8,1
15638272,Tien,609,Spain,Male,32,4,99883.16,1,1 units,1,120594.85,0
15728564,Lo,682,France,Male,,6 units,0.0,2,0,1,134158.09,
15582116,Ma,767,Germany,Female,45 units,7,132746.2,2,1,₹0,26628.88,1
15571843,Lawrence  ,486,Spain,Male,24,1,0.0,1 units,1,₹0,98802.76,0
15720649,Ferdinand,641 units,France,Female,₹36,₹5,66392.64,1,1,0,31106.67,0
15634245,Muecke,₹758,Germany,Female,47,9,,,1,0,73294.48 units,0
15694510,Ifeanyichukwu,725,FRANCE,Male,45,1,129855.32,1,0,0,24218.65,0
15628886,Matlock,677,Spain,Male,56 units,,123959.97,1,1,1,60590.72,1
15732628,Ugoji,745,France,Male,46,2,122220.19,1,1,1,118024.1,0
15615032,Peng,624,Spain,Male,46,3,0.0,2,1,1 units,62825.03,0
15786905,Russo,749,Germany,Female,40,8,141782.57,2,0,0,86333.63 units,0
15652401,Lafleur,496,France,Female,,7,0.0,2,0,0,108098.28,0
15621021 units,Dwyer  ,687,Spain,Female,40,1,0.0,,1,0,8207.36,0
15788686,Gibson,₹538,Spain,Male,40,8,0.0,2,1,1,25554.4,0
15750476,Hendrick,742,Spain,Male,24,8,0.0,2,1,0 units,4070.28,0
15726588,Seleznev,653,Spain,Female,36,3,0.0,2,0,0,110525.6,0
15574608,Sidorova,713,France,MALE,36,8,₹133889.35,1,1 units,,143265.65,0
15693737 units,Carr,627,Germany,Female  ,30,4 units,79871.02,2,1,0,129826.89,0
15760244,Ives,590,France,Female,76 units,5,160979.68,1,0,1,13848.58,0
15716609,L?,484,Germany  ,Male,54,3,,1,0,0,49954.79,1
15776780,He,608 units,France,Male,59,1,0.0,1,1,0,70649.64,1
15725639,Ignatyev,793,France,Female,63,9,116270.72,,1,1,184243.25,0
15650670,Bateson,,GERMANY,Female,40,2,₹105222.86,2,1,,93795.86,0
15704209,Noble,802,FRANCE,Female,39,7,120145.96,2 units,0,1 units,59497.01,1
15721433,HIXSON,664,France,Female,38,4,74306.19,,1,0,154395.56 units,0
15574743,Chiu  ,577,Spain,Male,29,2 units,0.0,1,1,1,168924.41,0
15704081,Findlay,595,Germany,Male,30,₹9,130682.11,2,1,1,57862.88,0
15642619,Mayne,₹603 units,,Male,46,2,0.0,2,1,0,174478.54,0
15784445,Huang,717,Spain,MALE,33,1,99106.73,1,0 units,₹0,194467.23,0
15801296,Farber,634,,Female,₹37 units,₹7,143258.85,2,1,,192721.98,₹0
15660735,T'ang,581 units,Spain,Female,31,6,0.0,2,1,0,188377.21,0
₹15567855,Chukwufumnanya,623,France,Female,29,1,0.0,2,0,0,39382.06 units,0
15648075,Hebert,686,Germany,Female,47,5,170935.94,1,1,0,173179.79,1
15584453,Burtch,555,Spain,Male,32 units,10,0.0,₹2,0 units,1,₹168605.96,0
15750258,Ann,675,France,Female,32,2,155663.31,1,1,0,97658.66,0
15609319,NULL,711,FRANCE,Female,41,3,145754.91,1,1,1 units,101455.07,0
15782390 units,T'ien,621,France,Female,40,6,0.0,1,1,0 units,155155.25,0
15615219,Obielumani,518,France,Male,59,5,₹138772.15,1,0,1,123872.0,0
15614687,Tien,677,,Female,44,4,148770.61,2,1,1,₹191057.76,0
15786617,Arcuri,485,Germany,Male,,3,133658.24,1,1,0,70209.83,0
15746515,Greece,750,France  ,Male,36 units,7,136492.92,3,₹1,1,26500.29,1
15812184,Rose,674,France,Female,31,1,0.0,1,1,₹0,128954.05,0
15724691,Gordon,712,France,Male,₹34,1,₹0.0,2,1,1,195052.12 units,0 units
15589017,Chiu,547,Germany,MALE,55,4,111362.76,3,1,0,16922.28,1
15680736 units,Milne,597,Germany,Female,72,6,,2,1,1,7144.46,
15749727,NULL,829,Spain,Male,50,7,0.0,2,0,1,178458.86,0
15664150,Holland,528,Germany,Female,29,9,₹170214.23,2,1,0,49284.0,0
₹15584190,NULL,704,France,Male,36,7,120026.98,2,,1,100601.73 units,0
15571550,Dore,699,France  ,Male,₹39,9,0.0,₹1,1,0,80963.92 units,0
15701291,Chidubem,601,France,Male,44,3,0.0,2,1,0,30607.11,0
15621423 units,Lavrentyev,736,France,Female,42,7,117280.23,3,0,0,41921.06,₹1
,Chimaobim,681,Germany,Male,49,8 units,142946.18,1,0,0,187280.51,1
15798888,Pisano,605,Germany,Female,31,1,117992.59,1,1,₹1,183598.77,0
15812850 units,Stradford,494,Spain,Male,67,5,0.0,2,,1,85890.16,0
15665943,NULL,445,France,Male,25 units,6,0.0,2,1,0,119425.94,0
15728043,Udinese,648,Germany,Female,37,7,138503.51,₹2,1,0,57215.85,0
15694349,Ngozichukwuka,,Spain,Male,44,7,0.0,1,0,1,6923.11,0
15809772,Glover,667,France,Male,48,2,₹0.0,1,1 units,₹0,43229.2,0
15753679,Mullawirraburka,778,France,NULL,24,4,0.0,₹2,1,1,162809.2,0 units
15742824,Isayeva,696,Germany,Male,42 units,7,162318.61,1,1,0,121061.89,0
15601589,Baresi,675,France,Female,57,8,0.0,2,0,₹1,95463.29,0 units
15580682,Tsai,652,France,Female,40,₹4,79927.36,2,1,1,33524.6,0
15674110,Walton,701,France,Female,43,2,160416.56,1,0,1,37266.43,0
15781777 units,Sutherland  ,604 units,France,Male,33,3,148659.48,1,0,0,42437.75,0
15702277,Smith,650,France,Male,34,,106005.54,1,0 units,1,142995.32,₹0
15592197,Simmons  ,522,Spain,Male,30,3,0.0,2,1,0,145490.85,0
15758451,Azuka,765,Germany,Male,37,7,102708.77,1,1 units,0,9087.81,0
15791851,Afanasyeva,726,France,Female,34,0,185734.75,1 units,1,1,102036.82,0
,LETTIERE,640,Spain,Female,₹46,8 units,0.0 units,2,₹1,0,89043.19,0
15684248,Meng,658,Spain,Male,21,7,0.0,2,0,1 units,154279.87,0
15636521,Feng,744,Spain,Female,30,1,124037.28,1,1,1,142210.94,0
15690958,Cantrell,767,Germany,Male,23,2,139542.82,1,0,1,28038.28,
15590201,Fiorentini,500 units,Spain,FEMALE,50,5,₹0.0,4,1,1,83866.35,₹1 units
15773487,Conway,634,Germany,Female,31,8,76798.92,1,0,0,196021.73,0 units
15597930,Wilson,646,FRANCE,Male,₹52,8,59669.43,1,0,0,172495.81,1
15762615,Campbell,597,SPAIN,Female,40,8,101993.12,₹1 units,0 units,1,94774.12,₹0
15710164,P'eng,523,France,,73,7,0.0,2,0,0,130883.9,1
15640266,Windsor,621,Spain,NULL,41,5 units,104631.67,1,1,1,95551.22,0
15757188,Chimaijem,644,Spain,Female,₹26 units,4,153455.72,2,1,1,₹82696.84,0
15626742,Carpenter,694,France,Male,36,3,97530.25,₹1,1,1,117140.41 units,0
15732448,Stewart  ,821,France,Female,28,8,0.0,1,1,1,36754.13,0
15797010,Shen,649,France,FEMALE,31,2,0.0,2,1,0,15200.61,0
15614847,Townsend,₹674,France,Female  ,45,6 units,72494.69,1,₹0,1,140041.78,0
15701333,BLACKBURN,646,France,Female,37,7,96558.66,1,0,0,163427.18,0
15751412,Harvey,704,France,MALE,36,3,,1,0,1,66810.48 units,0
15703793,Konovalova,738,Germany,Male,58 units,2,133745.44,4,1,0,₹28373.86,1
15705765,Lane,581,SPAIN,Female,46,1 units,0.0,2,1,0,104272.04,0
15708422,Hsiung,677,Spain,Female,35,0,0.0,2,0,0,76637.38,0
15627365,CALABRESI,732,France,Male,46,0,0.0,2,₹1,1,184350.78,0
15724443,NULL,703,Germany,Female,29,3,122084.63,₹1,0,1,82824.08,0
15645095,Huang,674,France,Female,28,3,0.0,1,₹1 units,0,51536.99 units,0
15633181,Swinton,792,France,Male,31,6,71269.89,2,0,1,125912.77,
15807923,Young,716,Germany,Female,39,10,115301.31,1,1,0,43527.4,1
15726556,Macgroarty,594 units,Germany,Female,26,6,135067.52,2,0 units,0,,₹0
15812832,Jideofor,562,Germany,Male,33,8,,2,1,0,1354.25,₹0
15772618,Tyler,665,France,Male,25,7,90920.75,1 units,₹0,1,112256.57,0
15766552,Rossi,643 units,France  ,Male,37,6,0.0,2,0,0,₹142454.77,0 units
15718765,Maclean,501,,Male,43,6,104533.24,1,0 units,0,81123.59,1
15757559,Broadhurst,595,France,Female,53,7,0.0,2 units,1,0,41371.68,1
15815626,Oluchi,640,NULL,Male  ,63 units,2,68432.45,2,1,1 units,112503.24,1
15624633,Kibby,702,France,Male,45,9,74989.58,1,1,1,171014.69,0
15607629,Hollis,679 units,France,Male,48,8,0.0,2,1,0 units,₹23344.94,0 units
15649292,Bellucci,748,France,FEMALE,49 units,,29602.08,1,0,0,163550.58,1
15577905,Hammond,660 units,France,Male,34,8,106486.66 units,2,0,1,182262.66,0
15683993,Knight,493,France,Female,37,8,142987.46 units,2,1,0,158840.99,0
15785170,Neal,850,Germany,Female,32,0,116968.91,1,0,0,175094.62,0 units
15796617,McGregor,720,France,,29,2,0.0,2,1,0,39925.52,0
15720924,Chijioke,585,France,Female,34,1,0.0,1,1 units,1,75503.6,0
15786153,McKenzie,644,Germany,MALE,47,9,137774.11,2,1 units,0,151902.78,0
₹15732268,Cook,751,,Male,29,3,159597.45,1,1,0,39934.41,0
₹15763414,Degtyarev,655,Germany,Male,32,₹9,113447.01,1,1,0,82084.3,0 units
15797733,UDOBATA,503,Germany,MALE  ,30,10,136622.55,₹2,0,0 units,47310.24,0
15808544,Cameron,747,France,Female,40,3,0.0,1,0,0,57817.84 units,1
15812918,Scott,432,France,Female,27,6,62339.81,2,0,0,53874.67,0
15642099,Tsui,679,Spain,Male,39,6,0.0,2,1,0,12266.06,0
15659501,Chioke,753,France,Female,38,6,142263.45,1 units,,1,33730.43,0
15627385,Uwaezuoke,748,France,Male,34,5,84009.47,1,1,1,137001.1,0
15744607,NULL,738,Germany,Male,43,,121152.05,2,1,0,64166.7,1
,Macintyre,653,France,Female,27,9,0.0,2,1,0 units,96429.29 units,0
15680197,Thynne,701,France,Male,41,10,0.0,2,,1,146257.77 units,0
15567834 units,Nieves,719 units,France,Male,49,₹5,105918.1,,,1,16246.59,0
15686099,Ruse  ,563,Spain,Male,61,1 units,82182.1,1,1,0,106826.92,1
15611551,Hill,676,SPAIN,Male,48,1,131659.59,2,,1,14152.15,0
15670374,Wright,819,Germany,Female,49,₹1,120656.86,4,0,0,,1
15641416,Shaffer,₹732,Germany,Female,61,9,94867.18,2,1,1,157527.6,1
15764195,NULL,519,Spain,Male,39,4,₹111900.14,1 units,1,1,97577.17 units,0
15814816,Kambinachi,466,France,Male,40,4,91592.06,1,1,0,141210.18,1
15771668,Henderson  ,578,France  ,Male,59,10,185966.64,1,0,0,9445.42 units,1
15813192,Chukwuemeka,494,France,Male,25,6,0.0,2,0,1 units,109988.09,0
15684103,Mellor,674,France,Female,26,10,0.0,2,1,1,138423.1,0
₹15619955,Bevington,733,Germany,Male,34,3,100337.96,3,1,0,48559.19,
15792029,Lee,620,France,Male,32,6,0.0,₹2,1,0,56139.09,0
15660422 units,Chung,₹569,France,Male,28,7,0.0,2,1,0,73977.23,0
15643330,NULL,594 units,France,Male,37,2,0.0,2,0,1,95864.5,0
15570002,Burlingame  ,625,Germany,Female,55,8,118772.71,4,0,0,135853.62,1
,Louis,648,France,Male,32,,0.0,1,₹0,1,117323.31,0
15610403,Anderson,659,France,Male,43,₹1,106086.42,₹2,1,0,26900.63,0
15693347,Gardener,676,France,Female,32,5,0.0,2,1,1,75465.41,0
15716236,Milani,499,France,Male,35,10,0.0,2,1,0,10722.54,0
15815295,John,662,FRANCE,Female  ,38,2,96479.81,1,1,0,120259.41,0
15567897,Chiazagomekpere,619,GERMANY,Male,23,5,132725.1,1,1,1,143913.33,0
,Gorbunov,₹663,France,MALE,22,₹6,0.0 units,2,0,1,131827.15,0
15812197,Kline,850,FRANCE,Male,38,7,80293.98,1,0,0,₹126555.74,0
₹15650442,Hsieh,644,NULL,Female,32,8,141528.88,1,1,1,167087.34,1 units
15717706,Forbes,799,France  ,Female,32,3,106045.92,2,1 units,₹1,17938.0,0
15612444,Manfrin,549,France,Male,29,3,0.0,2,₹1,0,146090.38,0
15635776,Trevisani,686,,Female  ,43,5,154846.24,2,1 units,1 units,151903.6,₹0
15682728,Mathews,774,France,Female,32,₹4,0.0,,0,0,114899.13,0
15755642,Bulgakov,667,France,Male,34,5,0.0,2,1,1,102908.63,0
15753370,McDonald,691,Germany,Female,38,5,114753.76,1 units,,0,107665.02,0
15705458,Parkin,550,Spain,Male  ,39 units,2,116120.19,₹2,1,1,₹195638.13 units,0
15687765,Chukwujamuike,538,Germany,Female  ,42,4,80380.24,1,1,0,119216.46,0
15684669,Parkes,567,France  ,Female,41,9,137891.35,1,,0,142009.46,1
15602845,Udinesi,466,Germany,Male,41,2,152102.18,2,1,0,₹181879.56,0
15602994,Gorbunov,487,France,Female,53,10,89550.85,1,0,1,90076.85,0
15796343,Bazhenov,707,France,Female,₹31,2,82787.93,2,0 units,0,91423.69,0
15800620,Fitzgerald,691 units,France  ,Female,29,9,0.0,2,0,0,199635.93,0
15783526,Le Hunte,589,FRANCE,MALE,36,1 units,100895.54,1,1,1,68075.14,0
15629448,Brady,632,Spain,MALE,38,1,120599.21,1,1,₹0,92816.86,0
15708710,Ford,525,Spain,Female  ,37,0,0.0,1,0,,131521.72,
15605531,Daly,457 units,Spain,Female,38,6,0.0,2,1,0,173219.09,0
15730137,Udegbulam,628 units,France,Male,31,,88421.81,1,0,0 units,72350.47,0
15761606,Law,₹617,Spain,NULL,37,₹9,101707.8,1,1,0 units,123866.28,0
15639662,Phillips,710,France,NULL,38,2,,2,,0,96.27,0
15596552 units,Stephens,535,GERMANY,Male,48,5,134542.73,1,1,1,58203.67,1
15683758,Onyekachukwu,640,France,,44 units,7,111833.47,1,₹1,0,67202.74,0
₹15766355,Lettiere,550,Germany,Male,49,0,108806.96,3,1,0,61446.92,1
15721719,NULL,743 units,France,Male,42,7,₹77002.2 units,2,,1,80428.42,0
15636330,Ch'in,,GERMANY,Female,,1,143279.58,2,1,0,31580.8,1
15736534,Elkins,742,Germany,Male,33,0,₹181656.51,₹1,1,1 units,107667.91,0 units
15567630,Bruce,721,Germany,Male,40,6,100275.88,1,1,0,138564.48,1
15772573,Simpson,735,SPAIN,Male,55,2,103176.62,1,0,1,163516.16,
15743582,T'ang,632,France,NULL,27,3,107375.82,1,1,1 units,62703.38,0
15710450,Okwudiliolisa,848,Spain,Male,22,7,120811.89,1,1,₹1,185510.34,0
15574761,Lynch,466,France,Female,,3,33563.95,2,,0,178994.13,1
15731511 units,Ritchie,808,France,Male,45,7,118626.55,2,1,0,₹147132.46,0
15697678,MAXWELL,,Germany,Male,36,6,92340.69,2,,1 units,174667.58,0
15761783,SHAH,577,France,Male  ,41,6,0.0 units,1,1,1,167621.18,0
15649487,NULL,578,Germany,Female,38,4 units,113150.44,2,1 units,0,,1
15800031,Laura,681,NULL,Male,43,3,₹66338.68,1,1,1,18772.5,1
15787710,Tikhonov,427,Spain,Female,39,9,,2,1,0,28368.37 units,0
15567832,Shih,550,France,Female,40,7,114354.95,1,1,0,54018.93,0
15585362,Simmons,749,France,Female,60,6,0.0,,1,,17978.68,1
15754301 units,Bruche,704,France,Male,39,₹5,0.0,1,1,0,6416.92,0
15629273,Lin,638,Germany,Male,42,8,145177.84,1,1,0,193471.74,1 units
15632143 units,Lung,652,France  ,Male,31,2,119148.55,1,0,0,149740.22 units,0
₹15756871,Capon,512,NULL,Male,39,3,0.0,1,1,0 units,134878.19,0
15634267,Yudin,717 units,France,MALE,42,5,0.0,,1,0,172665.21,0
15685564,Nnamutaezinwa,,Spain,Male,35,5,,1,1,1,150057.2,0
15709639,Wilson,₹717,France,Female,22,5,112465.06,1,1,1,92977.75,0
15771857,Philipp,513,NULL,Male,39,7,89039.9,2,1,1,146738.83,0
15636428,Sutherland,703,Spain,,45,1,0.0,1,,0,182784.11,1
15809991,Ferrari,756,Spain,Male,19,4,130274.22,1 units,1,1,133535.29,0
15600258,Chesnokova,701,France,Male,43,₹2 units,0.0,2,1,1,₹165303.79,0
15728333 units,McBurney,521,France,Male,43,8,0.0,1,1,1,93180.09,0
,Bell,729,France,Female,36,8,109106.8,1,0,0,121311.12,0 units
₹15620832,Dean,723,France,Female,35,0,0.0,2,0,1,61290.99,0
15599433,Fanucci,660,Germany,Male,35,8,58641.43,1,0,1,198674.08,0
15777855 units,Manna,649,France,Male,45,7,0.0,,0,1,75204.21 units,0
15732704,Piazza,582,Spain,Male,25,9,148042.97,2,1,0,52341.15,0
15600462,Barwell,542,France,Female,43,8,145618.37,1,0,₹1,10350.74,0
15598510,Colombo,583,Germany,Male,27,4,105907.42,2,1,1,195732.04,0
15579433,Pugh,793,Spain,Male,29,8,96674.55,2,0,,,0 units
15720745,Murray,635,Spain,Male,24,4,140197.18 units,1 units,1,1,142935.83,0
15690175,BALL,585,Spain,Male,₹45,0 units,0.0,2,0,₹0,189683.7,0
15604093,NULL,546,France,NULL,34,4,165363.31,₹2,,1,25744.13,1
15710087,Nicholls  ,705,Germany,FEMALE,54,₹3,125889.3,3,1,0,96013.5,1
15718893,Pirozzi,404,Germany,Female,54,4,125456.07,1,1,0,83715.66,1
15676404,Kirillov,672,France,Female,50,1,0.0 units,1 units,₹1,0,12106.82,1 units
15578375,Farrell,,France,Male,39,6,0.0,2,0,0,134441.6,0
15689201,Dobie,721,FRANCE,Female,49,1,120108.56,1,0,1,183421.76,0
15658956,TUAN,505,Germany  ,Male,40,6,47869.69,2,1,1,155061.97,0
15684294,Chidumaga,735,FRANCE,Male,50,2,,2,0,1,147075.69,0
15605622,McMillan,841 units,Spain,Male,28,4,0.0,₹2,1,₹1,179436.6,0
15632967,Feng,520,France,Male,34,3,₹0.0,2,1,1,104703.96,0
15638487,She  ,586,Germany,Male,38,2,136858.42,,0,1,189143.94,0
15637876,Burns,663,Germany,Female,36,6,77253.5,1,,0,35817.97,1
15790235 units,Hsing,778,SPAIN,MALE,40,8,104291.41,2,1,1,117507.11,0
15642004,Alekseeva,686,France,Male  ,25,1,0.0,2,0,1 units,16459.37,0
15675888,Austin,550,Spain,FEMALE,33,9,72788.03 units,1 units,1,1,103608.06,0
15723604,Collins,639,FRANCE,Male,39,6,150555.83,₹1,1 units,0,30414.17,0
15718406,Marshall,₹540,France,Male,41,3,0.0,2,,0,121098.65,0
15765732,Simmons,564,Spain,Female,24,6,149592.14,1,1,₹1,153771.8,0
15593241,Tochukwu,₹444,France,Male,43,3,₹0.0,2 units,1,1,159131.21,0
15682489,Crumbley,605,France,Male,27,9,0.0,2,1,0,198091.81,0
15815690,Akabueze,614,,Female,40 units,3,113348.5,1,1,1,77789.01,0
15710257,Matveyeva,625,France,Female,39,3,130786.92,1,0,1,121316.07,
15603925,Greco,779,Spain,Female,26,4 units,174318.13,2,0,1,38296.21,
15708236,Wright,491 units,France,Female,72,6,91285.22,1,1,1,,0
15671534 units,HOVELL,646,Germany,Female,57,6,90212.0,1,1,0,13911.27,1
15678944,Brown,655 units,GERMANY,Female,32 units,6,130935.56,1,1,0,9241.83,1
15585066,Chimaraoke,660,NULL,Female,43,1,0.0,1,0,1,112026.1,1
15706128,Zhdanov,632,France,NULL,21,1,0.0,2,1,0,84008.66,0
15648876,Sandover,₹501,France,Female,34,5,0.0,1,1,0,27380.99,0
15791944,NULL,697,France,Male,32,₹7,₹175464.85 units,3,1 units,0,116442.42,1 units
15705448,Gilbert  ,647,Germany,MALE,52,7,130013.12,1,1,1,190806.36,1
15727915 units,Artemiev,507 units,France,NULL,36,4,83543.37,1,0,0,140134.43,0
15621195,Ch'eng,,Germany  ,Male,41,3,147974.16,2,1,0,170518.83,0
15802585,Pisani,634,France,Female,41,8,68213.99,1,1,1,6382.46,₹0
15697546,McIntyre,570,France,Female,36,3,₹0.0,2,1,0,92118.75,0
15722083,Ch'ang,₹591,Spain,MALE,39,8,0.0,2,₹0,0,42392.24,0
₹15573888,NULL,648,,Female,43,1,107963.38,1,0,0,186438.86,1
15626485,Lu,601,France,Female,26,8,78892.23,1,1,1,23703.52,0
15810432,Moseley,795,Spain,Male,35,,0.0,2,1 units,0,167155.36,0
15589698,De Luca,555,,Male,42,6,107104.5,1,1,1,41304.44,1
15700487,Osonduagwuike,805,France  ,Male,46,6,118022.06,3,1,₹0,162643.15,1
15800746,Watson,674,France,Male,45 units,7 units,144889.18,1,1,₹1,102591.9,1
15779620,Sinclair,₹575,FRANCE,,36,1,0.0,1,0 units,1,94570.56,0
,Skinner,657,France,Female,37,2,0.0,2,1,1,7667.48,0
15812324,King,779,NULL,Male,27,1,0.0,2,1,₹1,190623.02,0
15631451,Grant,604,Spain,NULL,28,6,0.0,2,1,1,69056.26,0
15643392,Woods,742,France,MALE,31,4,105239.1,1,1,1,19700.24,0
15668894,Abramova,661,Germany,MALE,41,5,122552.48,2,0,1,120646.4,0
15751445,Chikwado,734,Germany,,52,6,71283.09,2,,1,38984.37,0
15703143,NULL,820,France,FEMALE,29 units,3,82344.84,1 units,₹0,1,115985.38,0
15781034,Mason  ,796,SPAIN  ,Male,67,5,0.0,2,0,1,54871.02,0
15757607,Matveyeva,623,France,Male,45,0,0.0,1,1,0,196533.72,1 units
15796957,Iadanza,597,Spain,Male,35,9,0.0,3,0,₹1,73181.39,1
₹15662488,Udegbunam  ,627,France,FEMALE,44,,0.0,2,1,0,82969.61,1
15693382 units,MUIR,828,,Male,31,₹9,0.0,1,0,1,164257.37,0
15722902,Chizuoke,652,NULL,Male,50,8 units,125437.64,1,1,1,17160.94 units,1
15624975,Angelo,693,Spain,Male,28,1 units,145118.83,1,₹0,1,77742.38,0
15727703,Li Fonti,773 units,GERMANY,Male  ,₹34,10,126979.75,1,0,0,36823.28,
15711062,Thomas,633,Germany  ,Male,40,5 units,86172.81,₹2,1,1,117279.49 units,0
15639415,Thompson,850,NULL,Male,35,3,162442.35,1,1,0,183566.78,0
15573769,Fiorentini,764,France,Female,24,7,0.0,₹2,1,0,186105.99 units,0
15750772 units,Walker,671,France,Female,38,6,132129.72,1,0,1,76068.95,0
15791700,Ugochukwutubelum,773,Germany,Male,₹47,2,118079.47,4,1,1,143007.49,1
15577398,NULL,850,France,Male,30,6,86449.39,1 units,1,,188809.23,0
15637178,MISHINA,803,Spain,Female,45,7,0.0,2,1 units,1,128378.04,0
15651352,Tobenna,529,France,Female,38,2,0.0,1,1 units,0,146388.85,1
15659098,Toscano,₹669,France,Male,30,7,95128.86,1,0,0,19799.26,0 units
15810845,T'ang,636,France,Male,42,2,0.0,2,1 units,1,55470.78,0
15715199,Estrada,568,Spain,Male,27,5,126815.97,2,0,1,118648.12,0
15768682,Amies,640,Spain,Male,39,3,0.0,1,1,1,105997.25,0
₹15752081,Vassiliev,468 units,France  ,,56,10,0.0,3,0,1,₹62256.87 units,1
15785326,Randall  ,639 units,Spain,Female  ,35,5,136526.26,2,1,0,59653.03,0
15696900,BURNS,505 units,Germany,Male,₹29,3,₹145541.56,2,1,₹1,58019.95,0
15764284,Torres,714,Spain,Male,27,3 units,,3 units,1,1,129130.09,0
15613216,NULL,639,Spain,Female,39,1,141789.15,1,1,0,92455.96 units,0
15576216,Chienezie,655,Germany,Female,37,4 units,108862.76,1,1,0,79555.08,1
15736760,Douglas,₹538,Spain,Female,42,9,0.0,1,0,0,152855.96,0 units
15749345,Simpson,468,France,Female,22,1,76318.64,1,1,1,194783.12,0
15596972 units,Brownlow,₹534,France,Male,38,3,0.0,1,0,0,143938.27 units,0
15813113,CHANG,795,Spain,Female,56,5,0.0,1,1,0,35418.69,₹1
15748499,Johnson,550,GERMANY,MALE,33,4,118400.91,1 units,0,1,13999.64,1
15658548,Ignatiev,646,NULL,FEMALE,₹36,6,144773.29,2,₹1,0,53217.3,
15596939,Calabresi,659,NULL,Male,36,,132578.92,2,1,0,84320.94,0
15784890 units,McKenzie,763,Spain,Female,32,8,0.0,2 units,1,0,16725.53,₹0
,Clendinnen,662,FRANCE  ,,29,,147092.65,1,1,0,10928.3,0
15779862,Lyons,658,Germany,Female,,3,133003.03,1,0,1,146339.27,1
15669783,Simpson  ,586,France,Female,60,3,47020.65,2 units,0,1,63241.21,1
15615016,Maurer,515,France,Male,,2,₹0.0,2,1,1,136028.97,0
15777352,Ikedinachukwu,568,Spain,NULL,32 units,7,169399.6,1,1,0,61936.22,0 units
15694890,Lai,588,France,Male,38 units,1,₹124271.26,1 units,1,0,75969.19,0
15579223,NIU,573,Germany  ,Male,30,8,127406.5,1 units,1,0,192950.6,0
15677307,Lo,684,Germany,Female,40,6,137326.65,1,1,0 units,186976.6,0
15633064 units,Stonebraker,438,France,Female,36 units,4,0.0 units,₹2,1,0,64420.5,0
15813451,Fleetwood-Smith,677,Spain,Male,18,8 units,134796.87,2,1,1,114858.9,0
15594915,Crist,649,France,Female,36,8,0.0 units,2,0,1,109179.89,₹0
15801441,Campbell,670,,Female,35,₹2,79585.96,1,0,1,,0
15602124,Badgery,731,France,Male,30 units,7,0.0,2,1,1,184581.68 units,0
15587640,Rowntree,718,France,Female,43,₹0,93143.39,1,1,0,167554.86 units,0
15654772,Kwemto,640,France,FEMALE,47,6,₹89799.46,2 units,0,1,13783.77,1
15814033,Milano,759,NULL,NULL,₹38,1,0.0,2,1 units,0,₹20778.39,₹0
15771636,Marshall,793,Spain,Female,36,0,0.0,1,0,0,148993.47,0
15746012,Chibugo,₹729,SPAIN,Female,28,0 units,₹0.0,2,1,1,31165.06,1
15722053,NULL,576,Spain,MALE,33,3,0.0,2,0,1,190112.05,0
15639265,Isaacs,714,France,Male,54,7 units,126113.28,1,1,0,112777.38,0
15667554,Cameron,605,France,Male,35,6,0.0,2,1,₹1,45206.57,0
15614878,Yeh,660,Germany,Female,29,6,180520.29,₹1 units,₹1,1 units,123850.58,0
15793842,Krichauff,700,France,Female,34,2,76322.69,1,1,0,128136.29,0
15753888,Johnston,607,Spain,Female,62,8,108004.64,1,1,1,23386.77,1
15602405 units,Ryrie,,GERMANY,Female,38,9 units,99167.54,1,1,0,65720.92,0
15745794,Cocci,,France,Male,30,6,0.0,2,1,1,18471.86,0
15710390,Uspensky,655,France,Female,39 units,6,94631.26,2,1,1,148948.52,0
15712930,Duncan,587,France,Male,42,1 units,0.0,1,0,0,123006.91,0
15610426,Tien,764,France,NULL,39,5,81042.42,1,0 units,1,109805.17,0
15649379,Somayina,850,France,Female,46,3,0.0 units,2 units,1,1,187980.21,0
15626983,,605,Spain,Female,48,6,0.0 units,2,1,1,₹40062.99 units,0
15735358,Dowse,682,Spain,MALE,46,4,0.0,1,1,1,₹4654.28,0
15713160,Lin,669,Spain,Male,25,7,157228.61,2,1 units,0,124382.9,0
15659325,Todd,802,Spain,Male,40,5,0.0,2,1,1,175043.69,0
15571302,Estep,529,Germany,Male,72,5,94216.05,1,1,1,78695.68,0
15631063,Trentino,710,France,Female,33,2,0.0 units,2,1,0,72945.32,0
15659710,Lascelles,₹581 units,France,Male,25,5,77886.53,2,1 units,0,150319.49,0
15584363,Longstaff,824,France,Male,30,₹0,133634.02,1,1,1,162053.92,
15697702,NULL,730,Spain,Male,29,2,₹0.0,2,1,0,₹14174.09,0
15641007,Holden,614,France,Female,₹38,,72594.0,1 units,1,1,76042.48,0
₹15627876,Pavlova,719,Spain,Female,47 units,9,,1,1,0,63051.32,1
15597265,Mao,660,FRANCE,Male,38,7,0.0 units,2,0,1,146585.53,0
15793196,Kelly  ,759,France,MALE,41,9 units,0.0,2,0,1,190294.12,0
15772009,Scott,664,France,Female,41,5,0.0,1,1,₹1,152054.33,0
15713043,Siciliani,691,France,Female,33,6,0.0,2,1,,100408.31,0
15694805,McIntyre,,Spain,Male,35,1,115024.5,1,0,1,169665.79,0
15640769,Hobbs,660,France,Male,63,8,137841.53,1,1,1,42790.29 units,0
15740164,Genovesi,715,France,Female,33 units,3,85227.84,1,1,1,68087.15,0
15605916,Uvarova,659,France,Female,50,3,0.0,1,1,0,183399.12,1
15587611,Kauffmann,537,NULL,Male,59,,0.0,2,0 units,0,103799.77,1
15715745,,690,,NULL,26 units,5 units,157624.84,1,1,1,49599.27,0
15808971 units,Lajoie,693,Spain,Female,57,9,0.0,2,1 units,1,135502.77,0
15756026,Hooper,790,Spain,Female,46,9,0.0,1,0,0,14679.81 units,1
15751131,Moss,836 units,SPAIN,Female,41 units,7,150302.84,₹1,1,1,156036.19,0
15761286,Fan,696,Germany,Female,66,7,119499.42,₹2,1,1,174027.3,0
15699830,NULL,721,France,Female,40 units,7,0.0 units,2,1,1 units,122580.48 units,0
15634950,Obiajulu,657,Germany,Male,57,8,107174.58 units,1,1,1,126369.55,1
15792922,TU,639,Spain,Male,38,9,130233.14,1,1 units,1,81861.1 units,0
15735106,Bishop,647,Spain,Male,28,,149594.02,2,1,0,102325.19,0
15771222,Oguejiofor,779,France,Female,42,5,0.0 units,2,0,0,25951.91,0
15640521,Chidumaga,552,Germany,Male,33,3 units,144962.74,1,1,0,58844.84,1
15577478,Ch'iu,714,France,Female,72,3,0.0,₹1,1,1,86733.61,0
15693904,Chiang,685,Germany,NULL,30,4 units,84958.6,2,0,1,194343.72,0
15587013,Tien  ,653 units,France,Female,31,7,102575.04,1,1,1,11043.54,0
15587443,Akudinobi,728,FRANCE,Female,69 units,1,0.0,2,1,1,131804.86 units,0
15713483,Greeves,793,Spain,Male,52,₹2,0.0,1,1,0,159123.82,1
15718944,Artemiev,573,France,Female,37,6,0.0,2,1,0,193995.37 units,0
15646726,Crawford,672,France,Male,43 units,₹5,0.0,1,0,0,,0
15775572,,531,Germany,Female,42,6,88324.31,2,1,0,75248.75,0
15631603,Ponomaryova,813,France,Male,32,1 units,,1,1,1,26476.18,0
15713144,Ingrassia,588,Spain  ,Male,46,8,0.0,1,1,0 units,₹61931.21,0
15659175,Severson,755,France  ,Female,43,9,0.0,2,1,0,18066.69,
15587174,Kerr,726 units,France,Male,29 units,7,0.0,2 units,1,1,91844.14,1
15611580,Wood,,Spain,Male,33,4 units,79281.61,1,1 units,0,117547.76,0
15713578,Farrell,483,France,Female,50,9,0.0,2,1,1,111020.24,₹0
15797665,Docherty,730,France,Female,27,7,0.0,2,1,0,144099.48,0
15809143,White,456,Germany,Male,,9 units,133060.63,1,1,,125167.92,₹0
15801265,Tang,689,Spain,Female,,0,57784.22,1,1,0 units,197804.0,1
15573730,Thompson,586,Germany,MALE,42,6,126704.49,2,1,0,41682.3,0
₹15771569,Bage,576 units,Germany,Male,46,4,137367.94 units,1,1,1,33450.11,0
15648967,Ch'en,698,Germany,Female,64,1,169362.43,₹1,1 units,0,84760.32,1
15751926,NULL,821,Germany,Male,42,3,87807.29,2,1,1,64613.81,0 units
15685872,Godfrey,727,France,Female,29,1,146652.01,1 units,1,1,173486.39,₹0
15621267,EJIMOFOR,637,France,NULL,32,5,0.0,1,0,0 units,148769.08,0
15637753,O'Sullivan,751,Germany,Male,50,2,96888.39,1,1,0,77206.25,1
15799626,Donaghy,637,,Male,50,4,126345.55,1,0,1,₹17323.0,1
15792986,T'ao  ,580,Germany,Male,24,1,133811.78 units,,1,0,17185.95,1
15743818,Rowley  ,748 units,Spain,Male,58,9,122330.7,2,0,1,124429.19,0
,Whitson,542,France,Male,67,10,129431.36,1,0,1,21343.74,0
15752047,NULL,689,Germany,Male,33,2,161814.64 units,2,1,0,,₹0
15626507 units,Chukwubuikem,558,France,,27,1,152283.39,1,1,0,183271.15,₹0
15732563,Swanton,₹726,Germany,Female,33,₹7 units,99046.31,2,1,1,56053.06,0
15671387,Fetherstonhaugh,507,France,Female,29,4,89349.47,2,0,0 units,180626.68,0
15679148,Oliver,508,France,Male,44 units,3,115451.05,2,0,0,67234.33,0
15761976,Su,797,Spain,Female,31,8,0.0,,1,0,117916.63,0
₹15772601,Lu,845,Germany,Female  ,41,2,81733.74,2,0,0 units,199761.29 units,0
15757385,Milne,578,Spain,Female,,₹8,161592.76,1 units,1,0,177834.79,0
15680706,Balashov,537,Germany,Male,48,4,,1 units,1,0,166476.95,₹1
15600792,Swayne,613,SPAIN,Male,29,0,0.0,2,0,1,133897.32,0
15594456,K?,740,Spain,Female,56,4,99097.33,1,1,1,85016.64,1
,O'Loughlin,656,Spain,NULL,33,4,0.0,2,1 units,0,116706.0,0
15787026,Onwuatuegwu,627,Germany,Male,27,0,185267.45,2,1,1,77027.34,0
₹15622033,Rapuluchukwu,847,,Female  ,41,3,101543.51 units,4,1,0,16025.17 units,1
₹15666197,Boni,430,Germany,Female,38,8,153058.64,1,1,0 units,99377.27,0
15616833,,678,Spain,Male  ,27,2,0.0,2,1,1,13221.25,₹0
15778089,Stevenson,544,Spain,Male,37,2,0.0,2,₹0,0,135067.02,0 units
15756560,Moran,599,Spain,Female,₹46,7,81742.84,2,1,0,83282.21,
15583353,Floyd,610,Spain,Female,45,3,0.0 units,1,1,0,38276.84,1
15603665,Colombo  ,638,Germany,FEMALE,₹39,0,122501.28,2,1,1,95007.8,0
15784844,K'ung,752,Spain,MALE,,5,116060.08,1,1,0,156618.38,1
15612771,Bell,452,France,Male,35,4,148172.44,1,1,1,4175.68,0
15591179,Skelton,702,Spain,Male,30,2,0.0,2,₹1,1,145537.32,0
15811742,Jen,553,Spain,Male  ,42 units,7 units,0.0,2,1,0,,0
₹15720662,Sholes  ,787,France,Female,35,1,106266.8,1,1,1,16607.15,0
15672970,Chigolum,714,Spain,Male,20,₹3,0.0,2,0,1,150465.93,0
15623668,NULL,653,Germany,Male,31,2,154741.45,2,0,0,25183.01,0
15639303,Moore,589,Germany,MALE,48,5,126111.61,1,0,1 units,133961.19 units,0
,Douglas,850,France,MALE  ,31,6,67996.23,2,0,0,50129.87,1
15733297,Sinclair,518,France,FEMALE,38,10,84764.79,₹1,1,1,162253.9,0
15659092,Davide,621,France,Female,50,5,0.0,2,1,0,191756.54,1
15589019,Morant,633,NULL,FEMALE  ,33,4,92855.02,1,1,1,159813.18,0
15672756,Mills,716,,Female,35,8,112808.18,1 units,0,1,17848.3,0
15806049,Lee,714,Germany,Female,49,5,140510.89,1,₹1,0,141914.94,0
15723907,Lawless,712,Germany,,,5,154776.42,2,0,0,196257.68,0
15801920,Christian,727,Germany,Male,39,5,,₹2,0,0,180962.32,0
15757467,,563,Spain,Male,57,6,0.0,2,1,1,₹39297.48,0
15624793,Soubeiran,₹627,Germany,Male,23,5,184244.86,1,1,0,103099.22,0
15577064,Onyekaozulu,592,Germany,Male,36,2,104702.65,2 units,1,0,107948.72,0
15659567,,473,France,Female  ,39,9,,2,1,1,85937.52,1
15684868,Cameron,668,Germany,NULL,56,9,110993.79,1,1,0,134396.64 units,1
15776631,Ma,,,Female,36,5,119540.15,₹1,0,,₹80603.99,0
15815615,Kung,681,France,Male,36,5,141952.07,1,1,1,₹185144.08,0
15699467 units,Connor,631,Spain,NULL,41 units,0,0.0,1,0,0,,0
15576156,Abazu,,Spain,FEMALE,28,6,0.0 units,1,1,0,48426.98,0
15789055,Watt,635,Spain  ,Male,35,2,113635.16,1,1,0,90883.12,0
15732987,Hs?,721,Spain,Male,43 units,3 units,88798.34,1,0,0,45610.63,0
15682834,Johnstone,₹715,Spain,FEMALE,35,4,40169.88 units,2,1,1,199857.47,0
15758606,Yamamoto,738,France,Male,54,4,0.0,1,0,1,55725.04,₹1 units
15597709,Hornung,602,France,Female,39,6,154121.32,₹2,1,0,176614.86,1
15705735,Onyekachi,577,Spain,Male,43,3 units,0.0,2,1,1,135008.92,0
15696388,Artamonova,755,Germany,,38,4,111096.91,1,1,1,19762.88,0
15732644,Evans,₹567,Spain,Female,54,5,92316.31,2,1,0,158590.66,1
15773868,Belov,653,Germany,Female,37,,125734.2,2 units,1,0,₹134625.09,1
15620756,Stokes,747,FRANCE,Male  ,49,6,202904.64,1,1,1,17298.72,₹1 units
15707120,Cocci,850,France,Male,46,9 units,117640.39,1,1 units,0,88920.68 units,0
15615207,Yeh,792,Spain,Male,47,0,0.0,1,1,1,5557.88,1
15663161,Chiu,680,Germany,Female,51,5,143139.87,1,0,0,47795.43,1
15732643,Pike,386,Spain,Female,53,1,131955.07,1,1,1,62514.65,1
15603594,Nwankwo,635,,Male,24,4,0.0,2,1,1,70668.77,0
15677955,Tsui,757,,Male,33,,122088.67,1,1 units,0,42581.09,0
15798398,Pagnotto,785 units,France,Female,₹36,4,135438.4,₹1,0,0 units,190627.01,0
15686974,Sergeyeva,751,France,Female,48,4,0.0,1,0,1,30165.06 units,1
15764537,Dominguez,,France,MALE,43,8,₹0.0,2,1,0,9704.66,0
15596165,Degtyarev,547,Germany,MALE,25,4,98141.57,2,1,1,52309.8,0
15802809,Vidal,660,Spain,Female,36,0,₹84438.57,₹1,1,1,181449.51,0
,NULL,527,Spain,Male,33,₹9,132168.28,1,,0,98734.15,0
15649024,Trujillo,748,,Female,39,9 units,132865.56 units,1,1,1,59636.43,1
15807239,Lung  ,664,France,Female,34,7,93920.47,1,0,0,179913.98,0
15709199,Burson,511,SPAIN,FEMALE,40,1,0.0 units,1,1,₹1,184118.73,0
15806132,Martin,555,France,Male,55,4,,1,1,1,74149.77,0
15777452,Sauve,587,NULL,Female,46,6,88820.29,1,0,0,70224.34,
15756321,NULL,612,Spain,Female,52,5,144772.69,1,0,0,,1
15675190,NULL,623,France,Male,21,10,₹0.0,2,0,1,135851.3 units,0
15784361,Williamson,543,Spain,FEMALE,46,5,140355.6 units,1,1,1,85086.78,0
15721592 units,Barton,665,France  ,,38,5,0.0,2,1 units,0,156439.56,0
15765643 units,Hamilton,725,France,Male  ,37,6,124348.38,2,0,1,176984.34,0
15572706,Smith,589,France,Male,37,5,0.0,1,1,0,61324.87,0
15744279,Patterson,680,Spain,FEMALE,58 units,8,0.0,2 units,,1,65708.5,0
15696552,Newman,747,France,Female,21 units,4,81025.6,2,1,0,167682.57 units,0
15720155,NULL,630,Germany,Male,29,6,131354.39,1,₹0,1,9324.31,1
,Giles,632 units,Spain,Male,47,3,0.0,2,,0,178822.32,0
15635367,Muir,774,France,Male  ,26,2,93844.69,1,1,0,28415.36,0
15582066,,561,France,Male,21,4,0.0,1,1,1,36942.35,0
15787693 units,Kharlamov,559,Spain,Male,38,3,145874.35,1,1,0,56311.39,1
15702380,DE LUCA,663,Spain,Male,64,6,0.0,2,,1,15876.52,0
15718912,Hsueh,608,Germany,NULL,44,5 units,126147.84,1,0,1,132424.69,1
15815271,Ritchie,₹755 units,Germany,Male,43,6 units,165048.5,3,1,0,16929.41,1 units
15775709,Nucci,₹832 units,FRANCE,Female,27,10,98590.25,1,1,0,30912.89,0
15590327,Liao,604,Germany,Female,,,166031.45,1,1,0,98293.14,0
15771299,NULL,707 units,France,FEMALE,57,,92053.0,1,,1,164064.44,1
15739357,Moss  ,756,Spain  ,Male,30,2,145127.85,1,0,0 units,7554.68,0
15627395,Manners,643,Germany,Male,41,7,154902.66,1,1,1 units,₹49667.28,₹0
15701081,Jarvis,785,France,Male,36,2,0.0 units,1,0,1 units,61811.1,0
15567246,Selwyn,684,Germany,,32 units,3,102630.13,2,1,1,127433.47,0
,Loggia,628,Germany,Female,₹45,₹6,53667.44,1,1,0,115022.94,0
15682576,Onyenachiya,₹763,France,Male,67,1,149436.73,2,0,1,106282.74,0 units
15615896,,621,Spain,Male,,8,0.0,2 units,1,0,,0
15732674,Fennell,443,Spain,Male,36,6,₹70438.01,2,0,1,56937.43,0
15630511,PICOT,691,France,Female,,6,0.0,2,1,0,164074.89,0
15731951,REILLY,689,Spain,Female,28,5,95328.6,1 units,1,0 units,6129.61,1
15670266,Shih,499,France  ,Female,28,₹4 units,141792.61,₹1,1,1,22001.91,0
15589437,Lu,466,France,Male,26,3,156815.71,1,1,1,137476.09,0
15636767,Yang,665,Spain,Female  ,32,10,0.0,1,1,1,22487.45,0
15656141,Ts'ao,741,France,Male,39,5,0.0,1,0,1,40207.06,0
15628123,NULL,₹632,France,Female,28,5,118890.81,1,0 units,,145157.97,0 units
15690829,Sandefur,430,Germany,MALE,49,3,137115.16,1,1,0,146516.86,₹1
15745843,Kinlaw,689,Spain,Female,₹31,4,,2,1,1,136610.02,0
15728474,CHIENEZIE,558,GERMANY,Male,32,4,108235.91,1,1,1,₹143783.28,₹0
15759298,Shih,631 units,Spain  ,Male,27,10,134169.62,1,₹1,₹1,176730.02,0
15580912,McNeill,748,France,Male,32,5,,2,1,1,172638.13,0
15799186,Sagese,632,France,,38 units,4,0.0,2,0,0,192505.62,0
15693088,Oliver,628,France,FEMALE,37,9,,2 units,1,1 units,34689.77,0
15703205,Uwaezuoke,656,France,NULL,46,5,113402.14,2,1,1 units,₹138849.06,0
15747168,Sanders,626,Germany,,47,2,103108.8,1,₹0,1,,1
15751333,Atkinson,₹695,France,Female,36,2,0.0,2,0 units,1,167749.54,0
15777211,Herrera,515,,Male,65,7,92113.61,1,1,1 units,142548.33,0
15607263,McCartney,788,FRANCE,,55,3,0.0,,0,1,13288.46,1
15785488,Palmer,701,Spain,Female,39,9,0.0,2,1,1,110043.88,₹0
15712807,Robertson,556,SPAIN,Male,46,3,131764.96,1,1,1,108500.66,1
15632575,Moore,559,France,Female,70 units,9,0.0,1,1,1,122996.76,0
15631800,Pagnotto,474,France,Male,37,3 units,98431.37,₹1,0,0,75698.44,0
15694829,Chibueze,680 units,Germany,Male  ,32,7,175454.0,₹1,0,1,77349.92 units,0
15778604 units,Nicholson  ,571,France,FEMALE,47,7,0.0,2,0,0,112366.98,0
15808851,Bufkin,511,Germany,Female,₹75,9 units,105609.17,1,0,1,105425.18,0
15668747,Virgo,702,NULL,Female,46,9,₹98444.19,1,0,1,109563.28 units,0
15675842,Pinto,656,Spain,Male,₹26,4,139584.57,1,1,0 units,36308.93,0
15655632,MacDonald,655,France,MALE,27,2,131691.33,1 units,1,0,49480.66,0
15794414,Forbes,507,Spain,MALE,46,6,₹92783.68,1,1 units,,₹51424.29 units,0
15580148,Welch,750,Germany,Male,40,5,168286.81,3,1 units,,20451.99,1
15754053 units,Chung,718 units,,Female,67,7,0.0,3,1,1,82782.08,0
15748381 units,Gorbunov,613,France,Female,29,6,₹185709.28,2,1,1,77242.19,0
15621244 units,Gallo,678,France,Male,36,0,107379.68,1,1,,,0
15657349,NULL,803,Germany  ,Female,50,8,98173.02,1,₹0,0,22457.25 units,1 units
15705506,Perry,751,Spain,Male,38,7,0.0,2,0,0,90839.61,0
15761654,Boni,,Spain,Male,30,8,134152.29,1,1,1,147822.44,0
15638774,Chong,719,Spain,Female,40 units,9,0.0,2,1,0,182224.14,0
15579566,Li Fonti,616,Spain  ,Female,43,3,120867.18,1,,0,18761.92,1
15741693,Barnard,693,France,Male,40,4,130661.96 units,1,1,1,101918.96,0 units
15787322,Yeh,788,France,Female,41,6,0.0,1,1,1 units,25571.37,0
15730044,Greco,809,Germany,Female,42,6,64497.94 units,3,0,,182436.81,1
15703544,Hung,559,Spain,Male,34,0 units,0.0,,1,0,182988.94,0
15622003,Carslaw,745,France,Male,35,9,92566.53,2,₹1,0,161519.77,0
15702669,Faulkner,663,Germany,Male,44,2,117028.6,2,0,1,144680.18,0
15695475,Maclean,645,France,Male,29,1,130131.08,,0,1,196474.35,0
15733114,Hay,552,Spain,MALE,,9,0.0,,1,0,26752.56,0
15750638,Obiajulu,705,NULL,Female,33,5,₹116765.7,1,0,0,190659.17,1
15781127,Giordano,₹663,Spain,Female,₹33,8,96769.04,1,1,₹1,36864.05,₹0
15794549,Andrews,722,France,Female,35,2,163943.89 units,2,1,₹1,15068.18,0
15642725,Madison,797,FRANCE,Male,32,,,1,0,1,125782.29,0
15626212,Wark,616,France,Male,29,9,0.0,1,1,1,166984.44,0
,Y?an,669,France,Female,41,0,150219.41,2,0,0,107839.03 units,0
15576990,Taplin,790,Germany  ,Female,25,5,152885.77,1 units,1,0,58214.79 units,0
15651868,Clark,672,France,Male,34,6,0.0,1,0,0,₹22736.06,0
15760662,Francis,521,Germany,Female,29,2,87212.8,1 units,1,1,994.86,0
15670416,Ferri,780,France,Female,43,0,0.0,1 units,0,1,15705.27,0
15566269,Chialuka,,France,Male,₹25,5,0.0,2,1,0 units,47307.9,0
15800229,Thorpe,695,,Male,40,7,139022.24,1,0,₹1 units,193383.13,0
15659366,Shih  ,807,France,MALE,43,1,105799.32 units,2,₹1,0,34888.04,1
15795246,KAEPPEL,628,,Female,51,9,155903.82,2,1,1,71159.84 units,
15655171,Yermakova,624,France,Male,80,3,0.0,1,1,1,65801.44,0
15676117,Zinachukwudi,603,France,Male,44,9,0.0,1,1,0,138328.24,0
15581736,Bartlett,₹673,GERMANY,Male,47,1,183579.54,2 units,0,1,34047.54,0
15634375,Duncan,710,Spain,Female,36 units,8,0.0,2,0,0,83206.19,0
15683416,Russo,572,Germany,Male,51 units,,97750.07,3,1,1 units,193014.26,1
15588904,Balashova,692,France  ,Male,33 units,9,0.0,1,1,0,113505.93,1
15625824,Kornilova,596,Spain,Male,30 units,6,121345.88 units,4,1,,41921.75,1
15593454,LAMBERT,678 units,Spain,Female,,4,113794.22,1,1,₹0,16618.76,0
15795963,Fiorentini,687,France,Male,34,7,129895.19,1,0,1,28698.17,0
15709135,Pirozzi,691,Germany,Male,30,7,101231.77,2,0,0,156529.44,0
15788367,Ellis,487,Spain,Male,44,6,61691.45,1 units,1,1,53087.98,0
15605263,Chin,552,France,Male,33,₹5,140931.57,1,0,1,10921.5,₹0
15761554,Blackburn  ,581,France,Male,54,4,89299.81,1,0,0,5558.47,1
15705001,Napolitani,587,Spain,Female,35,3,83286.56,1,1,0,125553.52,0
15809265,Kao,547,France,Female,35,4,0.0,1,1,1,,0
15765283,Wenz,624,,Female,₹40,3 units,149961.99 units,2,1,0,104610.86,0
15723488,Watson,668 units,Germany,Male,₹47,7 units,106854.21,1,0,1,157959.02,1
15735203,Seleznyov,654,NULL,Female  ,32 units,1,114510.85,₹1,1 units,1,126143.23,0
15636396,Jackson,627,France,Female,35,,0.0,2,0,1,193022.44,0
15810829,Macfarlan,618,France,Male,48,7,0.0,1,1,0,13921.82,1
15672983,NULL,678,Spain,Female,27,₹5,87099.85,2 units,₹1,0,149550.95,0
15768449,Ricci,634,France,FEMALE,37,7,51582.5,2,1,1,184312.88,0
15696355,Cleveland,724,Germany,Male,37,6,125489.4,1,1,0,118570.53,0
15792868,MICKEY,675,France,Male,69,1,0.0,2,1,0,157097.09,0
₹15661548,Ferri,683,France  ,Female,29,0,157829.12,,₹0,₹0,129891.66,0
₹15658889,Watson,689,France,Male,₹22,4,136444.25,1,1,0,51980.25,1
15689602 units,FINDLAY,698,France,Male,38,,130015.24,1,1,1,41595.3,0
15580845,Chienezie,685,GERMANY,Male,57,7,101868.51,1,0,1,₹113483.96,0
15808189,WOODARD,449 units,France,Male,52,6,0.0,2,0,1,123622.0,0
15602929,,728,Spain,Female,37,4,0.0,1,0,0,4539.38,0 units
15759133,Vaguine,616,FRANCE,Male,18,6,0.0,2,1,1,27308.58,0
,MATTHEWS,504,SPAIN,,44,4,113522.64,,1,1 units,₹12405.2,0
15737080,,510,France,Female,32,1,0.0,₹2,0,1,,0
15805104,Smith,743,France,Female,73,6,0.0,2,0,1,107867.38,
15655368,NULL,672,FRANCE,Male,47,1,0.0,₹1 units,0,0,91574.92,0 units
15696703,DEAN,691,Germany,MALE,27,3,160358.68,2,1,0,142367.72,0
15756148,Nnanna,765,Spain,MALE,45,2,,1,1,,47139.44,0
15656912,AITKEN  ,649,NULL,Male,51,4,0.0,₹1,1,1,150390.57,0
15567919,Lazarev,586,Germany,Male,37,8,167735.69,2,0 units,1,104665.79 units,0
15619616 units,Costa,571,France,Female,33,9,102017.25,2,0,0 units,128600.49,0 units
15761497,Udinesi,713,Spain,Female,48,1,163760.82,1,0,0,157381.14,1
15601383,Ibrahimova,744,Spain,,44,5,120654.68,1,₹1,0,82290.81 units,0
15717138,Watson,,Spain,MALE,31,6,82613.56,2,1,0,149170.92,0
15568032,Moore,757,GERMANY,Male,31,1,127320.36,3,1,0,163170.32,0
15601873,Bull  ,,France,Female,36,,0.0,1,1,0,47318.75,0
15734588,Manning,684,France,Male,46,0,0.0,,1,1,36376.97,0
15800890,T'ien,554,France,Female,₹45,6,0.0,2,1,₹1,181204.5,0
15580579,Trevisani,490,France,NULL,40,1,0.0,1,1,1,49594.19,1
15803750,Ball,₹750,Spain,Female,₹33,3,161801.47,1,0,1,153288.97,1
15703923,Cameron,744,Germany,Male,41,7,190409.34,2,1,1,,0
15684461,MCKAY,₹469,Spain,Female,,6,0.0,1,1,0,146213.75,1
15579787,Nkemakonam,686,FRANCE,Male,39,4,0.0,2,1,0,155023.93,₹0
15722991,NULL,₹567,France,Male,54,9 units,96402.96,1,0,0,52035.29,1
15642391,Lettiere,621,Germany,NULL,,4,109978.83,1,0,0,177740.58,1 units
15603378,Padovano,768,France,FEMALE,36,3,141334.95,1,0,1,125870.5,0
15802088,GRANT,521,Spain,Female,22,10,0.0 units,1,1,1,101311.95,0
15570990,Begley,520,Spain  ,Female,30,4,145222.99,2,0,0,₹145160.96,₹0
15601659,Fiorentino,496,Germany,Female,59,7,91680.1,2,1,0,163141.18,₹1
15714575,Batt,₹742,Germany,Female,44 units,8,107926.02,1,0,1,17375.27,
15671137,MacDonald,549,France,Female,52,1,0.0,1,0,1,₹8636.05,1
15774931,She,452,France,Male,30,7,112935.87,1,1 units,1,₹99017.34,0
15753110,McKay,720,SPAIN,Male,64,3,45752.78,2,1,0,,1
₹15782688,Piccio,625,Germany,,56,,148507.24,,1,0,,1
15692258,Thompson,569,Spain,Male,31,₹1,₹115406.97,1,0,0,145528.22 units,0
15619537,Lavrentiev,550,France,Male,31,5,142200.19,2,1 units,1,122221.71,0
15811762,Pickering,583,Germany,Female,54,6,115988.86,1,1,0,57553.98,1
15741385,GALLOP,710,Germany,Male,45,9,108231.37,1,1,1,188574.08,0
15811877 units,Shao,700,FRANCE  ,Female,36,4,0.0,2,1 units,0,130789.15,₹0
15739858,NULL,618,France,Male,56,7,0.0,1,1,₹1,142400.27,1 units
15624343,Napolitani,650,Spain,Female,50,7,129667.77,1,0,0,42028.16,0
15670753,Uvarova,614,Spain,Male,35,2,127283.78 units,1,1,1,31302.35,0 units
15578878,Hancock,569 units,Spain,Female,,3,139528.23 units,1,1,1,33230.37,0 units
₹15813144,Osborne,₹554,France,Female,₹26,7,92606.86 units,2,1,0,192709.69,0 units
15764253,Ramsey,742,FRANCE,Male  ,32,6,160485.16,1,1,0,29023.03,0
₹15752809,DE MESTRE,702,Spain,Male,43,6,116121.67,1,1,0 units,61602.42,0
15590676 units,,735,France  ,Male,34,1,141796.43,1,1,₹0,45858.49,0
15569807,Ejimofor,673,France,Female,34,₹8,42157.08,1 units,1,0,20598.59,₹1
15756848,Edmondson,633,Spain,Male,42,10,0.0,1,0,1 units,79408.17,0
15789109,Watson,686,France,Female,41,10,0.0,1,1,1,144272.71,1
15606267 units,Wilson,622,France,Female,38,4,98640.74 units,1,1,1 units,₹110457.99,0
15695097 units,,564,Germany,Female,30,0,100954.88,2,0 units,0,134175.15,0
15604130,Johnstone,₹622,Spain,Female,47,6,142319.03,1,0,0,100183.05,0
₹15738174,Ervin,452,France,Female,32,5,0.0,2,0,₹1 units,75279.39,0
,Hs?,690,France,Male,47,2,0.0,2,1,0,151375.73,0 units
,Li Fonti,593,Germany,,39,8,151391.68 units,1,1,0,27274.6,1
15589348,Le Grand,850,Spain,Male,37 units,4,137204.77,1,1,1,28865.59,0
15791006,Kodilinyechukwu,760,Germany,Female,34,6,58003.41,1,1,0,90346.1,0
₹15609623,McConnell,637,NULL,Female,63,5,0.0 units,,1,0,₹28092.77,₹1
15620123,CHRISTIE,605,France,Male,39,6,111169.91 units,1,0,0,9641.4 units,0
15774738,Campa,632,France  ,Male,44,3,107764.75,₹1,1,₹0,185667.72,0
15685290,Wall,595,Germany,Male,46,5,142360.62 units,2,1,0,48421.4,1
15791342,Johnston,660,Spain,Male  ,31,1,84560.04,1,1,1 units,137784.25,0
15747867,Trevisani,,France,MALE,24,9,135125.28,1,0,₹0,89801.9,0
15786993,Lung,₹810,France,Female,51,5,0.0,2,0 units,1,184524.74,0
15595228,Wanliss,815,France,Male,45,7,0.0,1,0,1,52885.23,1
15687094 units,Calabresi,717,GERMANY,Female,28,9,82498.14,2,0,0,40437.67,0
15668958,Chatfield,521,France,Male,,2,107316.09,1,1,,64299.82,0
15572428,Rieke,717,GERMANY,Female,33,0,115777.23,1,1,1,81508.1,0 units
15576935,Ampt,743,Spain,Male,43,2,161807.18 units,2,0,1,93228.86 units,1
15781234,Y?an,609,France,Female,35,2,147900.43,1,1,0,₹140000.29,0
15766667 units,Langler,717,Spain,Male,36,2,102989.83,2 units,0,1,49185.57 units,0
15737354,Yin,554,France,NULL,48,7,0.0,2,1,1 units,63708.07,0
15784000,Pope  ,715,Germany,Female,34,9,102277.52,1,0,0,177852.57,1
15702430,Ignatyeva,548,France,Female,35,10,0.0,1,1,1,31299.71,0
15603880,Morgan,519,Germany,Male,38 units,1,114141.64,1,1,1,60988.21,1
15616471 units,Milne,₹599,,Male,₹51,0,0.0,₹1,1,1 units,175235.99,0
15696120,Wallace,701,Spain,Female,30,2,0.0,2,₹1,0,115650.63,0
₹15696277,Hs?,651,France  ,Female,₹34,9,0.0,₹2,1,0,138113.71,0
15726631,Hilton,758,France,Female,39,6,127357.76,1,0,1,56577.0,0
15577657,McDonald,732,France,Male,41,8,0.0,2 units,1,1,170886.17 units,0 units
15612071,Wilson,763,Spain,Female,32,10,95153.77,1,0 units,1,81310.1,0
15579714,Pan,542,France,Female,29,7,0.0,,0,1,196651.72,0
15636016,Wreford,₹588,FRANCE,Female,34,3,₹120777.88,1,,1,131729.52,0
15636423,Lei,715,France,Male,40,7,0.0,1,1 units,,141359.11,0
15619436,Pan,700,France,Female,32,3,0.0,1,0 units,0,95740.37,0
15814930,McGregor,588,Germany,Female,40,10,125534.51,1,1,0,121504.18,1
15708610 units,Costa,690,GERMANY,Male,44,,100368.63,2,0,0 units,35342.33,0 units
15607560,Groom,572,France,Female  ,39,2,0.0,2,1,1,555.28,0
₹15690925 units,NULL,527 units,Spain,FEMALE,29,2,27755.97,₹1,1,0,97468.44,1
15578747,,701,Spain,Male,26,5,83600.24,,0,1,59195.05,
15590888,Wade,693 units,Spain,Female,34,10,107556.06,2,0,0,154631.35,₹0
15734177,Donahue,643,France  ,Male,33,4,0.0,2,1,1,₹152992.04,
15775234,Laurie,646,France,Male,24,8 units,0.0,,0,0 units,92612.88,0
15565796,Docherty,₹745,Germany,Male,,10,96048.55,₹1,1,0,74510.65,0
15635435,White,648,,Female,54,9 units,120633.42,1,0,,5924.38 units,1
15736271,Dumetochukwu,498,France,Female,29,9,0.0 units,1,1,0,190035.83 units,0
15577107,Milne  ,657,Spain,Female,22,6,0.0,3,0,1,168412.07,1
15687310,Humphries,783,Spain,Male,,9,0.0,2,1,0,143752.77,0
15746065,Lo Duca,580,Germany,Male,35,10,₹136281.41,2,1,1,24799.47,0
15741049,COLEBATCH,577,France,NULL,29,₹7,0.0,2,1,1,55473.15,₹0
₹15745001 units,Kovalev,683,Spain,Female,36,7,0.0,2,1,0,104786.59,0
15640078,Chambers,660,Germany,Female,39,5,135134.99,1,1,0,173683.0,1
₹15605872,Felix,707,FRANCE,Male,73,6,66573.17,1,1,₹1,62768.8,0
15781326,Ford,636,France,Male,35,9,95478.17,1,0,0,169286.74,0
15810385,Giordano  ,717,Spain,Female,36,,164557.95,1,0,1,82336.73,0
15603323,Bell,660,Spain,Female,33,1,0.0,2,0,₹0,₹117834.91,0
15774936,Liang,543,Germany,Male,41,6,143350.41,1,1,1,192070.16,1
15597896,Ozoemena,365,Germany,Male,30,0,127760.07,1,1,0,81537.85,1
15596011,Artyomova,529,Spain,Male,34,9,0.0,1,1,1 units,93208.22,0
15738721,NULL,773,Spain,,41,9,102827.44,1,0,1,64595.25,0
15645600,Obidimkpa,,Spain,Female,27,,₹98926.4,1,1,1,106969.98,0
15781553,Chung  ,760,Germany,Female,49,9,91502.99,1,1,0,117232.9,1
15791877 units,Gallagher,706,Germany,Male,34,0,140641.26,2,1,1,77271.91,
15767757,Pisano,562,Spain,Female,29,9,120307.58,1,₹1 units,1,6795.61,0
₹15618581,Diribe,668,Spain,MALE,25,8,0.0,2 units,1,1,135112.09,₹0
15569654,MUNRO,850,NULL,Female,31,3,51293.47,1,0,0,35534.68,0
15677783,Graham,764 units,Spain,MALE,38,4,113607.47,1,1,0,91094.46,0
15694200,Gardner,₹693,France,Male,36,8,178111.82,1,0,0,58719.63,1
15726774,Field,563,France,Male,35,3,106250.72,1,0,0,39546.32,0 units
15625881,Koehler,634,,Male,37,3,111432.77,,1,1,167032.49,0
15619087 units,Taylor,762,France,NULL,53,1,102520.37,1 units,1,1,170195.4 units,0
15674551,Fitch,535,Germany,Male,40 units,7,111756.5,1,1,0,8128.32,1
15702145,Edments,705,NULL,Male,33 units,7 units,68423.89 units,1,1,1,64872.55,0
15714431,Yeh,561,France,MALE,37,1,100443.36,2 units,0,1,101693.73,0
15683521,NULL,594,Germany,MALE,28,0,142574.71,2,1,,₹129084.82,0
15600692,West,520 units,France  ,Male,38,5,0.0,2,1,0,163185.76,0
15637857,WOOLACOTT,616,France,Female,31,8,0.0,₹1,0,1,76456.17,0
15587913,Palerma,748,Spain,Female,₹40,4,0.0,2,1,0,₹132368.47,0
15653857,Wallis,498,France,NULL,34,2,,2,1 units,1,,0
15710206,Larson,591,France,Female,₹39,₹4,150500.64,1,1,0,,0
15775888,McDonald,593,Germany,Female,38,5,85626.6,1,1,1,125079.65,0
,NULL,774,NULL,Male,34,4,120875.23 units,2,0,1,113407.26,0
15649239,Vasilieva,731,SPAIN,Male  ,46,10,₹0.0,2,1,0,153015.42,0
15720838,Gallo,689,Spain,NULL,31,3,139799.63,1,0,1 units,120663.57,0
15773906,DOHERTY,655,FRANCE,Male  ,,4,0.0,2,0,0,110527.71,0
15742323,Barese,541,France,Male,39,7,0.0,2,1 units,0,19823.02,0
₹15732774,Marchesi,656,NULL,Male,37,7,112291.34,1,1 units,0,153157.97 units,0
15613014,Hs?,722,Germany,Male,29,1,107233.85,2,1,0,24924.92,0 units
₹15764021,Frolov,617,France,Male,34,1 units,61687.33 units,2,1,0,105965.25,₹0
15648455,Kung,647,Germany,MALE,,4,131156.76 units,1,1,0,29883.63,0
15764343,T'ien,688,Spain,Female,46,8,155681.72,1,1,0,26287.21,0
15791767,Lucciano,769,France,Female,26,7,0.0,2,1,0,176843.53,0
15576602,Lawrence,809,France,Male,38,3,0.0,2,1,₹1,80061.31 units,0
15697045,Pisani,726,Spain,Female,35,9,0.0,2,,1,100556.98,0
15781665,Ibekwe,601,France,Female,37,5,0.0,1,0,₹0,20708.6,0
₹15811613,,588,France,Female,27,8,0.0,1,₹1,0 units,20066.38 units,₹0
15578761,Cunningham,459,Spain,Female,42,6,129634.25,2,1,1,177683.02,1
15609758,Geoghegan,537,FRANCE,Female,₹45,7,158621.04,1,1,0 units,120892.96,1
₹15748231,Hargreaves,700,Germany,Male,35,₹4,₹95853.39,₹2,₹1 units,0,192933.37,₹0
₹15642544,Henderson,723,France,Male,34,5,0.0,2,₹0,1,12092.03,0
15709441,Cocci,745,Spain,Female,59,8,0.0,1,1,₹1,36124.98,0
15721426,Milne,606,Germany,Male,65,10,126306.64,3,0,0,7861.68 units,1
15611644,Onyemauchechukwu,627,France,Male,73 units,0,146329.73,1,0,1,43615.67,0
15775891,Myers,634,Germany,Male,48,2,107247.69,1,1,1,103712.05,1
15607690,Hsing,₹689,Germany,Male  ,47,2,118812.5,2,0,₹0,31121.42,0
15581548,Kaodilinakachukwu,637,Spain,Female,22,5,98800.0 units,1,1,0 units,122865.55,₹0
15596811,Mitchell,667,France,,36,8,139753.35,1,1,0,79871.16,0
15711571,Y?,587,Spain,Male,₹42,5,120233.83,1,1,0,194890.33,0
15696812,Lazareva,586,Spain,Male,42,6,0.0,₹2,₹1,1,123410.23,0 units
15643916,Munro,619,Spain,,46,8,62400.48,1,1,1,132498.39,1
15701768 units,Tung,637,France,,32,3,0.0,2,1,1,197827.06,0
15642787,Ijendu,572,France,Male,37,1,133043.66,1,0,₹0,111243.09,0 units
15686696,Brown,817,NULL,Female,37,₹6,81070.34 units,2,1,0 units,80985.88 units,0
15567437 units,Emenike,734,Germany,Female,30,7,123040.38,1,1,1,76503.06,0
15592994,Zikoranachidimma,651,France,Female,65,0,₹0.0 units,2,1,1 units,190454.04,0
15575147,Wall,699 units,France,Male,22,9,99339.0,1,1,0,68297.61,1
15793896,John,677,Spain,MALE,40 units,7 units,95312.8,1,1,1,62944.75,0
15810347,,662,SPAIN,Female,30,9,₹0.0,2,0,1,157884.83,0
15693764,Mai,663,NULL,MALE,52,₹0,136298.65,1 units,1,₹0,144593.3,₹1
15588235,Vasilieva,654,France,Female  ,24,8,145081.73,1,1,1,₹130075.07,0
15566251,Ferrari,618,France,Female,37,5,96652.86,1 units,1,0,98686.4,1
15790659,Sheets,701,Spain,Male,59,7,0.0,2,0,1,27597.59,0
15612109,Speth,819,France,Male,38,9,122334.26,2,1,₹1,₹181507.44,0 units
15673074,Obidimkpa,527,Germany,Female,30,6,126663.51,₹1,1,1 units,162267.91,0
15813862,Yevseyev,526,SPAIN,,66,7,132044.6,2,1,1,158365.89,0
15674148,Milanesi,579 units,Spain,Male,33,6,0.0,1,1,0 units,94993.04,1
15727353,Ch'ang,650,France,Female,,,142028.36,1,1,0,32275.09,1
15808334,Mackay,776,Germany,Female,₹37,1,93124.04,2 units,1,1,196079.32 units,0
15641114,Power,701,,Male,37,8,130091.5,1,1,1,120031.29,0
₹15638610,Kennedy,635,Germany,Female  ,65 units,5,117325.54 units,1,1,0,155799.86,1
15666055 units,Rowe,705,France,Female,49,7,0.0,1,1,0,63405.2,1
₹15713374,Jarvis  ,689,Germany,,67,₹9,157094.78,,1,1,99490.01,0
15636626,Morrison,718,France,Male,35,3,97560.16,1,1,1,53511.74,0
15766272,Folliero,521,Germany,Female,61,0 units,,1,1,1,,0
15593736,Cook,598,Germany,Female,46,₹7,131769.04,1,0,0,184980.23,1
15579892,NULL,708,Spain,Male,19,7,112615.86,1,1,1,4491.77,0
15758726,Chiemeka,588,France,Female,24,0,₹0.0,2,1 units,1,140586.08,₹0
15756272 units,James,526,Germany,Female,35,9,118536.4,₹1,1,0 units,40980.87,1
15807432,Cheng,645,Germany  ,Female,37,2,136925.09,2,0,1,153400.24,0
15640421,Conway,811,France,Female,35,7,0.0,1,1,1,178.19,0
15666270,Omeokachie,676,France,Female,40,2 units,147803.48,1 units,1,0,95181.06,1
₹15660403,Fleming,827,Spain,Female,35,0,0.0,2,0,1,184514.01,0
15643658,Barber,850,Germany,Male,53,,94078.97,2,1,0,36980.54,0
15723400,Hutchinson,663,France,Male,28,4,0.0,2,1,1,123969.64,0
15614034,Martin,607,Germany,MALE,61,2,164523.5,2,1,1,35786.76,0
15758306,T'an,654,France,Male,32 units,6,0.0,2,1,1,137898.57,0
15791030,Edwards,612,France,Female,33,0,64900.32 units,2,1,0,102426.12,0
15646609,NULL,748,FRANCE,Male,33,1,142645.43,1,0,0,69132.66,0
15814772,Adams  ,645,Germany,Male,49,4,160133.88,1,0,1,88391.97,0
15627971,Coates,504,France,Female,32,8,206663.75,1,0,0,,0
,King,707,France  ,Female,42,10,0.0,2,1,1,152944.39,0
15732832,Jideofor,707,France,Female,₹40,5,0.0,2,1,0,₹41052.82,₹0
15767626,Carpenter,811,France  ,Male,42,10,0.0,2 units,1,1,3797.79,0
15670914,Robe  ,754,France,Male,38,₹2,0.0,2,1,0,180698.32,0
15688395,Lane,582,France,,29,4,0.0,2,0,0,156153.27,0
15773503,Tsai  ,551 units,Spain,Male,32,4,0.0 units,2,1,0 units,53420.53,0
15763579,Castro,702 units,Germany,Female,36,2,105264.88,2,1,1,52909.87,0
15732438,Cheng,561,France,Male,,4,0.0,4,₹0,0,18522.91,1
15768455,NULL,679,France,Male,60,8,0.0,2,1,,51380.9,0
15690620,Olisaemeka,665,France,Male,39,10,46323.57,1,1,0,136812.02,0
15589869,,437,France,Male,49,9,111634.29,2,0,1,166440.32,0
15623712,Coates,453,Spain,Female,42,5,0.0,3,1,0,83008.49,1
,Gerald,608,Germany,Male,,,106648.98,1,0 units,1,7063.6,0
15709368,Milne,₹614,France,,₹43,6 units,0.0,2,1,1,109041.53,0
15681316,Tai,681,,Female,41,0,120549.29,2,1,0,₹175722.31,0
15747974,Sabbatini,614 units,France,Male  ,49,1,0.0,2,1,0,192440.54,0
15681026,Lucciano,795,Germany  ,Female,33,9,,₹1,1,1,120853.83,1
15723654,Tsao,773,France,Male,25,2,135903.33,1,1,0,73656.38,0
15752578,Yefimova,626,France,Female,37 units,2 units,133968.96,2,1,0,148689.65,0
15589147,Frolov  ,₹580,Spain,MALE,61,8,125921.37,1,1,,94677.83,0
15720702,Shih,789,,Male,37,3,0.0 units,1,₹1,0,121883.87,1
15813444,McIntosh,,Spain,Female,34,6,0.0,2,1,0,171021.44,0
15776985,Kung,652 units,France,Female,36,6,112518.71,2 units,0,₹1,110421.31,0
15589076 units,Henry,737,France,Male,36,9,0.0,1,0,1,188670.9,1
15652700,Ritchie,539,France  ,NULL,39,6,0.0,2,1,1,86767.48 units,0
15777504,Colbert,617,France,,30,8 units,0.0,1,1,1,92621.9,0
15617657,Ts'ai,664,France,Female,36,0,103502.22 units,1,,1,146191.82,0
15784700,CHIKELU,811,FRANCE,Male  ,₹31,₹7,117799.28,1,1,1 units,182372.35,0
15791780,Ts'ao,706,Germany,Female,48,10,104478.12,₹3,0,1,158248.71,1
15767231,Sun,757,France  ,,36,7,144852.06,1,0,0,130861.95 units,0
15651315,Dilke,627,France,Male,41,3,0.0,2,1,0,132719.8,0
,P'eng,₹537,Spain,Female,38,,0.0,2,0,,41233.97,0
15794122,NULL,713,France,Female,₹59,3,0.0,2,1,1,62700.08,0
15635893,T'ien,693,France,Female,28,8,0.0,2,1,1,158545.25,0
15672692,Yin,787 units,NULL,Female,42,10,145988.65,2,1,1,79510.37,0
15586680,Fleming  ,462,France,Male,27,₹4 units,176913.52,1,1,0,,0
15769948,Palerma,737 units,Germany,Male,35,₹0 units,₹133377.8 units,₹1,0,1,64050.19,0
15632439,Pinto,₹698 units,France,,39,4,0.0,2,0,1,47455.82,0
15737910,Houghton,703,Germany,Male,35,5,140691.08,2,1,0,167810.26,0
15747222 units,Bentley,745,SPAIN,Female  ,35,8,0.0,2,1,1,116581.1,0
15786739,CLEMENTS,669,France,Male,₹37,1,125529.55,,1,1,162260.93,0
15738954,Pisano,551,France  ,MALE,35,7,129717.3,2,0,0,86937.2,0
15787035,Anderson,602,France,Female,₹35,8,0.0,2,1,1,₹152843.53,0
15753847,Hawkins,645,Spain  ,Male,₹45,4,0.0,₹1,0,1,174916.85,1
15655648,Bock,610,France  ,Female,25,2,0.0,2,1,,123723.83 units,0
15788291,OKWUADIGBO,713,Germany,Female,38,7,144606.22,1,1,1,56594.36,₹1
₹15703614,Hutchinson,564,Spain,Male,48 units,,132876.23,1,1,0,79259.77,0
15658987,Kane,557,France,Female,46 units,,96173.17,2,1,,116378.31,0
15619340,Obijiaku,,Spain,Male,38 units,1,0.0,2,1,0,₹41303.29,0
15698167,Kumm,677,France,Female,24,0,148298.59,2,0,0,182913.95,0
15649616,Otutodilichukwu,₹636,Spain,MALE,60,7 units,₹124447.73,1,1,1,141364.62,1
15807305,WATKINS,805,France,Male,39,2,0.0,1,0,0,166650.32,₹0
15806688,Manfrin,726,Spain,Female,56,8,123110.9,3,0 units,1,130113.78 units,1
15592937,Napolitani,₹632,Germany,FEMALE,41,3,81877.38,1,1 units,1,33642.21 units,0
15740602,Boyle,674,Germany,Female,27,4,111568.01,1,0,1,22026.18,0
15668444,He,590,Spain,FEMALE,44,3,139432.37 units,,1,0,62222.81,0
15634310,Ko,509 units,France,Male,30 units,6 units,0.0,2,1,0,180598.86,₹0
15566735,Obialo,548,GERMANY,Female,36,2,108913.84,2,1,1,140460.01,0
15665956,Pendergrass,509,France,Female,₹46,₹1,0.0,,1,0,71244.59,1
15750778,Ponomarev,653,France,FEMALE,60,2,120731.39,4,1,1 units,138160.11 units,₹1
15684367,Chigbogu,555,Spain,MALE,₹27,₹5,0.0,2,0,0 units,96398.51,0
15721569,CHIALUKA,658,Germany,Female,55,8,119327.93 units,1,0,1,119439.66,0
15706170,Onyemere,636,France,Male,34,1,84055.43,1,0 units,0,37490.84,0
15773260,Tsou,590,France,Female,32,0,,1,1,0 units,100717.54 units,₹0
15585451,,558,Germany,Female,,1,108262.87,1,1 units,1,6935.31,0
15603216,Simpson,642,France,MALE,25,7,0.0,2,1,0,102083.78,0
15661249,Bellucci,699,France,Male,53,4,0.0,2,0,1,111307.98,0 units
15769582,KANG,,France,Male,29,3,0.0,2,1,1,142238.54,0
15613749,Lees,569,Spain,Male,34 units,0,151839.26,1,1,0,102299.81,1
15701522,Yermolayeva,711,France,Female,29,9,0.0,2,0,1,3234.8,0
15613172,Sun,₹628 units,Germany,Male  ,,5,95826.49,2,1,0,155996.96,0
15656319,TOSCANO,850,Spain,Male,37,4,88141.1 units,₹1,1,0,109659.12,0
15657396,Marshall,806,France,Male,31,9,0.0,2,0,1,140168.36,0
15621834,Game,700,Spain,Female,43,0,₹0.0,2,1,0,59475.35,0
15713250,Izmailova,502,France,Male,33,8,0.0,2,1,1,123509.01,0
,Genovesi,576,FRANCE,Male  ,63,9,70655.48,1,0,0,,1
15666252,Ritchie,706,Spain,Male,,9,0.0,2,1,1,28714.34,0
15683562,Allen,646,,MALE,35,6,84026.86,1,0,1,164255.69 units,0
15789955,Hu,698,Germany,MALE,56,1 units,112414.81,,0,0,93982.02,1
15764916,Rowley,₹616,Germany,Female,43,₹7,95984.21,1,0 units,1,115262.54,1
₹15569098 units,WINIFRED,627,France,Male,44 units,6,153548.12,1,₹0,0,35300.08,1
15622911,Jude,759 units,NULL,Male,42 units,4,105420.18,1,₹0,1,₹121409.06,₹0
15781802,Abramov,755,France,Male  ,₹41,6,104817.41,1,1,0,126013.58,1
15625623,Stevenson,567,France,Female,45,4,0.0,2 units,0,1,121053.19,0
15814940,Lawrence,642,Spain,Female,33,9,0.0,2,1,1,150475.14,₹0
15624388,HENDERSON,649 units,,Female,50,5 units,155393.32,1,1,1,87351.42,1
15724161,Sutton,644,France,Female,,9,137285.26,4,1,0,77063.63,1
15707219,HOPMAN,844,France,,28,4,0.0,2,0 units,1,123318.37,0
15623471,Marcelo  ,607,Germany,Male,38 units,3,98205.77,1,1,0,176318.27,0
15684951,He,542,France,Female,59,2,68892.77,2,1,,7905.06,1
15640258,Chou,685,France,Female,50,6,94238.75,2,1,1,₹50664.07,1
15630709,Castiglione,619,Germany,Female,31,2,56116.3,2,0,0,2181.94,0
15605375,Tseng,651,France,NULL,35,2,86911.8 units,1,1,0,174094.24,0
15815656,,,Germany,Female,39 units,₹9,100116.67,1,1,1,199808.1,1
15589793,Onwuamaeze,604,France,Male,53,₹8,144453.75,1,1 units,0,190998.96,1
15782574,Warner,₹624,Spain,Male,33,6,0.0,2,₹0,0,76551.7,₹0
15734578,CRAIG,726,FRANCE,Female,53,1 units,113537.73,1,0,1,28367.21,0
15782758,Ozerova,632,France,Male,40,5,147650.68,1,1,1,,0
15578835,Brookes,675,Spain,Female,50,₹1,133204.91,1,0,1,8270.06,0
15769216,Panicucci,601,France,Female,43,2,0.0,1,1,0,49713.87,1
15678034,Grosse,₹811,France,Male,46,9,180226.24,1,1,0,13464.64,1
15708713,Hill,633,France,Male,35,3,0.0 units,2,1,,36249.76,0
15644994,Ko,714,Germany,Male,54,4,137986.58,2,0,₹1,51308.54 units,1
15625080,Parkin,745,SPAIN,Female,54,8,0.0,1 units,1,0,173912.29,1
15755225,Ryan  ,659,Germany,Male,34,₹9,134464.58,₹2,1,0,178833.34,0
15604138,Iheanacho  ,749,Spain,Male,,2,0.0,,0,,,1
15577683,Maclean,539,France,Female,29,4,₹0.0,2,1,1,100919.19,0
15794257,HSIUNG,651,France,Male,34,4,91562.99,1 units,1,1 units,123954.15,0
15606887,Singh,₹775,France,Female,30,5,0.0,1,1,0,193880.6,1
15676094,Osonduagwuike,500 units,France,Female,34,6,0.0,1,1,1,140268.45,0
15725906,Hankinson,₹665,Spain,Female,51,8,0.0 units,1,1,1,38928.48,1
15735878,Law,850,Germany,Female,47,₹10,134381.52,1,0,0,26812.89,1
15684173,Chang  ,687,Spain,NULL,44,7,0.0,3,1 units,0,₹155853.52 units,1
15780212,Mao,592,France,Male,37,4,212692.97,1,0,0,176395.02 units,0
15627439,Pickering,624,Spain,Female,36,10,0.0,2,0,1,186180.42,0
15712403,NULL,589 units,France,Female,61,1,0.0 units,1,1 units,0,61108.56,1
15603319,Graham,693,France  ,Male,29,2,151352.74,1,0,₹0,197145.89,0
15728683,Lombardo,742,NULL,Male,27,0,0.0,2,0,1,131534.96,0
15736990 units,Chuang,537,France,Male,₹28,,157842.07,1,1,0,₹86911.49 units,0
15573171,Liao  ,695,Spain,Male,,1,146202.93,1,1,1,126688.83,1
15776921,Geoghegan,431,Germany  ,Male,45,5 units,83624.55,2,0,0,36899.62,0
15723064,Kistler,603,Spain,MALE,24,1,165149.13,2,1,0,21858.28,0
15608701 units,Chialuka,651,Germany,Male,29,3,121890.06,₹1,1,₹0,54530.51,1
15662908,,795,,Male,38,7,125903.22,2,1,1,127068.92,0
15807473,Morehead,503,NULL,Male  ,₹38 units,1,0.0,2,1,1,95153.24,0
15649418,Krylov,₹776,France,Female,29,7,,2,1,1,115818.51,0
,Ibekwe,548,France,Female,41,4,82596.8,1,0 units,1,55672.09,0
15690130,,468,France,Female,32,8,137649.47 units,1 units,0,0,198714.29,0
15730540,Simpson,794,Spain,Male,45,8,88656.37,2,1,0 units,116547.31,0
15617866,Calabrese,657,Spain,Male,67,5,119785.47,2,1,1,107534.32 units,0
15744529 units,CHIEKWUGO,,NULL,Male,63,8,0.0,2,1,1,115291.86,0 units
₹15610090,Han,667,France,Male,40,8,72945.29,2,1,0,98931.5,0
15693926 units,Pan,670,Spain,NULL,37,0,178742.71,1,1,1,194493.57,0
15663770,Doyle,802,France,Male,38,1,142557.11,1,1,1,,0
15716024,Dennis,660,SPAIN  ,Male,42,5,0.0,2,1,₹0,115509.59,0
15590476,Onochie,589,France,Male,28,7,0.0,2,₹1,0,151645.96,0
15586039,Bergamaschi,471,Germany,Female,36,5,90063.74,2,1,1,96366.7,0
15795690,Shao,667,FRANCE,Male,31,3,99513.91,1,1,1,189657.26,0
15741403 units,Amechi,698,Spain,Female,38,1,171848.38,1,0,0,16957.45,0
15589666,NULL,595,France,Female,39 units,9,136422.41,1,1,1,151757.81,0
₹15811032,GAMBRELL,477,Germany,,58,8,145984.92,1,1,1,24564.7,0
15729908,Allan,411,FRANCE,Female,36,10,0.0,1,0,0,120694.35,0
15751137,Lei,850,Germany,Female,36,₹3,169025.83,1,1,0,174235.06,0
15772381 units,Brient,589,Germany,Male,38,8,₹92219.21,1,1,,99106.97,0
15750803,Jess,₹693,France,Female,30,6,127992.25,1,1 units,,50457.2,0
15575417,Chou,849,Germany,Male,37,7,143452.74,2,1,1 units,17294.12,0
15681758 units,Baddeley,525,,Female,25,10,0.0,,₹1,0,69361.95,0
15792720,Martinez,676,France,Male,₹33,6,171490.78,,0,0,79099.64,0
15569423,Cunningham,731,Spain,Male,41,4,0.0 units,2,1,0,22299.27,0 units
15711455,Kuo,₹740,Germany,FEMALE,36,4,109044.6,1 units,0,0,94554.74,1
15739997 units,Capon,716,France,Female,23,2,94464.81,2,0,1,185900.88,0 units
₹15803689,Begum,647,Germany,Female,51,1,119741.77,,0,0,54954.51 units,1
15658306,Lo,693,FRANCE,Male,68,4,97705.99,1,1,1,61569.07,0
15589975,Maclean,646,France,Female,73,6,97259.25,1,0,1,104719.66,₹0
15788539,Foxall,501,France,NULL,34,3,107747.57,1,1,0,9249.36,0
15575024,Uwaezuoke,503,France,Male,29,3 units,0.0,₹2,1,1,143954.99,0
15643048,Mueller,639,France,NULL,66,0 units,0.0,2,0,1,42240.54,0 units
15620398,Mitchell,635,Spain,Female,34,5,98683.47,2,1 units,0,15733.19,0
15598782,Pinto,755,Germany,Female,30,6,154221.37,2,0,1,62688.55,0
15801316,Ifeatu,523,France,Male,61,8,66250.71,1,1 units,1,21859.06,0
15658670,CHIEN,669,France,Female,38,8,0.0,2,1,0,84049.16,0
15657139,Otutodilinna,652,FRANCE,Female,40,₹8,₹84390.8,2,0,1,107876.2,0
15800116,Bowman,712,Germany  ,Male,28,4 units,145605.44 units,1,0,1,93883.53,0
15794941,Chibueze,647,Germany,Female,41,1,85906.65,3,1,0 units,,0
15669899,Fitts,755,Germany,Female,45,₹7,135643.0,1,0,0,143619.52,1
15689294,Onyemaechi,705,Germany,Male,44,3,105934.96 units,1,1,0,82463.69,0
15756743,,625,France,FEMALE,37,7,₹115895.42,1,1,0,48486.25,0 units
15778320,Teng,848,Germany,FEMALE,40,5,148495.64,1,0,0,158853.98,0
,Ch'ien,468,NULL,Male,46,7,91443.75,1,1,0,10958.18,0
,Parkes,536,FRANCE,Female,41,9,0.0,1,1 units,₹0,121299.14,0
,Sousa,697,France,Female,42,10,0.0,2,1,0,61312.15,0
15676433,NULL,707,France,Female  ,36,6,0.0,1,0,0,98810.78,0
15641782,Humphries,540,France,FEMALE,31,7,0.0,1,0,1,183051.6,1
15805449,Ugochukwu,594,France,Male,38,4,0.0,2,0,0,186884.04,0
15643794,Bennett,,Spain,Female,27,2,0.0,1,1,1,82938.99 units,0
15751175 units,Bess,648,France,,44,2,0.0,2,1,1,58652.23,0
15797751,Pai,466,Germany,FEMALE,47,5,102085.72,1,1,1,183536.24,1
15784010,,666,Germany,Male,33,2,124125.26,,1,0,81884.8,₹0
15689492,Benjamin,850,Germany,Male,41,1,₹176958.46,2,₹0,1,125806.3,0
₹15781586,Osonduagwuike,837,Germany  ,NULL,38,₹2,126732.85,₹1,1,1,79577.38,0
15683483,Fleming,812,Spain,Male,38,3,127117.8,2,1 units,1,174822.74,0
15761018,Tan,581,GERMANY,Male,50,2,143829.2 units,₹2,1,₹0,₹181224.24,1
15790810,Han  ,844,France,FEMALE,41 units,10,₹76319.64 units,1,1,1,141175.18,1
15599403,Wu,577,France,Male,60,10,125389.7 units,2,1,1,178616.73,0
15725679,Hsia,531,France,FEMALE,47,6 units,0.0,1,0,0,194998.34,1
15728608,Walker,688,Germany,Female,34,9,91025.58,2,0,1,163783.0,0
15763665,NULL,833,France,Female,28,4,136674.51 units,2,0,0,5278.78,0
15734246,She,746,NULL,FEMALE,21,8,166883.07,2,0,1,194563.65,0
15668058,Chinwendu  ,661,Germany,Male,35,8 units,124098.54,1,1,0,86678.48,0
15751158,Mashman,571,,FEMALE,42 units,4,108825.34,3,1,0 units,55558.51,1
15759436 units,Aksenov,758,France  ,Female,50,2,95813.76,3,1,,67944.09 units,1
15748691,Lung  ,794,Spain,Female,30,1,154970.54,1 units,0,1,156768.45,0
15770375,Fanucci,850,Germany,Female,26 units,8,123126.29,1,1,0,74425.41,0
15754342,Green,597,GERMANY,Female,60 units,0,78539.84,1,0,1,48502.88 units,0
15725945,NWEKE,659,,Female,42,2,0.0,1,0,0,162734.31,1
15720893,Gilbert,637,NULL,Female,34 units,9,0.0,2,0,0,26057.08 units,0
15672594,Stevenson,597,France,Female,60 units,₹0,,1,0,0,10703.53,1
15619892,Page,644,Spain,Male,,8,0.0,2,1,0,59172.42,₹0
15734626,,652,NULL,Female,36,1,0.0 units,2,1,1 units,19302.78,0
15567860,BURROWS,581,NULL,Female,,7,189318.16,2,1,0,45026.23,1
15786237,Pickworth,651,FRANCE,Male,28 units,7,0.0,2,1,0,823.96,0
15647453 units,Ifeajuna,721,France,Male,42,4,102936.72,1,0,0,1187.88,0
15605134,Bond,617,France,Female,34,0,131244.65,₹2,1,0,183229.02,0
15605827,Khan,645,France,Male,39,8,0.0,2,0,0 units,96864.36,0
15627000,Freeman,610,France,Male,40 units,0,0.0,2,₹1 units,0,62232.6,0
15755731,Davis,635,Germany,Male,53,8,,1,0,1,₹123646.57,1
15740383,Jimenez,594,Spain,Female,38,10,0.0,2,1,0,58332.91,0 units
15794276 units,Steele,588,France,Female,64,3,0.0,1,1,1,189703.65,0
15630641,Shao,846,France  ,Female,37,6,127103.97,1 units,1,1,41516.44,0
15688074,Gregory,802,Germany,Male,31,1,125013.72,,1 units,1,₹187658.09,0
15641480,Sinnett,₹571,France,Male,32 units,5,131354.25,1,1,0,125256.53,0
15800793,ST CLAIR,477,Germany,NULL,39,4,182491.57,1,1,0,185830.72,0
15731026,Han,683,Germany,Female,39,2 units,100062.16,2,1,0,109201.43,0
15776348,Rogers,835,Germany,Male,20,,124365.42,1,0 units,0,180197.74,1
15762984,McIntosh,,Spain,Male,35,7,0.0 units,2,0,0,,0
15681446,Sun,636,Germany,Female,37,9,157098.52,1,1,1,153535.27,0
15600478,WATSON,752,France,Male,39,,₹0.0,1,1,₹0,188187.05,0
15694296,Chineze,631,France,Male,,9,112392.45,₹2,1,0,24472.23,0
15578809,Hao  ,651,Germany,Male,40,,134760.21,2,0,0,174434.06,1
15762138,Hu,608,France,,42,5,0.0 units,2,1,0,178504.29,0
15734565,Hughes,696,France,Male,29,8 units,0.0,2,1,0,191166.09,0
15615473,Sabbatini,646,France,Female,33,2,0.0,2,0,0,198208.0,0
15679299,Shen,726,Spain,Female,27,7,123826.07,1,0,1,78970.58,0
15576714,Manna,687,NULL,Female,21,8,0.0,2,1,1,154767.34,
15593897,Carr,650,Spain,Male,25,7,160599.06,2,1,1,28391.52,0
15588923,Murphy,591,France,NULL,33 units,4,113743.37,1,1,0,124625.08,0
15772559,Burrows,790,France,Female,47,10,148636.21,1,0,1,16119.96,1
15764432,Hicks,588,Germany,Female,42,2,164307.77,1,1,0,48498.19,0
15724099,Udinese,674,France,Male,26,6,166257.96,1,1,1,149369.41,₹0
15654625,Wilson  ,495,Germany,NULL,39,8,120252.02,2,1,1,10160.23,0
15763218,Akeroyd,661,France,Female,41,₹1,₹0.0,2,0,1,₹131300.68,0
15619935,Vanmeter,783,Spain,Female,59,9,126224.87,1,1,₹1,4423.63 units,0 units
15672905,Sani,679,SPAIN,Female,40,7,0.0,2 units,1,1 units,163757.29,
15794356,Toscani,641,Germany,,42,3,121765.37,2 units,₹1,1,166516.84,0
15621075,Ogbonnaya,778,Germany,Female,45,1,162150.42,2,1,₹0,₹174531.27,0
15745375,Nnanna,640,Germany,Male,23,3,72012.76,1,1 units,0,161333.13,0
15744873,Wright,657,Germany,Female,48,5,143595.87,1,0,0,101314.65,1
15640627,Wan,611,Spain,Male,34,4,0.0,2,1,0,170950.58 units,0
15801293,Ni,,Germany,,27,1,101278.25,2,1,1,26265.18,0
,William,616,Germany,Male,29 units,8,149318.55,1,1,0,140746.13,
15587421,Tsai,687,Germany,Female,34,₹7,111388.18,2,1,0,148564.76,0
15657771,Ts'ui,537,France,Male,37,6,0.0,1,1,1,17802.42,0
₹15723872,Buccho,589,Spain,Female,46,10,₹0.0,2,0,1,168369.37,0
15684921,Onuchukwu,792 units,Spain,Male,25,8,142862.21,1,1,1,130639.01 units,0
15625545,Hussey,712,NULL,Male,52,₹9,0.0,1,1,1,117977.45,1
15782219,Fanucci,703,SPAIN,Male,29,9,0.0,2,1 units,0,50679.48,0
15700212,Shih,475,France,Female,46,10,0.0 units,2,0,0,122953.0,1
15725997,She,660,France,Female,35,6,100768.77,1,1,0,19199.61,0
15767781,Godfrey,₹648,France,MALE,38,10,82697.28,1,1,0,74846.67,0
15794253,Marsh,832 units,Spain,NULL,34,6,138190.13,2,0,1,146511.2,0
15579781,Buccho,806,Germany,Male,31,10,138653.51,1,₹1,0,190803.37,0
15610643,De Luca,435,Germany,Male,44,3,151739.65,1,1,0,167461.5,0 units
15615457,Burns,842,Spain,FEMALE,44,2,112652.08,2 units,1,0 units,126644.98,0
15585907,Collier  ,676 units,Spain,Female,30,₹5,0.0,2,0,0,179066.58,0
15700460,Allnutt,530,France,Female  ,55,,120905.03,1,0,1,123475.88,1
15615004,Anderson,730 units,FRANCE,Female,37,,0.0,₹2,1,₹1,124364.63,0
15778219,Izmailov,790,France,Male,26,5,0.0,1,1,0 units,20510.79,0
15807524,Chukwuma,569,France,Female,44,4,0.0,2,0,0,134394.78,0
15661034,Ngozichukwuka,813,Germany,Female,29,5,106059.4,,0,0,187976.88,1
15661723,Abramovich,667,Spain,Male,71,4,137260.78,1,0,1,94433.08,1
15567422,Chiazagomekpele,630,France,Male,42,₹6,0.0,2,1,0,162697.93,0
15808780,Tien,850,France,Female,,2,0.0,₹2,0,0,51919.04,0
15617052,Watson,782,France,Male,34,9,0.0,1,1,0,183021.06,1 units
15792722,Omeokachie  ,611,France,Female,43,8,,1,1,0,114996.33,0
15692577,NULL,674,Germany  ,Female,38,,83727.68,₹1,1,0,45418.12,0
15691874,Kazakova,687,France,FEMALE,34 units,9,125474.44,,1,0,198929.84,0
15580935,Okechukwu,687,GERMANY,Male,33,9,135962.4,2,1,0,121747.96,₹0
,De Luca,833,France,Male,37,8,151226.18,2,1,1,136129.49,₹0
15785869,Pisano,718,France,Female,25,7,,2,1,0,30380.12,0
15792222,Johnstone,712,France,Female  ,37,1,106881.5,2,0,0 units,169386.81 units,0
15808044,Ts'ui,580,France,Female,65,9 units,106804.26,3,1,0,107890.69,1
15608338,Chiemenam,757,Spain,FEMALE  ,55,9,117294.12 units,4,1,0,94187.47,1
15681887,Eskridge,758,Germany,Male,33,0 units,129142.54,₹2,1,₹1,26606.28,0
15799825,Bentley,583,France,Female,44,8,0.0,2,1,1,27431.62,0
15579208,Chikezie,550,France,Female,48,6,0.0,2,1,1,191870.28,0
15756125,Booth  ,757,SPAIN,Male,44,5,140856.16,2,1,0,158735.1,0
15745201,Frewin,612,France,Female,43 units,4,139496.35 units,2 units,1,1,77128.23,0
15611699,Tao,641,France  ,Female,40,7,0.0,,1,0,126996.67,0
15702300,WALKER,671,France,Male,27,₹5,0.0,2,0,0,120893.07,0
15735246,Norman,798,Spain,Female,58,,0.0 units,2,0,0 units,119071.56,1
15680683,Simmons,640,Spain,Male,29,5,₹197200.04,2,1,0,141453.62,0
15799042,,611,FRANCE  ,Male,,7,0.0,1,1,1,63202.0,0 units
15685226,Morrison,712 units,NULL,Female  ,29,7,147199.07 units,1,,1,84932.4,0
15695383,NULL,567,Spain,Male,44,9,0.0,2,1,0 units,87677.15,₹0
15792360,Clark,668,France,Male  ,32,7,0.0,2,1,1,777.37,0
15773098,Ch'in  ,834,Spain,Male,,5,0.0,2,0,0,53437.1,0
15597385,Siddons,573,Spain,Male,41,5,0.0,2,0,1,14479.29 units,0
15741180,NULL,617,France,Male,54,6,102141.9,1,1,1,45325.26,₹0
15648681,NULL,747,France,Female,47,5,139914.6,4,0,1,129964.56,1
15569050 units,Farrell,444,,Male,₹45,6,0.0,1,1,0,130009.85,1
15593501,Graham,493,France,Female,36,5,148667.81,₹2,1,0,56092.51,0
15714874,Major,850,France,Female,42,3,0.0,2,1,1,176883.42,0
15675794,Hsing,645,Germany,Male,47,9,152076.93,1,1,0,121840.2,1 units
15780572,Mansom,653,Spain,Male,30,4,₹0.0,2 units,₹1,0,120736.04,0
15615126,Cocci,780,France,Female,37,3,0.0,2,0,0,182156.81,1
15636061,Pope,,,Male,78,4,68345.86,2,1,1 units,142566.75,0
15575492,Kennedy,828,NULL,Female,41,7,0.0,2 units,₹1,0,171378.77,0
15585222,Norman,515,France,Male,41,8,0.0,2,1,1,185054.14,0
15628308,Akubundu,850,France,Female,24,6,0.0,2 units,1 units,1 units,13159.9,0
15684198,McDonald,551,France,Female,38,10,0.0,2,1,1 units,216.27,0
15775293,Stephenson,680,FRANCE,Male,34,3,143292.95,1 units,1,0,66526.01,0
15702464,Ross,549,France,Female,34,4,0.0,2,0,0,139463.57,0
15761168,Manna,478,France  ,Female,38,4,171913.87,1,1,0 units,51820.87,1
15643359,Carter  ,736,Spain,Male,32,7,0.0,1,0,1,79082.62,0
15777614,WEBB,545,Spain,Female,44,1,0.0,2,1,1,₹82614.89,0
15769356,Stevenson,520,Germany,Female,23,3,116022.53,2,1,,37577.66,
15572956,,683,France  ,Male,36 units,₹5,,1,₹1 units,1,122305.91,₹0 units
15743760,Davidson,850 units,FRANCE,Male,31,,131996.66,2,1 units,₹1,178747.43,0
15573278,Kennedy,743,France,Male,39,6 units,0.0,2,1,0,44265.28,0
15769169,Trentino,645,France,MALE,41,,0.0,1,0,1,28667.56 units,0
15570769,,494,France,Male,69,9,93320.8,1,1,1,24489.44 units,0
15605130 units,Seccombe,753,France,,32,6,177729.13,1,1,1,161642.08,0
15688865 units,Wade,850,France,Female,35,9,0.0,2,0,0,25329.48,0
15747534 units,Torkelson,595,France,Male,46,10,0.0,1,1,0,73489.15,
15799815,Bobrov,656,Germany,Female,23,4,163549.63,1,0,1,21085.12,0
15750929,Burgess,702,Spain,,,8,0.0,2,1,0 units,₹99654.13,0
15644765,Ashton,689,Germany,Male,26,4,120727.97,1,0,1,149073.88,0
15671139,Brizendine,694,Spain,MALE,39,0,₹107042.74,1,1,1,102284.2,0 units
15693752,NULL,487,France,Male,₹37,2 units,,2,1,1,126722.57,
15650026,Barclay-Harvey,513,France,Male,44,1,63562.02,2,₹0,1 units,52629.73,1
15582892,Scott,601,France,Male,46,2,99786.07,1,1 units,1,32683.88,1
15713854,Cremonesi,513,France  ,Female,37,6,,2,1,0,110142.34,0
15729054,Korovina,744,Germany,Male,32,4,96106.83,1,1,1,79812.77,0
15747960,Eluemuno,733,France,Male,33,3 units,₹0.0,1,1 units,1,7666.73,
15630363,Nkemakonam,437,France,Female,39 units,0,102721.49,1,₹0,0 units,22191.82,0
15768342,Bolton,718,France,Male,52,8,79475.3,3,1,1,32421.32,1
15757897,Binder  ,766,France,Female,,3,104258.8,1,1,1 units,428.23,0
15569438,Mai,₹607,Germany,Male,36,10,₹106702.94,2,0,0,198313.69,0
15570060,Palerma,586,FRANCE,Female,₹43,8,132558.26,1,1,₹0 units,67046.83,
15697020,HS?EH,618,France,Male,39,2 units,91068.56,1,1,0,26578.69,0
15707132 units,Yudin,465,France,Male  ,,5,0.0,2,0,1,78698.09,0
₹15709016,North,687,Germany,Female,47,1,91219.29,1,0,0,158845.49,1
15726358,Chiemenam,681,France,Male,34,7 units,0.0,2,0,0,130686.59,0
15570485,Udegbunam,558,Spain,Male,40,4,161766.87,1,0,0,92378.54,₹0
15679668,YAO,850,Spain,Male,38,7,115378.94,1,0,1,162087.82 units,0
15809909,Fan,422,Spain  ,NULL,54,4 units,0.0,2,1,1,7166.71,0
15589210,Adamson,557,NULL,Female,24,4,0.0,1,0,0,20515.72,0
15790204 units,Myers,663,Spain,Female,22 units,9,0.0,1,1,0,29135.89,1
15664681,Aitken,584,FRANCE,Female,35,2,114321.28,2 units,0,0,15959.01,0
15616525 units,Sopuluchi,720,Spain,Male,31,4,141356.47,1,0,0,137985.69,0
15812750,Ozioma,591,France,Male,24,6,147360.0,1,1,1,25310.82,0 units
15718780,Cox,650,Spain,Female,32,4,79450.09,1,1,1,118324.75,0 units
15709478,P'an,611,Germany,Male,37,1,117524.72,,0,1,161064.29,0
15689344,Montgomery,615,,Male,,4,0.0,3,0,1,120321.09,0
15723013,Sutherland,613,Germany,MALE  ,28,7,76656.4,2,1,1,185483.24,0
15734999,NULL,634,NULL,Male,36 units,2,85996.19,1,1,0,15887.68,0
,Nnonso,850,Germany,Female,70,1,96947.58,3,1,0,62282.99,₹1
15755330,Forbes,512,,NULL,41,7,122403.24,1,0,1,37439.9 units,1
15620204,Walker,543,Germany  ,FEMALE,57,1,106138.33,2,1,1,120657.32,
15626233,Onyekachi,593,France,Female,32,3,0.0,2,₹1,1,151978.36,0
15748069,CLUNIE,485,France,FEMALE,25,3 units,134467.26,1,1,1,113266.09,0
15799515,Wei,652,France,Female,48,8,133297.24 units,1,1,0,77764.37,0
,Ts'ai,796,France,,51,,0.0,2,0,1,194733.28,0
15694995,O'Sullivan,712,France,Male,23,2,₹0.0,2,0,1,66795.78,0
15800326,Poole,717,Spain,Female,39,6,0.0,2,1,0,₹93275.61,0
15812356,Doherty,722,GERMANY,Female,40,6,89175.06,2,0,1,152883.95,0
15678497,Lederer,850,Spain,Male  ,48,2,0.0,1 units,1,0,169425.3 units,1
15784218,Mason,,Spain,MALE,38,₹0,0.0,2,1,1,38015.34,0 units
15691323 units,Bianchi,672,Germany,Male,40,4,89025.88,2,1,0,188892.19 units,0
15717046,Wentworth-Shields,741,Spain,Male,53,3,0.0,2,1,₹1,38913.68,0
15665524,Savage,605,Spain  ,Male,41,5,103154.66 units,1,,0,143203.78,0
15689886,Holden,626 units,GERMANY,Male,39,10,132287.92,3,1 units,1,₹51467.92,1
15679884,Hs?eh,544,France,,48,10 units,78314.63 units,3,1,1,103713.93,1
15629150,Lucchese,721,France,Female,₹37,1,0.0,2,1 units,0,70810.8,0 units
15724623,Taubman,704,Germany,Female,24,7,113034.22,1,1 units,0,162503.48,1
15637240,Wei,541,France,Male,46,4,124547.13,2,1,0,94499.06,0
15769312,Forbes,557,SPAIN,Male  ,48,10,0.0,2,1,1,185094.48,0
15654379,Onwuatuegwu,588,Spain,Male,59,4,0.0 units,2,₹1,1,27435.41,0
15577700,Rapuokwu,749,France,NULL,37,10,₹185063.7,2,1,1,134526.87,0
₹15602735,Kuo,692,Germany,Male,45,6,152296.83,4,0,1,108040.86,1
15666975,Sparks,710,France  ,Female,36,4,116085.06,1,1,0,58601.61,₹0
15733768,,600 units,FRANCE,MALE,32,1,0.0,1,1,1,₹101986.16,0 units
15601417,T'ang,681,France,,32,3,148884.47,2,1,1,90967.37,0
15599004,Tsao,655,Spain,Male,37,1,0.0,1,1,1,106040.97 units,₹0
₹15743193,Olson,644,France  ,Male,37,6,117271.8,2,1,0,104217.96,1
15661409,SHEN,542,France  ,Female,42,1,0.0,1,1,1,178256.58,1
15611635,Chu,678,Spain  ,Female,39,6,0.0,1,0,1,185366.56,0 units
15665168,Calabrese,681,Germany,Female,₹44,₹3,105206.7,2,1,1,163558.36,0
15747265,,598 units,Germany,Female,27,10,171283.91,1,1 units,1,84136.12 units,0
15752502,COOKE,615,,Male,41,4,130385.82,1,0 units,1,130661.95,0
15730460,Oleary,722,NULL,Male,,2,0.0,1,0,0,120906.83,₹0
₹15779176,Dike,₹565 units,Germany,Female,58,3,108888.24,3,₹0,1,135875.51,1
15690664,Liang,729,Spain,Male,37,₹10,0.0,2,1,0,100862.54 units,0
15625126,Duncan,629,France,Female,40,6,0.0,2,1,1,139356.3,0
15606641,Beggs,762,Germany,Male,56,10,100260.88,3,1,1,77142.42,1
15801658,NULL,580,France,Male,₹55,6,104305.74,1,0,1 units,175750.21,₹0
15597536,Nkemjika,576,Spain,Male,45,5,133618.01,1,₹0,0,135244.87,0
15718769,Fallaci,557,Spain,Male,36 units,₹1,113110.26,1 units,1,0,98413.1,0
15764073 units,Arcuri,503,Spain,Female,36,9,0.0,,1,1,16274.67,
15657937,Lord,,Germany,Male,22,0,112949.71,1,0,0,155231.55,0
15781495,Munro,,France,NULL,22,2,126362.57,2,1,1,97382.8,0
15703728,Chieloka,700,Spain,MALE,47,4,0.0,1,1,0,,1
15692408,Brown  ,463,Spain,,35,2,0.0,2,1,1,1950.93,0
15693864,IHEANACHO  ,567,Germany,Female  ,49 units,5,134956.02,1,₹1,0 units,93953.84,1
15753092,He,791,Germany,Male,35 units,5,129828.58 units,1,1,1,181918.26,1
15731522,Ts'ui,771,Spain,Female,67,8,0.0,2,1,1,51219.8,0
15777922,Afamefuna,629,Spain,Male,36,1,161757.87,2,1,1,146371.72,0
15637646,Rowley,756,France,Male,31,10,122647.32,1,0,,61666.87,0
15684999,Ch'eng,850,France,,26,4,62610.96,2,0,1,179365.1,0
15725076,Anderson,653,SPAIN,Female,27,6,107751.68,2,1 units,1,33389.42,0
15754747,Bazile,686,Germany,,33,9,141918.09,2,0,1,184036.47,
15673693,REPPERT,682,France,Female,26,0,110654.02,1,0,1,111879.21,0
15765345,Wood,753,France,MALE,35,4 units,0.0 units,2,1,1,106303.4 units,0
₹15727251,Vincent,642,France,Male,30,8,117494.27,1,0 units,0,61977.82,0
15582246,Rowe,737,Spain,Female,45,2,0.0,2,0,1,,0
₹15666173,Chidumaga,793,GERMANY,Female,32,1,96408.98,1,1,1,138191.81,0
15812611,Lorimer,690,Spain,Female,30,5,0.0,2,0,1,78700.03,0
15690744,Custance,683 units,France,MALE,43,2,112499.42,2,1,0,30375.18,0
15748920,Cherkasova,561,France  ,Female,49,8,0.0,2,₹1,1,12513.07,0
15796969,NULL,731,France,Male,33,4,0.0,2,1,1,74945.11,0
15664523,NULL,696,Germany,Female,,8,122021.92,,1,0,33828.64,0
15728505,Ts'ao,601,France,Male,44,₹1 units,,2,₹1,1,62678.53,0
15693906 units,Abbott  ,645,France,,,3,34547.82,1 units,1 units,1 units,11638.17,0
15713644 units,Marshall,686,Spain,MALE,,5,0.0,2,1 units,0,158974.45,0
₹15586183,Wallace,561,France,Female,35,5,0.0,2,1,0,59981.62,0 units
15727499 units,Boyle,666,Germany  ,Female,36,3,129118.5,2,0,0,139435.12,0
15711218,Parry,616,Germany,Male,,2,121704.32 units,2,1,0,55556.3,0
15745324,Milani  ,599 units,Spain  ,FEMALE,39,4,0.0,1,1,0,194273.2,1
15574137,Ch'in,687,Spain,Male,35,3,0.0,2,1,1 units,176450.19,0
15713267,Zimmer,779,Spain,Female,34,5,0.0,2 units,0,1,111676.63,0
₹15722813,Byrne,470,Spain,Male,30,4,125385.01,1,₹1,0 units,68293.93,0
15571571,Ting,680,Germany,Female  ,31,3,127331.46,3,1 units,1,176433.6,0
15661945,Nicolay,623,Spain,Female,40,₹4,0.0,3,1,0,31669.18,0
15794468,Tsou,641,France,Female,42,6 units,0.0,2,0,0,121138.77 units,0 units
15656417,Marsh,582,France,Female,39,1,132077.48,2,1,0,192255.15,0
15581811,Chukwubuikem,678,Germany,FEMALE  ,30,1,139676.95,2,0,1,16146.0,0
15812706,Mazure,627,SPAIN,Male,49,4,111087.5,1,0,1,146680.25,0
15605327,Namatjira,607,France,Male,35,2,0.0,2,1,1,114190.3,0
15567506,Cheatham,738,Germany,,40,6,114940.67,2 units,1,1,194895.57,1
15795747,Sheppard,787,Spain,FEMALE,39,₹7 units,171646.76,1 units,0,1,100791.36,0
15587581,Russo,785,Germany,Female,33,5,136624.6,2,1,1,,0
15679410,Caldwell,729,France,Female,62,4,140549.4,1,1,0,30990.16,1
15705707,Bennelong,635,Spain,Female,29,8,138296.94,2,1 units,0,141075.51,0
15658693,Aksyonova,827,France,,60,2,0.0,2,0,1,60615.83,0
15707144,ONYEORULU,571,Germany,Male,25,6,82506.72,2,1,0,167705.07,0
15638463,Okwudilichukwu,681,Germany,Female,48,8,139480.18,1,1,1,163581.67,0
15714391,Lai  ,563,France,Female,35,2,183572.84,₹1,1,1,66006.75,1
15806210,Bateman,675,SPAIN,,₹66,5,115654.47,2 units,1,1,131970.86,0
15815490,Cocci,670,Germany,Male,40,2,164948.98,3,0,0,177028.0,1
15687079,King,646,Spain,Male,69,10,115462.44,1,1,0,40421.87,0
15639590,Melendez,758,France,Female,30,3,141581.08,1,1,0,156249.06,0
15602479,Fleming,609,Spain,Male,37,5,129312.79,1,1,1,26793.82,0
15585036,Okoli,694,Spain,Female,₹37,₹3,0.0,2 units,1,1,147012.22,0
15807045,Milanesi,829,Germany,Female,37,3,103457.76,1,0,0,1114.12,0
15611794,Galloway,526,,Male,₹61,6,133845.28 units,2,1,1,₹45180.8 units,0
15757521 units,Ricci,606,France,Male,,2,132164.26,1,0,1,164815.59,0
15667632,Birdseye,703,France,Female,42,7,0.0,2,0,1,72500.68,0
15573112,Kang,602,SPAIN,Male,29,5,,1,1,0,161229.84,
15681196,Chikere,,France,Male,35,1,172170.36,₹1,1,1,159777.37,0
15683677,Schiavone,769,Spain,Male  ,,9,0.0,1,1 units,1,47722.79,0 units
15781129,Montgomery,687,Spain,Male  ,38,8,69434.4,2,1,1,₹66580.13,1
₹15752488,Emery,733,Spain,Female,31,9,102289.85,1,1,1,115441.66,0
15646168,Ifeatu,834,Spain,Male,33,5,0.0,2 units,1,0,66285.18,0
15613673,LUNG,675,France,MALE,28 units,9,0.0 units,1,1,0,134110.93,0
15694209,Fanucci,484,France,Female,32 units,₹3,0.0,2,1,1,139390.99,0
15747808,NULL,712,France,MALE,29,3,102540.61,1,1,,189680.79,₹0 units
15795186,Leonard,562,NULL,Male,,5,0.0,1,1,0,115700.2,0
15610056,Dufresne,631,GERMANY,Female,34,6,₹125227.82,₹2 units,0,1,128247.03,0
15805303,Olisanugo,₹661,Germany,Male,44,₹1,141136.62,1,1,0,189742.78,1
15702566,Lombardo,554,Spain,Male,26,8,149134.46 units,1,1,₹1,177966.24,₹0 units
15669994,Greece,556 units,Germany,Female,31,1,128663.81,2,1,0,125083.29,0
15660144,Balashov,660,,Male,38,4,0.0 units,2,0,0,88080.43,0
15687130,NKEMJIKA,686,FRANCE,Female,43,0,0.0,1,1,1,170072.9,0
15601012,Abdullah,802,France,Female,60,3,92887.06,1,1,0,39473.63,1
15627847,Woronoff,850,France,Male,40,6,0.0,1 units,₹1,0,136985.08,1
15772632,Ts'ui,680,France,Female,34,1,0.0,2,1,0,167035.07,0
15677136,Okwukwe,624 units,FRANCE,Female,23,5,₹0.0,2,0,0,132418.59,
15621685,Davies,₹769,France,Male,29,2,123757.52,2,1,0,84872.66,
15810593,Forbes,568 units,France,Male,51,4,0.0,3,1,1,66586.56,0
15664311,,637,Germany,Male,28,3,,₹1,1,1,166458.41 units,0
15628824,Burton,665,France,Female,37,5,160389.82,1,0,1,,0
15613048,Anderson,648 units,Germany,Female,40,5,139973.65,1,1,1,667.66,1
15698246,Gordon,658,France,Female,24 units,2,0.0,2,1,1,84694.49,0 units
15586517,Toscano,647,France,Male,32,5,97041.16,1,1,1,23132.73,0
15640464,Parkes,605,France,Male,₹41,5,91612.91,1,1,1,28427.84,0
15738672,Paterson,,Germany,Female,40,2,,₹2,1,0,149381.32,0
15635728,P'an,₹693,France,Male  ,41,4,0.0,2,0,0,156381.47,
15653222,Otutodilichukwu,526,Germany,Female,32,6,131938.92,2,1,1,1795.93,0
15602500,Maslova,850,SPAIN,MALE,38,1,146343.98,,0,₹1,103902.11,0
15697310,O'Callaghan,,Germany,Female,28,3,152264.81,1,0,0,64242.31,0
15743538 units,Pickering,710 units,France,FEMALE,31,1,0.0,,1,0,20081.3,0
15804075,Chuang,628,GERMANY,Female,36,3,,₹1,1,0,63085.94,0
15698953,Hart,636,Spain,MALE,36,₹1,0.0,3,1,1,74048.1,1
15809263,Y?,729,Germany,Male,29,5,109676.52,1,1,1,25548.47,0
₹15809722,Ankudinov,611,France,Female,,8,100812.33,2,1,0,147358.27,0
15596175,McIntosh,659,NULL,Male,67,6,117411.6,1,₹1,1,45071.09,1
15698510,Onwudiwe,468,Germany,Male,42,9 units,181627.14,2,,0,172668.39,0
15668893,Wilsmore,782,France  ,Male,39,8,0.0,2,1,1,33949.67,0
15681705,Fanucci,785,France,Male,28,8,0.0,2,1 units,0 units,77231.27,0
15618926,Nwachukwu,,Spain,Male,43,7,0.0,,1 units,₹1,36202.74,0
15721585,Blacklock,628,GERMANY,Male,29,3,113146.98,2,0,1,124749.08 units,0
15603550 units,Longo,588,Germany,Female,₹37,7,70258.88,,1,,139607.61,0
15732610,Ahern,745,France,Female,28,6,0.0,2,1,0,154389.18,0
15705113,P'AN,₹685,Spain,Male,34,6,83264.28,1,0,0,9663.28,0 units
15707291,Percy,477,Germany,Male,48 units,₹8,129250.0,2,1 units,1 units,157937.35,0
15738150,Chidozie,591,France,Male,45,5,0.0,2,1,1,155492.87,0
15576196,Benson,743,Spain,Female,48,5,118207.69 units,2,0,0,186489.14,1 units
15758813,Campbell,350,Germany,Male,39,0,109733.2,2,0,0,123602.11,1
15694821,Hardy,765,Germany,Male,43,4,₹148962.76,1,,1,173878.87,1
15779390,Theus,850 units,Spain,Female,31,4,91292.7,1,1,1,162149.07,0
15631709,Ginikanwa,470,Spain,Female,₹31,2,₹101675.22,2,1,0,45033.75,0
15762745,Macvitie,648,Spain,Male,32,8,0.0,1,1,0,133653.38,₹0
15745307,CH'IU,477,Spain,Female,48,₹2 units,129120.64,1,0,1,26475.79,0
15616221,Wilson,497 units,France,Female,29,4,85646.81,1,0,0,63233.02,1
15750299,NULL,746,Spain,Male,24,10,68781.82,1,0 units,1,47997.39,0
15756655,Madukaife,632,France,NULL,34,2,0.0,2,0,₹0,165385.55,0
15713479,Ozuluonye,656,France,Male,35,₹6,0.0,2,1,0,1485.27,0 units
15657565,Nwokezuike,629,Spain,Female  ,44,6,125512.98,2,,0,79082.76 units,0
15627190,Lettiere,661,France,Male,51 units,6,146606.6,1,1,1,68021.9,₹0 units
15750056,Hyde,702,FRANCE,NULL,29,6 units,149218.39,,1,1,9633.01,0
15680167,Thomson,635,FRANCE,Female,78,6,47536.4,1,1,1,119400.08,0
15800233,Okwuadigbo,850,France,Female,40,5,0.0,2,₹1,0,35034.15,0
15748532,Dale,828,SPAIN,MALE  ,42,10,0.0,1,1,1,186071.14,0
₹15682070,Davies,611,NULL,Male,64,9,0.0,2,1,1,53277.15,₹0
15754926,Lucchesi,512 units,France,Female,30,6 units,0.0,2,1,₹0,88827.31,0
15621611 units,Gibson,742,Germany,Male,55,5,155196.17,1,0,1,121207.66,1
15574004,Mancini,429,France,Female,27,6,117307.44,2,1,1,24020.49,0
15745326,Carandini,538,France,,62,3,75051.49,1,0,0,17682.02,1
15711015 units,Hammonds,743,France,Male,36,,0.0,2,1,,190911.02,0
15685805,Ginikanwa,673,Spain,Female,35,6,0.0,2,1,0,98618.79,
15760102,Yeh,551,France,Female  ,36,5,,1,1,0 units,183479.12,0 units
15690164,Shao,627,NULL,Female,33,4,83199.05,1,0,0,159334.93,0
,NULL,639,Germany,Male  ,27,3,150795.81,1,0,1,85208.93,₹0
15579583,Hall,,Spain,Female,40,4,101090.27,1,1,1,51703.09,0
15692235,Bellucci,750,France,Female,38,1,0.0,2,1,0,47764.99,0
15694581,Rawlings,807,Spain  ,Male  ,42,5,0.0,2,1 units,1 units,74900.9,0
15631813 units,Beneventi,621,France,Male,39,6,0.0,2,1,1,58883.91,0
15623072,Shaw,529,Spain,Female,35,5,0.0,2,1,0,56518.0 units,
15712264,Plumb,713,France,Female,₹39,10,0.0 units,2,1,1,126263.97,0 units
15756155 units,Fu,645,France,Male,32,4,₹0.0,2,0,1,97628.08,0
15572415,Preston,580,France,Male,34,,0.0,2,1,₹1,160095.31,0
15708608,Wallwork,799,France,Female,22,8,174185.98,2,0,,192633.85,0
15577985 units,Chinomso,574,France,Female,34,5,112324.45,₹2,1,1,17993.43,0
15632280,TOTH,544,Spain,Female,53,,0.0 units,1,1,0,125692.07,1
15793116,Beneventi,502,Germany,Female,40,7,117304.29,1,0,0 units,196278.32,0
15673333,Wilson,698,Germany,Male,52,8,96781.39,1,1,1,153373.71,0
15679968 units,,623,France,Male,40,5,118788.57,1,1,₹0,192867.4,0
15676571,Bezrukova,850,France,Male,55,₹6,0.0,1,1,0,944.41,1
15645904,Parsons  ,685,France,,33,6,,2,0,1,186785.01,0
,Pai,685,Spain,,31,7,122449.31,2,1,1,180769.55,0
15737452,Romeo,653,Germany,NULL,58,1,132602.88,1,1,0,5097.67,1
15591047,Ma,519,Spain,Female,47,6,,2,0,0,147278.43,1
15583371,Artemiev,632,Spain,Male,37,1,138207.08 units,1,1,0,60778.11,1
15638871,,639,France,Male,77,6,80926.02,2,1,1,55829.25,0
15686743,NULL,790,Spain,Male  ,29,3,46057.96,2,1,1,189777.66,0
15614929,Cheng,508,Germany,Male,28,0,96213.82,2,1 units,0,147913.56,0
15637788,Schmidt,₹743 units,FRANCE,MALE,23 units,3,110203.77,1,₹1 units,0,95583.45,0
15599386,Black,627,Germany,MALE,28,5,₹71097.23,1,1,1,,₹0
15613923,Reed,581,Spain,FEMALE,43,4,170172.9,1,0,1,100236.02,0
15772941,Lane,666,Germany,Male,30,3,110153.27,1,0,₹1,74849.46,0
15797081,Ajuluchukwu,611,Germany,Female,49,9,115488.52,,1,1,138656.81,1
15738448,Sanford,480,GERMANY,Female,₹25,3,174330.35,2,0,0,181647.13,0
15785024,Warner,629,France,NULL,40,9 units,137409.19,1,1 units,₹0,175877.7,1
15719931,Johnstone,₹850,,Male,31,8,0.0 units,2,1,₹0,178667.7,0
15596647,Henderson  ,768,France,Male,54,8,69712.74,1,1 units,1,69381.05,0
15788676,Riley,539,Spain,MALE,38 units,8,71460.67,2,1,1,10074.05,
15759387,McIntosh,598,Germany,Male,38,1,101487.18,1,1,1,75959.1,1
15736778,Adams  ,807 units,Germany,Female,60,1,72948.58 units,2,1 units,1,17355.36,0
15799031,Ayers,523,France,Male,39 units,3,0.0,2,1,0,6726.53,0
15732061,LIU,850,Germany,Female,45,1,121874.89,1,0,0,6865.41,1
15804256 units,Hale,765,Germany,Male,36,8,92310.54,2,1,1,72924.56,0
15745455,Navarrete,638,Germany,MALE,62,4,108716.59,2,1,1,₹74241.09,0
15733797,Sal,506,France,Male,36,5,0.0,2,1 units,0,164253.35,₹0
15642336 units,Shaw,669,France,Female,42,9,0.0,2,0,₹0 units,135630.32,0
₹15770030,Conti,689,Spain,Female,28,3 units,₹0.0,2,,,192449.02,0
15666181,Ramsden,650,France,Male,33,0,98064.97,1,1,0,52411.99,0
15730287,UGONNA,₹679,France,,41,8,147726.98,3,1,0,172749.4,1
15623220,Brown,723,Spain,Female,45,4,0.0,2,1,0,37214.39,0
15644200 units,Hamilton,₹807,SPAIN,FEMALE,42,1 units,0.0,1,1,0,16500.66,1
15598175 units,Toscani,592,Germany,NULL,26,4,105082.07,2,1,0,132801.57,0
15596379,Wallace,743,Germany,Male  ,,3,119695.75,1,0,1,26136.13,0
15616530,Foran,638,France,Male,,6,188455.19,1,0,,47031.4,1
15649211,Fokina,708,Spain,Male,40 units,8,,,1,0,101089.76,0
15629078,Matthias,850,Germany,Female,45,5,127258.79,1,1,₹1,192744.23,1
15805062,Lynton,667,NULL,Male,38,1,87202.38,1,,1,77866.91,0
15591107,Flemming,723,Germany,Female,68,3,110357.0,1,0,0 units,141977.54,1
15635034,Aldrich,727,Germany,Male,37,9,101191.83,1,1,1,34551.35,1
15715541,Yang  ,850,France,Female,42,9,113311.11,1,1,1,198193.75,0
15659800,Teng,584,Spain,Female,50,1,0.0,1,0,1,152567.75 units,1
15768451,MacDonald,739,Germany  ,Male,40,5,149131.03,₹3,1,1,60036.99,1
15760924,Doherty,575,Spain,Male,41,2,100062.39,1,0 units,,126307.25,0
15655436,Kendall,839,Germany,Male,47,2,136911.07,₹1,1,1,168184.62,1
15801336,Ch'ang,649,Germany,Female,37,8,114737.26,1,1,1 units,106655.88,1
15625944,Buccho,664,France,Male,58,5 units,98668.18,1,1,1,60887.58,0 units
,Sun,717,France,Male,38,7,0.0 units,2,1,1,158580.05,0
15570379,Whitelegge,669,Spain,Male,51,3 units,88827.53,1,0,0,85250.77,1
15715208,Watkins,804,Germany,Female,33,10,138335.96,1,,1,80483.76,0
15723720,McKenzie,591,France,Female,31,7,0.0,2,0,1,₹48778.46,0
15735849 units,Kanayochukwu,617,France,,26,2,165947.99,2,0,1,168834.38 units,0
15659949,Chiu,850,France,Male,31,1,96399.31,2,1,0,106534.15,0
15803538,Douglas,695 units,Spain,Male,56,1,0.0,3,1,0,187734.49,1
15699095,Chandler,603,NULL,Female,24,3,0.0,1,1,1,198826.03,1
15627352,Bulgakov,459 units,Germany,Male,46,7,110356.42,1,1,0,4969.13,1 units
15703541,Wang,772,Germany,Female,51,9 units,143930.92,1,₹0,1,46675.51,1
15582519,Seleznyov,479,France  ,Male,47,6 units,121797.09,1,0,1,5811.9,1
₹15711398,Fetherstonhaugh,525,France,Female,25,6,0.0 units,2,1,0,89566.64,0
,OKECHUKWU,587,Germany,Male,35,5,121863.61,1,1,1,23481.69,1
15783225,Cocci,737,France,Male,₹54,9,0.0,1,1,0,83470.4,1
15698839 units,Okwudilichukwu,460,Germany,Male,46 units,4,127559.97,2,1 units,,126952.5,0
15601410,Tien,744 units,Spain,Female,46,1,0.0,3,1,1 units,177431.59,1
15775562,Shoobridge,538 units,France,Female,33,5,0.0,2,1,0,126962.41,0
15641575,Anenechukwu,577,France  ,Male,37,2,₹127261.35,1,1,0 units,56185.05,0 units
15713845,MERRETT,688,France,Male,38,7,148045.68,1,1,₹0,175479.92,1
15570857 units,Kambinachi,677,Germany,Female,39,0,111213.64,2,1,,147578.26,0
15603743,Tai,526,France,Male,28,1,112070.44,1,0,1,126281.83,0
15642063,Kelechi,692,France,Male,40,6,163505.16,1,0,0,90424.09,0
15656921 units,Locke,850,FRANCE,Male,31,4 units,0.0,2,0,0,₹152298.28,0
15586029,Davis  ,806,Germany,Male,34,2,96152.68,2,1,₹0,143711.02,0 units
15637110,NULL,634,Spain,Female,35,10,0.0,1,1,0,82634.41,0 units
15697597,Chiemenam,631,France,Male,26,1 units,149144.61,1,0,1,123697.95,0
15694456,Toscani,756,France,Male,62,3 units,0.0,₹1,1,1,11199.04,1
15720123,HUDSON,554 units,Spain,Male,37,3,0.0 units,2,1,0,166177.3,0
15672152,Grant  ,850,Germany,Male  ,37,9,122506.38,1,0,1,199693.84,₹1
15778861,Wallace,720,SPAIN,NULL,₹33,6,97188.62 units,1,0,0,,0
15734610,Onio,543,France,Male,42,4,89838.71,3,1 units,0,85983.54 units,1
15693732,Kilgour,775,,Female,66,9,0.0,2,1,1,67622.34,0
15596228,Uwaezuoke,490,France,Male,29,4,0.0,2,1,0,32089.57,0
15784491,Ho,725,France,Female,31,6,0.0,1,0,,61326.43,0 units
15675501,Woods,616,,Male,59 units,5,153861.1,1,1,1,17699.48,0
15771942,NULL,528,GERMANY,Female,46,9,135555.66,1,1,0,133146.03,1
15614365,Lombardi,696,Germany,Male,31,3,150604.52 units,1,0,0,5566.6,0
15732266,Field,553,Germany,Male,53,5,127997.83,,1,,165378.66,1
15785547,Slye,665,FRANCE  ,Male,28,8,191402.82,2,1,0,83238.4,0
15607988,Garland,663 units,Germany,Female,37,8,155303.71,1,1,0,118716.63,0
15633531,Lavrov,717,France,NULL,76,9,138489.66,1 units,1,1,68400.14,0
15713440,Barese,519 units,NULL,Female,21,1,151701.45,₹3,1,1,170138.68,1
15598536,Onuchukwu,736,Germany,Female,26,0,84587.9,1,0,1,188037.76,0
15612776,McKay,850,Spain,NULL,39,10,0.0,2,1,1,143030.09,0
15768072,Mitchell,₹688,SPAIN,Female,,2,0.0,1,0,0,27557.18,1
15692443,Piccio,612,SPAIN,Male,33,5,69478.57,1,1,0,8973.67,1
15714567,Chan,568,,Female,26,6,0.0,,0,0,166495.2,0
₹15581036,Beyer,712,Germany,Female,40,3,109308.79,,1,0,120158.72 units,₹1
15610801,NULL,648,Germany,Male,41,5,123049.21,1,0,1,5066.76,0
15712777,Kao,482,France,Male,38,4,124976.19,1,1,0,35848.12,0
15579969,Mancini,683,France  ,Female,32,9,0.0,2,1 units,1,24991.92,0
15684419,Wallace,709,Spain,Female,37,8,0.0,3,1,0,71738.56,0
₹15734714,Nash,559,FRANCE,Female,29,₹3,79715.36,1,1,0,82252.28,0
15733616,Sopuluchukwu,806,France,Male  ,40,5,80613.93,1,1,,142838.64,0
15745844,Kerr,642,Germany,Female,40,6,129502.49,2,0,1,86099.23,1
15714062,Millar,690,France,Female,40,9,77641.99,1,0,0,189051.59,1
15720636 units,McGregor,628 units,France,Female,50 units,4,143054.56,1,0,1,109608.81,1
15790689,Hibbins,647,Spain,Male,32,9,80958.36,1,1,1,128590.73,0
15701318,Poole,763,Spain,MALE,67,9,148564.66,1,0,1,87236.4,0
15622454,Zaitsev,695,Spain,Male,28,0,96020.86,1,1,1,₹57992.49,0
15720559,HEATH,487,Germany,Female,61,5 units,110368.03 units,1,,0,,1
₹15689425 units,Olejuru,687,Spain,Male,35,8,100988.39,2,1,0 units,22247.27 units,0
15722535,Ireland,457,France,Female,33 units,7,127837.54,1,₹0,1,60013.17,0
15621435 units,Davies,623,FRANCE,Female,39,1,160903.2,₹1,0,0,78774.36,0
15715117,Peel,744,France,Female,39,6,0.0,1,0,0,10662.58,0
15597957,,614,Spain,Male,66,2,0.0,₹2,0 units,1,180082.7,0
15752097,Chiazagomekpere,708,Spain,Male,38,8,99640.89,1,1,0,12429.22,0
15679651,Gardiner,783,Spain,Female,37,1,136689.66,1,1,0,₹197890.65,0
15789714,Semmens,691,Spain,Male,21,3,103000.94,1,1,1,104648.58 units,0
15815628,Moysey,711,France,Female,37,8,113899.92,1,0,0,80215.2,0
15686463,Fu,626,France,Male,38,7 units,,1,1,₹0,52795.56,1
15663917,Adams,547,France,Male,43,1,92350.36,1,₹0,1,80262.91,0
15764294,Ifeatu,759,Germany,MALE,31,4,98899.91,₹1,1,1 units,47832.82,0
15811842 units,Artemyeva,630,SPAIN,Male,26,7,₹0.0,2,1,1,6656.64,0
15679966,Marsh,661,France  ,Female,31,3,133964.3,1,1,1,166187.1,0
15613816,NULL,539,Spain,Female,39,6,62052.28,1,0,1,59755.14,0
15812607,Wilson,₹663,Germany,Female,46,6,95439.4,₹1,1,1,21038.58,1 units
15721181,Oliver,611,Spain,Male,46 units,6 units,0.0,,1,0,45886.33,0
15805025,OSTER,636,France,Female,45,7,139859.23,1,1,1,108402.54,0
15723706,Abbott,573,France,NULL,33,0,90124.64,1,1,0,137476.71,0
15715709,Shih,696,Germany  ,Male,43,4,114091.38,1,0,1,159888.1,0
15658532,Nnamutaezinwa,520,Spain,Female,63,5,162278.32,1,1,1,34765.33,0
15682356,NULL,655,FRANCE,,37,7,111852.84,2,1 units,0 units,10511.13 units,₹0
15673084,Galkin,645,Spain,Male,38,1,68079.8,1,0,1,166264.89,0
15627699,Pirogova,558,France,Male,32,10,105000.23,1,1,0 units,190019.61,0
15791268,NEUMANN,565,Spain,Male,38,0,122447.76,1,0,0,67339.34,0
15607827 units,Nebechukwu,711 units,,Male,34,4,133467.77,2 units,1,1,42976.64,0
15764604,,586,France,Female,35,7,164769.02,3,1,0,,1
₹15799910,Martin,793,France,Male,32,2 units,0.0,2,1,0 units,193817.63,1
15797194,T'ao,570,France,Male,39 units,10,129674.89,2,₹1,0,₹80552.36,0
15799357,Armfield  ,727,France,MALE,35,5,136364.46,1,0,0,142754.71,0
15594815,Aleshire,807,France,MALE,35,3,174790.15,1,1,1,600.36,0 units
15651020,Fiorentino,473,France,Female,25,6,₹110666.42,2,0,0,46758.42,
15768151,Romano,514,Germany,Female,45,3,109032.23,1,0,1,155407.21,1
15736413,Hall,739,France,Male,29,1,0.0,2,1 units,1,164484.78,0
15689751,NULL,666,France,Female,31,2,79589.43,1,0,0,₹4050.57,0
15796334,Chukwualuka,,Germany,Male,39,10,144757.02,1,1,,22878.16,1
15746326 units,Fields,591,France,Male,43,3,0.0 units,2,0,1,198926.36,
15679663,CHIAZAGOMEKPERE,488,France,Female,36 units,0,0.0 units,2,₹1,0,136675.22,0
15589881,Rowe,634,France,NULL,41,7,0.0,2,1,1,131284.93,0
,Young,₹596,Spain,Female,30,1,0.0,2,1,0,8125.39,0
15668669,Benson  ,423,France,FEMALE,₹36,5,97665.61,1,1,0,118372.55 units,1
15590993,Findlay,579,Spain,Male,37,5,152212.88,2,0,0,120219.14,0
15637461,Ukaegbunam,758,France,Male  ,35,7,0.0,2,1,0,77951.84,0
15652914,Ibrahimov,₹721,Spain,Male,38,7,0.0,1,0,1,53534.8,0
15577515,SUNG,554,Germany,Female,55,0 units,108477.27,1,0,1,140003.0,1
15571529,Kirby  ,650 units,Germany,Female,48,7,138232.24,1,1,0 units,57594.78 units,0
15804516 units,Builder,589,France,Male,38,2,0.0,1,1,0,79915.28,0
15594878,,661 units,Spain,Female,41,5,₹28082.95,1,1,0,69586.27,1
15670702,Smith,618,France,,37,2,168178.21,2,0,₹1,101273.23,0
15788215,HSIA,535,Spain,FEMALE,,5,122924.75,1,0,0,62390.59,1
15790846,Ts'ai,634 units,,Male,38,2,148430.55,1,1,1,56055.72,0
15585595,NULL,₹774,FRANCE,Female,28,₹1,₹71264.02,2,0,1,68759.57,
₹15700046,Yuan,635,France,Male  ,41,₹4,103544.88,2,,0,193746.55,0
15586300,Chinonyelum,615,,Male,66,7,0.0,2,1,₹1,74580.8 units,0
15693902,Hunt,597,FRANCE,Male,19,2,0.0,2,1,1,91036.74,0
15614302,Crotty,699,Germany,NULL,₹31,10,125837.86,2,1,0,189392.66,0
15770291,,844,France,FEMALE,29,8,0.0,₹2,,0,147342.03,0
15647570,Chung,640,Germany,MALE,45,,120591.19,1,0,,195123.94,0
15630857,Wu,674,Spain  ,FEMALE,39,6,0.0,2,1,1 units,9574.83,0
15679145,Chou,,Spain,Male,57,7,0.0,1,1,0,17941.16 units,1
15600934,Randell,758,France,,52,7,125095.94,1,1 units,0,171189.83,1
15637650 units,Williams,549,France,Male  ,50,9,94748.76,2,0 units,1,13608.18,0
15801934,Su,678,France,Male,66,8,0.0,2,1,1,47117.03,0
15679743,Genovesi,607,France,Female,33,8,91301.72,1 units,0,1,130824.57,0
15700752,Pugliesi,545,France,Female,32,,0.0,2,1,1,52067.37,0
15679983,Garmon,565,NULL,Male  ,34,7,0.0,1,₹0,0,74593.84 units,0
15607330,Vasilyev,713,SPAIN,Male,42,0,109121.71,1,0,1,,0
15809616,Hsiung,626,Spain,Male,26,8,0.0,2,0,0,191420.71,0
15738018,Johnston,571,France,Male,,5,0.0,2,0,0,72849.29,0
₹15703068,Nixon,716,Germany,Male,41,8,126145.54,2,1,1,138051.19,0
15789863,Kazakova,683,France,Male,39,4,0.0,₹2,1,0,171716.81,0
15751022,Bowhay,₹777,Germany,Female,37,10,121532.17,2,1,,73464.88,0
15691287,Ford,675,NULL,Female,33,0,141816.25,1,1,0,64815.05 units,1
15772216,Henry,738 units,France,Female,67 units,1,130652.52,1,0,1,22762.23,0 units
15724334,Alekseyeva,529,France,Male,22 units,5,₹0.0,₹1,1,0,151169.83,0
15795527,ZETTICCI,699,Spain,Male,43,2,136487.86,2,1,0,82815.93,0
15768120,NULL,,NULL,Male,36 units,₹9,90560.48,2,1,,174268.87,0
15653776 units,Salier  ,720,Germany,Female,57,1,162082.31,4,0,0,27145.73,1
15810807,Alekseeva,513,France,Female,43,9,0.0,2,1,0,152499.8,0
15746704,Jibunoh,638 units,Spain,Male,30,9,136808.53,,1,1,106642.97,0
15708265,Chibugo,581,Spain,Female,24,10,159203.71,1,1,₹1,,1
15731751,Osinachi,437,France,Female,26,1,120923.52 units,1,0,1,78854.57,0
15599860,Warner,647,Spain,Female,26,8,109958.15,1,1 units,1,136592.24,1
15689781,Ts'ai,826,FRANCE,NULL,49,0,0.0,,0,0,178709.98,1
15714397,NULL,621,Germany,,30,2,101014.08,2,1,1,165257.31,0
15679048,Koger,558,,Male,41,₹2,124227.14,1,1,1,111184.67,0
15643828,Teng  ,592,France,Male,29,7,0.0,2,1,1,91196.67,0
15613518,Bellucci,647,France,Female,35,6 units,112668.7,1 units,0,1,₹122584.29,0
15581197 units,Ricci,762,FRANCE,Female,51,3 units,99286.98,1,0,₹1 units,85578.63,0
15574169,Trevisano,595,Germany,Female,32,0,92466.21,1,1 units,0,4721.3 units,0
15801411 units,Green,623 units,Spain,Male,46,4,0.0,1,1,0 units,5549.11,1
,Miller,730,France,Female,47,7 units,0.0,1,1,0 units,33373.26,1
15728829,NULL,509,France,Male,18,7,102983.91,1,1,0,171770.58,0
15598695,NULL,834,Germany,Female,68,9,130169.27,2,0 units,1,93112.2,₹0
15812338,Sopuluchukwu,₹485,NULL,Female,30,7,,1,1,0 units,107067.37,0
15610454,POOLE,724,Germany,Female,33,9 units,119278.44,1,1,,197148.24,0
,Azubuike,556,Germany,Female,43,4,125890.72,1,1,,74854.97,0
15607509,Ozerova,539,France,MALE,38,5,,,1,,47388.41,0
15794056,Johnston,668 units,France,FEMALE,46,2,0.0,3,1,0,89048.46,1
15738267,Macarthur,544,FRANCE,Female,64,3,124043.8,1,1,₹1,₹111402.97,
15695792,Ch'ien,673,France,Male,65 units,0,0.0,1,1,1,85733.33,0
₹15672357,Sochima,631,Spain,Male,38,,0.0,2,₹1,0,181605.85,0
15623102,Nnaemeka,713,Spain,Male,38,6,,2,0,1,76038.38,0
15626608,Howarde,479,Spain,Male,48,5,87070.23,1,0 units,1,85646.41,0
15779207 units,Nnamdi,500,NULL,Male,30,2,125495.64,2,1,1,68807.47,0
15697997,JAMIESON,602,France,Male,33 units,5,164704.38,1,0,1,180716.1,1 units
15585367 units,Diribe,555,Germany,Female,46,4,120392.99,1,1,0,177719.88 units,1
15626243,Chijioke,618,,Male,30,3,133844.22,1,1,1,31406.93,0
15629117,Harper,₹584 units,France,MALE,28,10,0.0,2,1,0 units,19834.32,0
15800703,Madukwe,485 units,Spain,Female,21,5,113157.22,1,1,1,,0
15756481,Garcia,₹636,France,NULL,39,3,118336.14,₹1,1,0 units,184691.77,0
15700813,Igwebuike,522,Germany,Female,25,₹5,94049.92,2,1,0,103269.0,0
15803202,Onyekachi,350,France,Male,,10,0.0,1,1,1,125823.79,1
15670822,PALMER,719,France,Female,22,7,,1,1,1 units,177497.4,0
15576550,Ugochukwu  ,619,Spain,Female,38,1,0.0,1,1,0,112442.63,1
15592386,Campbell,₹520,France,Male,58,3,0.0,2,0,1,32790.02,0
15776494,Siciliano,754,France,Male,61,5,,₹1,1,1,41815.22,1
15659495,Fu,784,Spain  ,Male,23,2,0.0,1,1,1,6847.73,0
15801699,Fishbourne,436,Spain,Male,43,5,0.0,2,1,1,35687.43,0
15603065,Grubb,751,FRANCE,Female,30,6,0.0,2,1,0,15766.1,0
15676707 units,Sidorov,577,Spain,FEMALE,39,4,0.0,2,1,0,91366.42,0
15620836,Lo Duca,816,Germany,Female,34,2,108410.87,2,1,0,102908.91,0
15673584 units,Bell,652,France,FEMALE,74,5,0.0,2,1,1,937.15,0
15677146 units,Obiajulu,728,France,Female,28,4,₹142243.54 units,2,1,0,33074.51,0
15713599,Castiglione,728,France,Male,30,10,114835.43,1,0,1,37662.49,0
15803947,Teng,757,GERMANY,Female,30,6,161378.02,1,0,0,71926.28,1
15567446,,646,Germany,Male,39,9,111574.41,1,1 units,1,30838.51,0
15700255,Robson,814,NULL,Male,₹44,8,95488.82,2,0,0,107013.59,0
15774847,Knight  ,593 units,France,NULL,50,6,171740.69,1,0,0,₹20893.61,0
15684196,,627,France,Female,₹55,2,159441.27,₹1,1,0,100686.11,1
15747458,Folliero,₹677,Spain  ,Female,43,3,133214.88,2,1,1,95936.84,0
15585865,Westerberg,673,France,Female,38,2,170061.92,2,₹0,0,134901.34,1
15566708,NULL,444,France,Female,45,4,0.0,2,₹1,0,161653.5 units,1
15578073,Barker,686,SPAIN,Male,22,8,0.0,2,0,,142331.85,0
15807120,Oluchukwu,841,Germany,Female,,3,112383.03,1,1,0 units,85516.37,1
15780677,NULL,717,France,Female,59,4,0.0,2,,1,170528.63,0
15722632,Dickson,716,Germany,Male,50,2,119655.77,1,1,1,12944.17 units,1
₹15681075 units,Chukwualuka,682,France,Female,58,1,0.0,1,1 units,1,706.5,0
15643903,Yao,619,NULL,Male,27,1 units,154483.98,1,1,0,156394.74,0
15672945,Parkes,661,France,Female,37,₹5 units,136425.18,1,1,0,₹81102.81,0
,Tochukwu,553,Germany,Female,25,7 units,₹128524.19 units,2,1,0,20682.46,0
15755798,,610,France,Male,33 units,4,111582.11,1,0,0,113943.17,0 units
15766427 units,Shaw,565,Germany,Male,52,5,97720.35,2,1,0,175070.94,1
15676909,Mishin,667,Spain,Female,34,5,0.0,2,1,0 units,163830.64,0
15807433,ZUBAREV,570,France  ,Female,43,9 units,0.0,2,0 units,1,11417.26,0
15807008,McGregor,614,Germany,Female,,6 units,128100.28,1,0,0,69454.24,
15797502,Lord,706,Spain,Male,24,2,141078.57,1,1,1,24402.87,0
15634792,Weston,516,France,Female,40,9,0.0,2,0,1,33266.29,0
15600879,Parsons,₹554,Germany,Female,,3,157780.93,2,1,0,6089.13,0
15594305,Rizzo,712,France,,32,1,0.0,2,1,0,,0
15702442,Benson,586,Germany,Female,56,9,100781.75,2,1,1,54448.41,0
15569120,Lucas,615,FRANCE,Male,30,7,0.0,2 units,1,1,156346.84,0
15750970 units,Davidson,500,Spain  ,Male,40,1,,1,1,₹1,152845.99,0
15648367,Lo,600,Germany,Female,29,6,74430.1,2,1,1,96051.1,0
15730345,Miah,617,France  ,Female,35,2,104508.1,1,1,1,₹147636.46,0
15579387,Ni,635,Germany,Female,44,2,79064.85,2,0,1,113291.75,0
15616213,LEVY,555,Germany,Female,51,9,138214.5,1,1,0,198715.27,1
15764293,Konovalova,490 units,France,NULL,33,1,0.0,2,1,1,80792.83,0
15605333,NULL,529 units,Spain  ,Male,31,6,0.0,1,1,0,10625.91,0
15770185,Buckley,779,France,Male,32,10,80728.15,1,1,0,86306.75,0
15691863,Cody  ,,France  ,Female,39,3,0.0,2,1,1,84175.34,0
15647191,Lucchesi,677,France,Male,36,4,0.0,2,1,0,7824.31,0
15680046,Onochie  ,,Spain,Male,36,₹8,0.0,2,1,0,55207.41,0
15598485,,567,Spain,Male,40,₹8,28649.64,1,1,1 units,95140.62,0
15593510,NULL,638,Germany,Female,33,5,129335.65,1,1,,₹56585.2,₹1
15585748,McDonald,585,Germany,,28 units,9,135337.49 units,2,1,,40385.61,0
15766663,Mahmood,639,France,Male,₹22,4,0.0 units,,1,0 units,28188.96,
15637829,Sharpe,691,France,Female,34,7,,2,0,1,161559.12,0
15719212,T'IEN,491,France,Male,33,5,83134.3,1,1,0,187946.55,0
15608760,COX,656,France,Female,30 units,4,74323.2,1,1,1,₹22929.08,0
15777217,Somadina,₹641,Spain,Male,25,10,0.0,2,₹1,1,180808.39,0
15656454,Le Gallienne,654,France,Male,37,6,83568.55,1,1 units,0,,0 units
15792329,,494,Germany,Male,37,5,107106.33,2 units,1,0,172063.09,0
15616029,Adams,705,France,Male,32,7,,2,1,0,7921.57,0
15590434,Alexander,577,Spain,Male,41,4,89015.61,1,0,₹1 units,135227.23 units,0
15683522,Kennedy,678,Germany,Female,37,2,113383.07,1,1,₹1,135123.96,0
15650068,Johnson,511,France,Male,58,₹0,149117.31,1,1,1,162599.51,0
15790448,Calabresi,473,,Female,35,6,69617.36,1,1,0,143345.69,0
15744553,Ho,444,FRANCE,Male,34,2,144318.97,1 units,1,0,112668.06,₹0
15636592,Iroawuchi,651,France,MALE,₹35,0,181821.96 units,2,0,1,36923.67,1
15595047,Murray,764,France,Male,41,,₹0.0,2,0,,134878.34,0
15660866,Chimaobim,640 units,France,FEMALE,29,3,0.0,2,1,0,2743.69,0
15713559,Onyemauchechukwu,473,Germany  ,Female,32,5 units,146602.25,2,1,1,72946.95,0
₹15638989,Lettiere,711,France,Female,25,5,,1,0,0,51345.39,1
15654859,Ngozichukwuka,612,Spain,Female  ,63,2,131629.17,2 units,1,0,122109.58,1
15740900,Perrodin,589,France,Male,34,6,₹0.0,2,1,1,177896.92,0
15814923 units,Sullivan,606,SPAIN,Male,38,7,128578.52,1,1,1,193878.51,0
15789498,Miller,562,NULL,Male,30 units,3 units,111099.79,2 units,0,0,140650.19 units,0
15593622,Service,635,FRANCE,Male,43,,₹122198.21,2,0,1,179144.54,0
,Otutodilinna,565,Germany,Female,32,4,90322.99,2,0,₹1,118740.37,0
15610383 units,Dumetolisa,628,France,Female,46,1,46870.43,4,1,0,31272.14,1
15692761,Pratt,718,France,Male,36,9,0.0,,1,0,45909.87,0
15807221,Weaver,555,Spain,Male,21,1,0.0 units,2,0,0,103901.35 units,0
₹15625023,Onochie,682,NULL,Male,40,4,0.0 units,1,0,1,105352.55,0
15778696,IKEMEFUNA,684,Spain  ,Female,36,5,,1,1,0,119830.08,0
15576680,Stevenson,736,France,Male,29,4,0.0,2,0,0,51705.01,0 units
15711889,Mao,668,NULL,Male,42,3,150461.07,1,1,0,108139.23,0
₹15748432,Arcuri,746,France,Female,32,4,0.0,,1,1,72909.75,₹0
15727138,Kulikova,774 units,SPAIN,MALE,46,9,0.0,2,1,1,34774.26,0
15765093,COATES,704,France,MALE,23,6,166594.78 units,1,1,1,155823.2 units,0
15693200,King,752,FRANCE,Female,36,7,0.0,2,1,0,184866.86,0
15792607,Little,769,France,Female,₹38,2,0.0,2,0,0,75578.67,0
15598846,Shahan,700,France,Female  ,44 units,2,58781.76,1,1,0,16874.92,0
15568106,L?,592,France,Female,38,8,119278.01,2,0,1,19370.73 units,0
₹15707674,Marino,515,France,Female,58,2,131852.81,1,1,,81436.68,₹1
15586425,Lo Duca,579,France,Male,28,4 units,0.0,2,1,₹1,176925.69,0
15585867,Rutledge,596,SPAIN,Male,36,2,0.0,2,0 units,1,125557.95,₹0 units
15701109,Andreyev,663,FRANCE,Female,37,7,0.0,1 units,1,1,185210.63,0
15717893,Briggs,607,Germany,Male,36,8,143421.74,1,1,0,97879.02,0
15613712,Boag,634,Spain,Male  ,34,1,0.0,2,1,0,61995.57,0
15573242,GREENE,691 units,France,Male,,6,136953.47,1,1,1,2704.98,0
15690731,Wolfe,645,FRANCE,Male,40,6 units,131411.24,1 units,1,1,194656.11,0
15643696,Young,611,France,MALE,49,3,0.0,2,,1,142917.54,0
15673439,Sun,646,Spain,Female,50,5,142644.64,,1,1,₹142208.5,1
15704014,K'ung,738,Germany,Male,37,7,140950.92,2,1,0,195333.98,0
15627801,Ginikanwa,512,Spain,Male,33,3,176666.62,1,1,0,94670.77,0 units
15729359 units,Chambers,837,France,Female,29,9,0.0,2,1,1 units,41866.26,0
15628274,NULL,583,GERMANY,Male,35,8,149995.72,₹2,1,0,42143.55,0
15747014,Pisani,850,France,FEMALE,₹28,1,105245.34,1,0,1 units,,0
15716164,NICHOLLS,501,France,Female,41,3,144260.5,1,1,0,172114.67,0
15754952,Su,602,Germany,,48,7,76595.08,2 units,0,0,127095.14,0
15778025,Dellucci,685,Germany,Male,43,9,108589.47 units,2,0,1,194808.51,0
15672437,Buccho,642,France,Male,72,1,160541.0,2 units,1,1,142223.94,0
15653455,Smith,648,NULL,Female,38,2,0.0,2,0 units,1,9551.49,0
₹15729958,Wilkinson,777 units,France,Male,37,1,₹0.0,1,1,1,126837.72,0
15646936,Nnamdi,631,Germany,Female,32,2,146810.99,2,1,1,180990.29,0
15588341,Chigozie,647,Spain,Male,47,10 units,99835.17,1,0,1,89103.05,0
15806901,Henderson,584,France,Female,39,2,112687.69,1 units,1 units,1,127749.61,0
15792668,Hamilton,661 units,GERMANY  ,Male,37,7,109908.06,2,₹1,0,115037.67 units,1
15605950,Onwuamaeze,530,NULL,NULL,23,1,137060.88,2,1,1,165227.23,0
15684512,Gibson,818,Germany,Female,₹72,8,135290.42,2,1,1,63729.72,0
15666633,Huang,758,Spain,Male,56,1,0.0,2 units,1,1,10643.38,0
15756538,Osonduagwuike,654,,Female,37,5,,1,0,1,71492.28,0
15610379,Barclay-Harvey,599,France,Male,30,9,105443.68,1 units,,1,121124.53,
15599591,Martin,600,Germany,FEMALE,39,7,88477.36,2,1,0,58632.37,0
15681991,Walsh,542,France,Male,32,7,107871.72,₹1,1,0,125302.64,0
15674398,Russo,642,France,Male,38,3,0.0,2,0,0,171463.83,0 units
15793346,Ofodile,602,France,NULL,72,3 units,0.0,2 units,1,1,,0
15741875,Williamson,746 units,Spain,Female,25,3 units,104833.79,₹1,0,₹0,₹71911.3,0
15721047,Ansell,578,Germany,Male,37,1,135650.88,1,₹1 units,₹0,199428.19,0
15793803,Robinson,574,France,Male,34,1,112572.39 units,1,0,0,165626.6,0
15814004 units,Fyodorova,589,France,Male,29 units,2,0.0,2,0,1 units,98320.27,0
15651627,White,628,Germany,Male,39,1,115341.19,1,1,1,107674.3,1
15624611,Marsden,497,Spain,Male,37,8,128650.11,2,1,1,163641.53,0
15623536,Madukwe,₹646,Germany,Male,39,0,₹154439.86,1,1,0,171519.06,0 units
15749019,,545,Germany,Male,45,6,93796.42,2,1,1,162321.26,0
15745452,Sun,651,Germany,Male,41,1,90218.11,1,1,0,174337.68,0
₹15619280,,683,France,Male,25,4,0.0,2,1,0,152698.24,0
15791958,MAZZI,₹849,France,Female,41,6,0.0,₹2,1,1,169203.51,1
15751203,Cattaneo  ,702,France,Male,26,5,56738.47,,1,1,100442.22,1
15724428,Abel,544,France,Male,40,8,0.0,2,1,0 units,61581.2,0
15711834,Long,650,Spain,FEMALE,,6,0.0 units,1,0,0,67997.13,1
15744983,Burgmann,712,Spain,Male,47 units,1,139887.01,1 units,1,1,95719.73,0
15701238,Chia,683,France,Male,47,1,0.0,2,1,0,148989.15,0
15745030,Trevisano,809 units,Germany,Male,41,1,79706.25,2,1,0,165675.01,0
15669281,CH'IU,711,Spain,Male,₹38,,128718.78 units,1,0,0,114793.45,0
15761241 units,HSIEH,578,Germany,FEMALE,36,8,129745.1,1 units,1,1,143683.75,0
15674000,Cattaneo  ,645,France,Male,44,10,0.0,2 units,0,1,166707.22,0
15789432,,451,France,Male,33 units,6,0.0,2,1,0,,0
15681755,NULL,605,France,Female,32,5,0.0,2,1,1,42135.28,0
₹15762277,Jamieson,710,France,NULL,47,5,158623.14,₹1,0,0,83499.89,1
15807335,Spencer,676,Spain,Female,64,4,116954.32,1,1,1 units,91149.48,0
15791131,Chimaijem,551,Germany,NULL,30,₹2 units,143340.44,1,1,0,145796.49,0
15779247,Pai,683,,Female,24,8,98567.1,₹1,1,₹0,187987.01,0 units
15684548 units,Demidov,556,Spain,Male,38,8,0.0,2,0,0,417.41,1
15761043,Macleod,632 units,NULL,Female,38,6,₹86569.76,2,1,0,98090.91,0
15727177,Manfrin,557 units,France,Male,42,6 units,177822.03,1,,0 units,150944.31,1
15665238,Beneventi,745,,Male,36,8,145071.24,1,0,0,6078.46,0
15675380,Logan,573,SPAIN  ,Male,56,,154669.77,1,₹0,1,115462.27,1
15760514,Sharp,789,Germany,Female,43,₹9,116644.29,₹2,1,₹1 units,60176.1,0
15607990 units,Gallo,760,Spain,Male,43,6,175735.5,1,1,1,157337.29,0
15803801,JAMIESON,454,France,Male,34,4,0.0,2,1,0,198817.72,0
15701281,Tan,511,France,Male,27,8,0.0,2,1 units,1,49089.36,₹0
15780215,Berry,636,France,Male,31,6,0.0,2,1,1,2382.61,0
15783007,Parker,520,GERMANY,Female,45,₹1,123086.39,1,₹1,1,41042.4,1
15813911,Hayes-Williams,809,France,Female,39,5,0.0 units,1 units,₹1 units,0,₹77705.75,0
15609618,Fanucci,721,Germany,Male,28,9,154475.54,2 units,0,1,101300.94,1 units
15620505,Celis,594,Spain,Female,24 units,0,97378.54,1,1,1 units,71405.17,
15734491,Lombardo,676,Spain,Female,36,,,2 units,1,1,3173.31,0
₹15653306,Ermakova,679,Germany,Female,32,0,88335.05,1,0,0,159584.81,0
15598157,Onyeorulu,728,France,Male,34 units,4,,1 units,1 units,0,88680.65,0
15761720,Mead,422,France,Male,41,6,153238.88,1,1,0,11663.09,0 units
15692631 units,Bogdanova,₹577,SPAIN,Female,44,8,115557.0 units,1,0,1,127506.76,0
15709396,Hale,801,France,Male,42,6,0.0,2,1,1,95804.33,0
15639368,Pipes,732,France,MALE,25,0,110942.9,1,0,0,172576.56,₹0
15707322,Nnamdi,779,France,Female,48,2,,1,0,0,98912.69,1
,Bailey,684,France,Male,34,9,0.0,₹2,1,1,65257.57,0
15615456,NULL,680,France,Female,37,10,123806.28,1,1,0,81776.84,1
15773469 units,NULL,687,Germany,Female,27,9,152328.88,2,0,₹0,126494.82,0
15625916,Chien,₹562,Spain,Male,32,6,161628.66,1 units,1,0,91482.5,0
15705663,Milano,700,Germany,FEMALE,39,5,144550.83 units,2,1,1,189664.43,0
15698184,Marshall,484,France,Female,50,2,90408.16 units,2,0,0,48170.57,0 units
15575619,Teakle,656,Spain,FEMALE,32,1,₹104254.27,1,1,1,,0
₹15588350,McIntyre,744,France,Female,43,10,147832.15,1,0,1,24234.11,0
15593636,Cardus,657,France,Female,39,₹4 units,80293.81,1,1,0,97192.76,0
15786249,Whitfield,616,Spain,Male,30,2,0.0 units,2,1,0,199099.51,0
15682773,Hayward,781,FRANCE,Female,38,3,128345.69,2,1,0,63218.85 units,0
15771535,Tsui,794,Spain,Female,37,9,0.0,2,1,0,68008.85,0
15657107,Angelo,563,Spain,Female,46,8,106171.68,1,1,0,163145.5,1
₹15771139,DOUGLAS,578,Germany,Male,34,8,147487.23,2,1,0,66680.77,0
,Lucas,828 units,Spain,Male  ,47,1,109876.82,2,1,0,83611.45,1
15575935,Baxter,673,France,Male,59,0,178058.06,,0,1,21063.71,1
15762172,Kerr,850,France  ,Female,39,2,0.0,2 units,1,0 units,179451.42 units,0
15659843,Li,643,France,Female,46,,0.0,2,0,0,106781.59,0
15610781,Watt,702,France,Female,,10,88378.6,1,1,0,88550.28,
,LAZAREVA,678,Germany,Male,36,3,145747.67,2 units,₹0,1,89566.74 units,0
15672016,Sabbatini,819,France,Male  ,35,,₹0.0,2,0,1,3385.04,0 units
15717056,Pan,828,,,25,7,144351.86,1,1,0,116613.26,0
15754105,Olisanugo,₹650,,Male,37,5,106967.18 units,1,0,0,24495.03,0
15673578,Page,611,Germany,Female,40,7,128486.91,2,1,0,10109.47,0
15773973 units,Hill,765,France,Male,41,2,0.0,₹2,0,1,191215.61,0
15687363,McMillan,770,France,NULL,31,3,155047.56,2,1,1,186064.34,0
15628947,Praed,693,France,NULL,₹38,3,0.0,2,0,0,78133.48,1
15570417,Chien,579,France,Male,35 units,1,₹0.0,2,1 units,0,4460.2,0
15683560,Gallo,,France,Female,40,7,,2,1,0,183963.34,0
15790336,Tokareva,664,Germany,Male,36,6,71142.77,2,1,0,122433.09,0
15799128,Matthews,608,Spain,NULL,,9,102406.76,1,0,1,57600.66,0
15637774,Fraser,558,France,Male,32,5,₹73494.21,1,₹0,0,136301.1,0
15809178,Pan,569,Germany,Female,42,9,146100.75,1,1 units,0 units,32574.01,1
15775809,Holloway,677,Germany,FEMALE,26,₹6 units,98723.67,1,0,₹1,151146.67,0
15690007,Ts'ui,434,Germany,Female,58,9,,2,1,0,60891.8,1
15727829,McIntyre,567,France,Male,42,2,0.0,2,1,1,167984.61,0
15758845,Rocher,590,Spain,FEMALE,37,0,64345.21,1,0,1,61759.33,1 units
15584580,Fyodorova,,France,Male,35,6,161111.45,1,0,0,13946.66,0
15636478,Williams,621,France,Male,31,₹7,136658.61,1,₹1,1,148689.13 units,₹0
15792064,Pai,545,NULL,Male,53,5,114421.55 units,1,1,0 units,180598.28 units,1
15729083,Gorman,674,FRANCE,Male,36,2,154525.7,1,0,1,27468.72,0
15686776,Rossi,557,FRANCE,FEMALE,32,₹6,184686.41,2,1,0,14956.44 units,₹0
15750049,STEELE,621,France  ,Male,₹40,10,163823.37,1,0,0,89519.47,0
15702601,Wyatt,680,Germany,Male,30,4,108300.27,₹2,0,1,44384.57,1
15775206,Hunter,699,France,Male,37,₹10,0.0,2 units,0,0,83263.04,0
15592773,Eberegbulam,630,Germany  ,Female,51,0,108449.23,3,0 units,0,88372.69,1
15654183,,738,France,Female,26,3,0.0,2,1,0,67484.16,0
15801414,Bitter,767,France,Female,35,2,0.0,2,0,0,144251.38 units,0 units
₹15800049,Grigoryeva,₹728,Spain  ,Female,43,5,0.0,₹1,1,1,120088.17,0
15590820,Ecuyer  ,699,Spain,Male,26,6,79932.41 units,1,0,0,150242.44,0
15759690,Smith,751,France,Male,42,4,0.0,2,₹1,₹1,81442.6,0
15596870,Marino,749,Germany,Male,54,3,144768.94,1,1 units,0,93336.3,1
15737782,Brazenor,562,France,Male,29,9,0.0 units,1,1,1,25858.68,0
15591915,Frolov,533,France,Female,39,2,0.0,1,₹0,1,73669.94,1
15728885,Defalco,808,France,Male,₹41,0,0.0,1 units,1,1,79888.78 units,0 units
15569595,Walker,678,France,Female,50,6,0.0,1,1,0,8199.5,0
15642996,Tsai,546,Germany,Female,42,9,86351.85 units,2 units,1,0,57380.13,0
15806256,JACKSON,540,France,Male,48,2,109349.29,1,,0,88703.04 units,1
15584364,Trentini,652,France,Male  ,48,4,59486.31,1,1,0,163944.18,1
15681332,Tate,437,France,Female,43,6,0.0,1,1,0,148330.97,1
15803842,Dunn,752,GERMANY,Female,45,3,105426.5,2,0,1,89773.45,0
15621432,Lee  ,630,Spain,Male,35,1,0.0,2,0,0,186826.22,0
15739847,,850,Germany,Male,38,5,146756.68,1,1,0,78268.61,0
15696744,Miller,705,France,Female,31,3,119794.67,1,0,0,182528.44 units,0
,Capon,752,Spain,Female,31 units,4,144637.86,2,1,0,40496.72,0
15782456,Odili,656,NULL,MALE,46,9,₹143267.14,2,0,0,193099.43,0
15601594,Ifeanacho,698,France,Female,51,6,144237.91,4,₹1 units,0,157143.61,1
15591035 units,,644 units,Spain  ,Male,54,6,0.0,1,0,1,84622.37,0
15627637,Obioma,709 units,NULL,Male,23,8,73314.04,2,1,0,63446.47,0
15695225,Sun,834,Spain,Male,38,8,0.0,2,1,1,66485.26,0
15612478,Somadina,525,France,Male,51,10,0.0,3,1,0,171045.35,1
15701096,De Garis,778,France,Male,44,8,₹123863.64,1,1,0,144494.94,0
,ROWE,682,France,Female,46,2,0.0,1 units,1,1,114442.66,0
₹15615828,Mitchell,550,,Male,34,8,122359.5,1,0 units,₹0,116495.55,0
15630402,Nebechukwu,594,France,Female,31 units,9,0.0,1,0,1,5719.11,₹0
₹15595135,NULL,,Germany,Female,29,7,123229.46,1,1,0,181221.09,0
15594041,Fanucci,592,Spain,Female,41,2,138734.94,1,1,0,90020.74,0
15665861,Avdeev,733,Spain,Male  ,44,3,106070.89,1,0,1,101617.43,0
15665159,Brooks,727,France,Male,61,0,128213.96,2,1,1,188729.08,1
15660155,Lorenzo,792,Spain,MALE,₹36,5,92140.15,1,0,1 units,67468.67,0
15737977,Aksyonov  ,527,France,Female,25,6 units,0.0,2,0,1,96758.58,0
15791842,Johnstone,478,France,Female,32,6,71187.24,1,1,1,110593.62,0
15583576,Tai,,France,Male,30,2,₹0.0 units,1,₹0,1,102057.86,0
15800688,Ch'en  ,495,Spain,Female  ,42,₹7,0.0,2,0,0,130404.53,0
15787204 units,Howe,774,,Female,₹43,1,110646.54,1,0,0,108804.28,0
15636590,Pisano,575 units,France,NULL,46,1,0.0,2,1,₹1,65998.26 units,0
15614834 units,Long,619,Spain,Female  ,31,3,141751.82,1,0,1,61531.86,0
15621004,Chukwuhaenye,603,France,Male,32,7,0.0,1,1,0,198055.94,1
15786035,Gosnell,740,France,Male,39,9,0.0,2,1,0,19047.23,0
15687491,Nkemdilim,817,GERMANY,Male,45,₹9,101207.75,1,0,0,88211.12,1
₹15724223,Bronner,545,France,Female,55,5,0.0,,0 units,0,10034.77,1
15603247,,₹743 units,Germany,Female,35,1,146781.24,1 units,1,0,189307.7,0
15695280,Hung,532,Germany,Male,24,8 units,₹142755.25,1,0,0,34231.48,0
15718280,Luffman,662,Germany,Male  ,39,5,139822.11,2,1,1,146219.9,0
15750447,Ozoemena,₹678,France,Female,60,10,117738.81,1,1,0,147489.76,1
15664547,Black,760,FRANCE,Male,37 units,7,0.0,1,0,0,32863.24,1
15689176,Fabro  ,663,France,Male,46,3,0.0 units,2,0,1,176276.1 units,0 units
15681928,Yancy,577,France,Female,35,4,108155.49,1,1,0 units,105407.79,0
15699963,Scott,571,France,Male,38,1,121405.04,1,1,1,154844.22,0
15785559 units,De Luca,678,,Male,43,1,133237.21,1,1,0,111032.79,1
15723989,Carroll  ,646,France,Male,40,5 units,93680.43,2 units,1 units,1,₹179473.26,0
15578186,,486,Germany,Male,37 units,9,115217.99,2,1,0,144995.33,0
15643819,Dawson,714,France,Female  ,25,4,0.0,2,,0,82500.84,0
15775238,Achebe,,Germany,Female,41,4,133432.59 units,1,0,1,151303.48,0
15585287,Sal,842,Germany,Female  ,35,9,119948.09 units,1,1,0 units,48217.97,1
15706071,Hunt,₹528,Germany,Male,39,0,127631.62,1,0,1 units,22197.8,1
15585835,Lord,655,Spain,Female,34,4,109783.69,,1,0,134034.32,0
15632826,TARDENT,493,France,Male,38,3,134006.77,1,1,0,89578.32,0
,Ukaegbunam,554,France,Female,35,8,0.0,2,1,1,176779.46,0
15571305,Stephenson,588,Germany  ,Female,35,1,103060.63,1,1,0,179866.01,₹1
15670562,Pharr,470,France,Male,30,3,101140.76,1,1,1,50906.65,0
15689147 units,OGOCHUKWU,652,France,Female,₹40,1,0.0 units,2 units,1,0,126554.96,
15686137,Barry,456,SPAIN,Male,32,9,147506.25,1 units,1,1,135399.21,0
15693996,Hawks,507,France,Female,33,1,113452.66,1 units,0,0,,0
15735687,Chinweuba,595,Spain,Male,37,2,157084.99,1,1,0,134767.13 units,0
15627630,Chiagoziem,599,NULL,Female,41,1,0.0,2,1,0,96069.82 units,0
15589493,Otitodilinna,716,Germany,Male  ,27,₹1,122552.34,2,1,0,67611.36,0
₹15664754,Steele,640,Germany,Male,39,9,131607.28 units,4,0,1 units,6981.43,1
15813439,Ch'ien,587,France,Male,33,₹5,100116.82,1,1,0,34215.58,0
15659002,Mazzanti,766,France,Female,45,6 units,0.0,₹2,₹0,0,147184.74,0
15660271,Duncan,688,Germany,Male,26,8,146133.39,1,1,1,175296.76,0
15664339,Yu,775 units,Spain,Male,48,4,178144.91,2,0 units,,50168.41 units,1
15782231,Andrejew,521,France,Male,38,6,0.0 units,2,1,0,51454.06,0
15732943,Okwuoma,574,,Male,36,4,77967.5,1,1,0,167066.95,1
15576131 units,Phillips,666,France,Male,40,5,₹0.0,2,1,0,147878.05,0
15745083,Lei,613,Germany,Male,59,8,91415.76,1,0,0,27965.0,1
15725737,Mosman,669,France,Male,₹46,3,0.0,2 units,0,1,8487.75,0
15693162,Higgins,694,FRANCE,Female,29,5,99713.87,1,₹0,0,112317.89,0
15612350,TAYLOR,691,France,Female,₹31,5,40915.55,1,1,0,126213.84,1 units
15572777,Meng,780,Spain,Male,47,7,86006.21,1,1,1,37973.13,₹0
15706815,Samoylova,515,Germany,Male,37 units,2,90432.92,1,1,1,188366.04,1
15803365,Coffee,653,Spain,Male,55,2,70263.83,1,0,1,62347.71,0
15796231,Nwankwo,681,France,NULL,18,1,98894.39,1,1,1,,0
15776947,Ugorji,637,,Male,43,8,0.0,1,₹1,₹0,12156.93,₹1
15600974,He,516,Spain,Male,50,5,0.0 units,1,0,1,146145.93,₹1
15748360,Cocci,644,Germany  ,Female,34,10,122196.99,2 units,1,1,182099.71,₹0
15645316,Han,612,Germany,Female,58,1,149641.53,1,1,1,115161.28,0
15734942,Nnamutaezinwa,539,Germany,Female,38,₹8,82407.51,1,1,₹0,13123.41,₹0
15804822,,,France,Female,31,4,0.0,2,1 units,₹0,4798.12,0
15790717,Osinachi,695,Spain,Male,35,7 units,0.0,2,1,0,160387.98,0
15756610,Carlson,657,Germany,Female,38,5,123770.46,1,0,0,47019.66,₹1
15673908,Chinweike,602,Germany,Female,₹42,6,158414.85,1,1 units,1,131886.46,0
15761024,Long,619,,Female,,2 units,167733.51,2,1,1,₹65222.48 units,0
15675791,Williams,₹610,France,Male,36,,129440.3,2,1,0,102638.35 units,0
15575694,Yobachukwu,729,Spain,Female,45,7,91091.06,2,1,0,71133.12,0
15782735,Chukwuemeka,626,France,Female,35,3 units,0.0 units,1,0,0,80190.36,0
15637717,Lockington,704,Germany,Male,41,4,109026.8,2,1,1,43117.1,0
15743817,Hargreaves,621,Germany,Male,40,8,174126.75,3,1,0,172490.78,1
15574283,Padovano,580,FRANCE,Male,31,2,0.0,2,0,1,64014.24,0
15659568,ATKINSON,850,Spain,Female,31,3,121237.65,1,1,1 units,31022.56,0
15737506,Tretiakova  ,645,France,Male,42,6,0.0,1,0,0,149807.01,0 units
15736069,Hsing,767,Germany,Female,35,6,132253.22,₹1,1,,115566.57,1
15653715,Coates,602,France,Female,63,7 units,0.0,2,1,1,56323.21,0
15668347,Ingram,₹624 units,France,Male,₹36,6,0.0,2,0,0,84635.64,0
15733247,Stevenson  ,850,France,Male,33 units,10,0.0,1,1,0,4861.72,1
15649136,Williamson,650,France,Female,43,₹6,0.0,₹2,1,1,16301.91,
15793890,Harriman,728,FRANCE  ,Female,59,4,0.0,1,1,₹1,163365.85,1
15595426,Madukwe,603,Spain,Male  ,57 units,6,105000.85,2,1,1,87412.24,1
15700424,Hsiao,461,France,Female,35 units,5,0.0,₹1,1,1,54209.02 units,0
15707242 units,Ibeamaka,504,Spain,Male,40,5,0.0,2,0,0,146703.36,0
15720511,Byrne,547,Germany,Male,41,3,151191.31,1,1,,175295.89,1
15697028 units,McClinton,590,Spain,Male,₹34,₹0,₹65812.35,2,0,1,160346.3,0
15589715,Fulks,584,France,,66 units,5,0.0,1,1,0,49553.38,1
15712608,NULL,787,Germany,Female,42,2,74483.97,2,₹0,1,44273.91,0
15809823,Thurgood,491 units,Germany,Male,19,2,125860.2,1,0,0,129690.5 units,0
15700627,Y?,637 units,Germany,Female,46,2,143500.82,1,1,0,166996.46,1 units
15580146,Hung,738,France,Male,31,9 units,82674.15,1 units,1,0,41970.72,0
15720509,Hs?,696,France,Male,34,9,150856.79,1,0,1,8236.78,0
15684645,Ajuluchukwu,704,Germany,MALE,41,9,62078.21,2,1,0,129050.67,0
15694860,,675,France,Female,38,6,68065.8,1,0,0,138777.0,1
15796434,Farnsworth,724 units,France  ,Male,28,5,97612.12,1,1,1,96498.14,0
15636684,Kirkland,727,France,Male,34,10,0.0,2,1,1,198637.34,
15649992 units,Alexander,681,Spain,Male,65,7,134714.7 units,2,0,,₹190419.81,0
15589401,Allen,550,France,Female,30,4,0.0,2,1,0,89216.29,
15798385,Grave,512,Spain,Female,46,3,0.0,2,1 units,1,56408.14,0
15737509,Morrison,,Spain,Male,34,8,199229.14,1,0,0,68106.29,0
15592300,Mai,,Spain,Male,35,10,59408.63,1,1,0,76773.53 units,0
15613140,NULL,565,France,Male,34,₹6,0.0,1 units,1,1,63173.64,0
15641877,Ross,681,France,Male,47,9,97023.21,1,1,1,2168.13,0
15731148,Isayeva,558 units,France,Male,33,,108477.49,1,1,1,109096.71,1
15768104,Wright,,Spain,MALE,37,8,₹141541.25,1,0 units,0,66013.27,0
15587451,Goold,778,Germany,Male,41,7,139706.31,1,1,0,63337.19,0
15696098,PALERMO  ,,France,Female,31,10 units,,2 units,1,₹0,13892.57,0
15645778,Reid,670,,Male,42,3,81589.04,1,1,0 units,188227.8,0
15654229,O'Neill,699,Spain,Male,47,1,0.0,2,0,1,30117.44,0
15623450,Brown,637 units,Germany,Female  ,27,7 units,135842.89,1,1,1,101418.05,0
15678201,Robertson,548,France,Female,46,1,0.0,1,1,1,104469.06,1
15726087,Ch'in,₹592 units,France,Female,62,5,0.0 units,1,1,1,100941.57,0
15621457,Chu  ,850,France,Male,27,,₹96654.72 units,2,0,0,152740.16,0
15779423,K?,716,France,Male,39,1,,2,1,1,76476.05,₹0
15704053,T'ang,710,Spain,Male,62,3 units,131078.42,2,1,0,119348.76,1 units
15674950,Ebelechukwu,₹544,Germany,,39,4,142406.43,2,1,0,,0
15711378 units,Willis,677,France,Male,38,4 units,₹0.0 units,2 units,1 units,0 units,187800.63,0
15769703,West,550,Germany,Female,45,8,,1,0,0,97623.42,1
15585249,MIRONOVA  ,741 units,France,Male,₹42,6,106036.52,1,1,0,194686.78,₹1
₹15635942,Thomson,576,FRANCE,Male,₹40,9,0.0,2,1 units,0,112465.19,1
15813894,Bogle,620,NULL,Male,21,9,0.0,2,0,0,154882.79,0
15750769,Padovano,725,France,Male,₹35,7,₹75915.75,1,1,0,150507.43,0 units
15796074,Bruno  ,717,France,FEMALE,36,2,99472.76,2,1,0,94274.72,1
15807993,Bruno,588,Germany,Female,30,0,110148.49 units,1,1,0,5790.9,₹1
15657163,Cockrum,623 units,Germany,NULL,42,1,149332.48,2,1,0,100834.22,0
15783398,NULL,₹535,Spain,Female,49,7,115309.75,1,₹1,,111421.77,0
15705953,KODILINYECHUKWU,721,Spain,Male,51,0,169312.13,1,1,0,109078.35,1
15710012,Bowen,738,Spain,Male,44 units,₹2,0.0,2 units,1,0,43018.82,1
15769353,NULL,550,France,Female,₹40,8,150490.32,1,₹0,0,166468.21,1
15672132,Butusov,695,France,Female,42,7,121453.63,1,0,0,46374.64,0
,Shen,579,NULL,Female,64,6,145215.43,1,,1,164083.72,0
15582259,,567,France,Female,37,7,0.0,2,1,1,28690.9,0
15701376,K'ung,668,Germany,Male,37,10 units,152958.29 units,2,1,1,159585.61,0
15682528,Cremonesi,572,France,Male,33,5,0.0,1,0,1,41139.05,0
15699634,Howard,667,France,Female,48,2,0.0 units,2,1,1,148608.39,0
15729201,,682,France,,55,9,0.0,1,1,0,153356.8,1
15622182,Daniels,628,Germany,Female,28,3,153538.13,2,₹1 units,0,110776.01,0 units
15758252,Toscano,561 units,,Female,45,2,,2,₹0,1,115719.08,0
15603851,GALKIN,704,France,Male,32,7,127785.17,4,0,0,184464.7,1
15770406,Watson,580,Germany,Male,35,9,₹121355.19,1,0,1,35671.45,0
15736371,KENNEDY,633,France,Female,34,3,123034.43,2 units,1,1,38315.04,0
15777784,Tu,733,France,Female,44,6,168165.84,₹1,0,1,197193.49,0
15787222,Ch'in,676,Germany,NULL,28,1,69459.05,2,1,1,128461.29,0
15809006,WALKER  ,602,FRANCE,Male,23,7,113758.48,2,0,0,84077.6,0
15743067,Fuller,625,Germany,Male,26,3,130483.95,1,1,0,122810.53,0
15729454,NULL,465,France,Male,33 units,8,0.0,2,1,0,177668.55,0
15778157,Murray,598,Spain,Male,27,8,90721.52,,1 units,0,109296.18,0
15641136,Davison,629,France,MALE,32,₹2,0.0 units,2,0,1,77965.44,0
15626795,Gorman,672,NULL,Female,40,3,0.0,1,1 units,0 units,113171.61,1
15697318,NULL,771,Germany,MALE,32,9,77487.2,1,0,₹0,33143.04,0
,Burke,631,Germany,Male,37,8,138292.64,2,0,0,,1
15701962,Scott,590,SPAIN,Female,29,2 units,166930.76,2,1,0,122487.73,0
15676576,Stephenson,₹646,France,Female,43,8,143061.88,1,1,₹0,61937.6,0
15615050,Savage,₹575,GERMANY  ,Male,47,9,107915.94,2,1,1,63452.18 units,1
15779052,Ballard,604,Germany,Female,25,5,157780.84,2,1,₹1,₹58426.81,0
15619626,Wade,746,France,MALE,24,3,137492.35,2,0,1,170142.09,0
15625395,Chinomso,585,France,NULL,28,6,105795.9,1,1,1,41219.09 units,0
15813697,Onyekaozulu,498,Germany,Female,,2,120702.67,2,,1,98175.74,0
15763274,Wu,661,France,Male,48,3,120320.54,1,0,0,96463.25,0
15583748,McGuigan,592,Spain,Male,38,8,0.0,2 units,1 units,0,180426.2,0
15611058,NULL,702 units,GERMANY,Female,60,5,138597.54,2,₹1,1,41536.59,1 units
15602497,Honore,850,Spain,Male,39,6,133214.13,₹1,₹0,1,20769.88,0
15569572,Sopuluchi,,France,NULL,42,6,0.0,2,1,1 units,106197.44,0
15696826,James,633,France,Female,32,1,104001.38 units,1,0,1,36642.65,₹0
15650864,POWER,507,France,Male,42,6,0.0,2,,0,34777.23,0 units
15795166,Creswell,618 units,Germany,Male,42,8,₹153572.31,2,1,1,76679.6,0
15727408,,523,Germany,Male,27,8,61688.61,2,1,0,147059.16 units,0
15699461,Fiorentini,,Spain,Male,35,10,176273.95,1,0,1,121277.78,0
15604073,Bibi,815,Germany,Female,25,8,₹135161.67,1,1,1,136071.05,0
15723318,Mactier,,France,FEMALE,55,0,₹0.0,3,0,0,60810.64,1
15810711,Marcum,684,Germany,Male,₹37,4,₹138476.41,2 units,1,1,52367.29,0
15605425,Chia,545,Germany,Female,44,₹2,127536.44,1,1,0,108398.63,0
15733460,,622,Spain,Male,36,₹9,0.0,2,1,1,104852.6,0
15791040,Vasilyeva,801,Spain,Male,58,1,79954.61,2,1,1,30484.19,0
15716431,BROOKES,775,France,Female,30,10,191091.74,2,1,1,96170.38,0
15728693,,574,Germany  ,Female,43 units,3,141349.43,1,1,1 units,100187.43,0
15745354,Franklin,611,Spain,Female,37,4,0.0,2,1,0,₹125696.26,0
15750466,Rhodes,790,Germany,Male,₹42,1,85839.62,1,1,0,198182.73,0
15571059,Martin,734,NULL,Female,54,3,0.0,1,1,0,130805.54 units,1
15742798,,829,France,Female,,₹7,150126.44,1 units,1,0,152107.93,1
15722010,ZUYEV,621,Spain,Male,53,9,170491.84,1,1,,35588.07,1
15588695 units,Su,833,Spain,NULL,32,6,0.0,1,1,1 units,44323.22,1
15691840,Fraser,505,Germany,Female,37,6,159863.9,2,0,₹1,125307.87,0
15646082,Harding,676,France,Female,34,8,82909.14,1,1,0,91817.38,1
15691119,Martin,721,Germany,Male,68,4,136525.99,1,0,0,175399.14,0
15742210,Ugochukwu,700,France,Male,38,9,65962.63,1,1,1,100950.48 units,0
15749947,Black,665 units,France,Female,44,7,0.0,2,1,1,66548.58,0 units
15644400,Anderson,709,France,Male,44,9,128601.98,1,1,0,117031.2,0
15629985,EIDSON,723,Germany,Female,47,10,90450.0,2,0,0,103379.31,1
15727819,Hartley,677,Spain,Female,34,10,171671.9,1,1,1,50777.77,0
15609356,Chimaraoke,697,France,Female,25,1,0.0,₹2,0,,87803.32,0
15664227,Threatt,506,Germany,Male,28,8,53053.76 units,1,0,1,24577.34,0
15692259 units,Baresi,695 units,NULL,Female,29,9,0.0,2,1,0,₹111565.45,0
15708228,Toscani,476,Germany,,₹30,3 units,134366.42,1,1,0,68343.53,0
15813640,Shih,642 units,France,FEMALE,40,7 units,0.0,2,1,0,10712.82,0 units
15734634,BOCHAROVA,607,Spain,,27,5,,1,0,0,7631.27,0
15694192,Nwankwo,598,Spain,Female,38,6 units,0.0,2,0 units,0,173783.38,0
15724632,Madukaego,₹537,France,Female,41,0,0.0,2,0,1,175262.49,0
15711843,Pisani,613,Germany,Male,40 units,1,147856.82,3,0,0,107961.11,1
15671779,Nebechi,567,France,Male,39,5,₹0.0,2,0,0,168521.72,0
15802909,Hu,₹706,Germany,Female,56,3 units,139603.22,1,1,1,86383.61,0
,Fanucci,763,Germany,MALE,32,9,160680.41,1,1,0,30886.35 units,0
15656286,Sims,₹794,France,NULL,33,₹0,0.0,2,,0,178122.71,₹0
15603096,LORI,410,FRANCE,Male,33,6,125789.69,1,0,0,66333.56,1
15609676,Nkemakonam,₹718 units,France,Female,35 units,2,167924.95,1,1,0,43024.64,0
15632263,Pagnotto,574,Spain,Male,,5,120355.0,1,1,0,137793.35,0
15632275 units,Trevisano,718,France,MALE,29,2,0.0,₹1,1,₹0,126336.72,0
15613623 units,Tilley,640,Spain,Male,62,3,0.0,1,1,1,101663.47,0
15586523,Paten,720,Germany,Female,29,7,106230.92,1,1,1,69903.93,1
,Golubev,734 units,France,FEMALE,29,0,139994.66,1,1,0 units,17744.72,0
15583364,McGregor,476,France,Female,₹32,6,111871.93,1,0,0,112132.86,0
₹15729771,Davide,799,Germany,Male,31,9,154586.92,1,0,1,88604.89,1
15612043,,418,France,Male,36,₹7,90145.04,1,1,1 units,69157.93,0
,Gilbert,754,France,Male,37,6,0.0,1,1,1,116141.72,₹0
15722072,Hou,630,France,Male,53,5,138053.67,1,0,1,114110.97,0
15763029,Ch'iu,612,GERMANY,Male,46,9 units,161450.03,1,₹1,1,96961.0,1
15799435,Hayes,619,Spain,Male,34,1,0.0,1 units,1,0,139919.38,0 units
15671930,H?,717,France,Female,₹36,5,0.0,2,1,1,145551.6,0
15776454,Hamilton,₹603,France,,48,5,0.0,1,1,0,₹100478.6,1
15638269,Baresi,597,FRANCE,Male,67,2,0.0,2,0,1,108645.85,0
15732175,Bruno,776 units,France,Male,37,2,0.0,1,0,1,8065.0 units,0
15802368,Ch'eng,608,France,Female,47,6,0.0,1,₹1,1,126012.57,₹0
15661290,Hightower,785,Germany,Female,38,9,107199.75,₹1,0,0,146398.51,0
15739123,MELLOR,737,Germany,Male,50 units,4,127552.85,2 units,1,0,4225.11,0
15654577,Alexeeva,549,Germany,NULL,54,5,92877.33,,1,0,2619.64,1
15750765,Sanders,650 units,Spain,Male,71,0,0.0,1,1,1,175380.77,0
15566295,Sanders,761,France,Female  ,33,6,138053.79 units,2,1,0,148779.41,0
15702571,Wright,778,Germany  ,Female,35,1,151958.19,,,1 units,131238.37,₹1
₹15791925,NULL,751,France,Male,29,10,147737.63,1,0,1,94951.27,₹0
15701439 units,,698,Spain,Female,50,1,0.0,4,1,0,88566.9,1
₹15627251,Tsui,520,France,Male,34,4,134007.9,1,1,1,193209.11 units,0
15813095,NULL,₹553,France,NULL,37,2,₹0.0,2,1,0,33877.29,0 units
15713912,Nebechukwu,516,Spain,Female  ,45,8,109044.3,1,0,1,115818.16,0
15710671,Gordon,786,FRANCE,MALE,34,3,137361.96,1,₹0,0,183682.09,0 units
15593496,Korovin,526,Spain,Female,36,5,91132.18,1,0,0,58111.71,0
15638257,P'an  ,682,Spain,Female,54,0,83102.72,2,1,1,54132.93 units,0
15806983,Moss,640,France,Male,44,3,137148.68,₹1,₹1,0,92381.01,0
15732963,Clements,722,Spain,Female,29,9 units,0.0,2,1,1,142033.07,0
15609653,Ifeatu,614,Germany,Female,44,6,118715.86,1,1,0,,1
15708003,Aleksandrova,587,Spain,Male,41,8,85109.21,1,1,0 units,₹1557.82,0
15651389,Kay,561,SPAIN,Male  ,24,8 units,143656.55,1,0,1,180932.46,0
15806307,Favors,537,FRANCE,Male,37,3,0.0,2,1,1,20603.32,0
15723006,GORBUNOVA,489,France,Male,38 units,8,0.0,2,0,1,196990.79 units,0
15673790,Taylor,498,Germany,Male,45,7,109200.74,2,,1 units,165990.44,0
15654000 units,Algarin  ,705,France,Female,35,5,0.0,1,1,0,133991.11,1
15744127,KOSOVICH,641,France,Female,37,2 units,0.0,2,1,0,3939.87,0
,Crump,731,Spain,Female,33,5,137388.01,2,1,0,165000.68,0
,NNAMDI,642,France,Male,30,8,80964.57,₹2,1,,174738.2 units,₹0
15685628,CALABRESI,670,Spain,Male,35,2,124268.64,2,0,1,84321.03,0
15697283,Mackenzie,578,Spain,Male,23,8 units,0.0,2,1,0,,0
15624072,Kiernan,669,Spain  ,Male,22,10,0.0,2,1,0,176163.74,0
15672826,Chen,666,France,Female,32,,112536.57,2,1,1,34350.54,0
15791174,,540,Spain,Male,67,1,88382.01,1 units,0,1,59457.0,0
15799468,Catchpole,591,France,Female  ,34,3,96127.27,1 units,0,0,30972.06,0
15629475,Clark,656,France,Male,41,2,0.0,2,1,0,₹158973.77,0
15815095,Burfitt,850,Spain,Male,54,7,108185.81,2,0,0,24093.4,₹1
15642726,Holmes,611,France,NULL,53,3,83568.26,1,0,0,1235.49,0
15694453,Walker,,Germany,MALE  ,37,9,131519.49,2,1,1,51752.18,0 units
15779659,Zetticci,,France,Female,28 units,3,0.0,1,0,0,183646.41,0
15701524,Ting,709,France,Male,36,0,0.0,2,1,0,46811.77,0
15632977 units,Hsiao,745,France,Male,47 units,5,0.0 units,,0,0,145789.71,₹0
15602841,Lockett  ,794,Spain  ,Female,28 units,5,0.0,2,0,1,86699.98,0
,Tang,666,Germany,Male,71,1,53013.29,2,1,1,112222.64,0
15768193,Trevisani,585,Germany,Male,36 units,5,146050.97,2,0,0,₹86424.57,0
15715951,Thorpe,562,France,Male,42,2 units,100238.35,1,0,₹0,86797.41,0
15788025,NULL,715,France,Female,38,,0.0,2,1,1,332.81,0
,Gorshkov,609,GERMANY,Male,31,9,103837.75,1,1,1,150218.11,0
₹15743976,Archer,618,Germany,NULL,41,8,37702.79,1,1,1,195775.48,0
15691543,Lennox,558,Germany,Male,58,2,142537.18,1,1,1,88791.83,0
15813303,REARICK,513,Spain,Male,88,,0.0,2,1,1,52952.24,0
15590228,Greenwalt,715,France,,21,6,76467.16,1 units,1,1,173511.72,0
15666032,Mancini,568,Spain,Male,28,1,127289.28,1,0,0,45611.51 units,0
15585388,NULL,660,Germany,Male,,9,125189.75,2,1,1,139874.43,0
15655903,Michael,701,Spain,Female,34,6,107980.37,1,₹1,1 units,₹119374.74,0
15596397,Kelly,814,France,Female,48,7,0.0,2,1,1,132870.15,0
15787196,T'ien,692,Spain,,46,,0.0,2,1,1,105983.09,0
15739438,Reed,539 units,France,Male,30,0,0.0,2,1,0,160979.66,0
,Lai,708,France,Female,59,2,0.0,1,1,0,179673.11,1
15734737 units,Bruno,744,France,Male,56 units,9,0.0,₹2,1,1 units,169498.61,0
15705676,WARDLE,690,France,Female,35 units,9,107944.33,2,0,0,48478.47,0
15604345,Kemp,730,France,FEMALE,22,9,65763.57,₹1,1,1 units,145792.01,0
15709117,Fanucci,823,Spain,Female,46,3,81576.75,1,,1,28370.95,1
₹15706557 units,Ferguson,626,France,Female,52,0,0.0,2,1,0,32159.46,1
15793881,,721,France,Female,35,6,118273.83,1,0,1,3086.89,0
15766787,Piazza,707,France,Female,35,9,0.0,2,1,1,70403.65,₹0
15717225,Ikemefuna,544,France,Female,21,10,161525.96,₹2,1,0,9262.77,0
15809558,Peppin,715,Spain,Male,31,7,0.0 units,1,1,1 units,149970.59,0
15762198,Capon,812,France,Male,34,5,103818.43,1,1,1,166038.27,0
15694288,Cawthorne,468,Spain,NULL,28,,0.0,2,1,0,170661.02,0
15747358,NULL,643,GERMANY,MALE,59,3,170331.37,₹1,1,1,32171.79,0
15750248,Wright,619,France,Female,35,8,,₹1,₹1,0,65682.93,0
15566312,Jolly,660,Spain,Female,42,5,0.0,3,1,1,189016.24,1
₹15680843,NULL,675,France,Male,34,8,0.0,2,1,1,184842.21,0
,Walker,651,Spain,Male,38,2,0.0,3,1,0,67029.82,1
15657809 units,NULL,585,France,Male,55,10,106415.57,3,1,1,122960.98,1
15579826,Young,439,FRANCE  ,Female,66,9,0.0,1,1,0,65535.56,0
15742126,,712,Germany,Male,38,7,132767.66,2,1,1,59115.77,0
15690743,Shao,536,France,,,8,65190.29,1,,1,64308.49,1
15615575,Vial,₹722,France,NULL,34,8,0.0,2,1,1,133447.49,0
15605113,Sutherland,₹518,France,Female,27,1,133801.49,1,1,1,143315.57,0
15797787,Denisov,614,France,Male,36,1,118311.76,,1,0,146134.68,0
15751455,,469,France,Female,48,,0.0,1,1,0,160529.71,₹1
15642162,Ponce,603,Germany,Male,35,1,123407.69,₹1,1,0,152541.89,1
15807889,Wood,634,Germany,Male,74,5,₹108891.7,1,,,10078.02,0 units
15797710 units,Saunders,619,Germany,Male,29,4,98955.87,1,0,1,131712.51,0
15764841,Vidler,623 units,France,,35,0,130557.24,1,1,1,47880.71,₹0
15571284,Elmore,756 units,Germany,MALE,32,0,109528.16,2,1,1,56176.31,0
15807003,Jennings,762 units,,Male,32,10,191775.65,1,1,0,179657.83,0
15666884,Su,508,Germany,Female  ,41 units,5,82161.7,2,1,0,187776.49,0
15689168,Munro,531,Spain,,37,1,143407.29,2,₹0,1 units,84402.46,0
15762331,MOSS,569,France,Male  ,37,₹9,₹178755.84,1 units,1,0,199929.17,0
15645511,Chukwudi,727 units,Spain,Male,43,2,,1,1,1,107415.02 units,1
15626787,Wei,698 units,Spain,Female,31,8 units,185078.26,₹1,0,0,115337.74,1
15663987,Wright,723,Spain,NULL,30,1,,3,1,0,164647.72,1
15761102,T'ao,707,NULL,Female,₹32,4,132835.56,1,0,0,136877.24,0
15623525,COPELAND,564,Spain,Male,31 units,0,125175.58,1,1,1,72757.33,0
15704586,Osonduagwuike,758,France,Female,42,7,0.0,2,0,1,76209.56,0
,Mullen,685,France,Male,33 units,6 units,0.0,1,1,,58458.26,0
15749093,Tretyakova,801,France,,43,4,158713.08,2,0,0,98586.14,0
15753874,Kent,694,France,Male,37,10,143835.47 units,1 units,0,1,33326.71,0
15600739,Galkin,562,Spain,Female,35,₹0,0.0,2,1,₹0,119899.52,0
15744327,Ruth,564,France,NULL,40,4,0.0 units,,1,0,85455.62,1
15601263,Young,493,Spain  ,Female  ,₹48,7,0.0 units,2,1,,48545.1,0
15688637,,592 units,France,Female,27,4,0.0,2,1,1,183569.25 units,0
15617301,Chamberlin,₹774,Germany,Male,36,9,130809.77,1,1,₹0,152290.28,0 units
₹15694272,Nkemakolam,673,France,Male,₹30,1,64097.75,1,1,1,77783.35,0
15752846,Pinto,699,France,Male,28,7,0.0,2,1,1,22684.78,0
15694852,Arcuri,575,France,Male,29,4,121823.4,2,1,₹1 units,50368.87,0 units
15586970,NULL,695,Germany,Male,52,8,103023.26,1,1,1,22485.64,0
15808557,Mancini,695 units,France,Female,42,5,0.0,1,0,,72172.13,1
15746986 units,Howe,850,Germany,Female,40,,97990.49,,0,₹0,₹106691.02,0
15618566,Jamieson,572,France,Female,38,7,0.0,2,1,1,133122.62,0
15618213,Nnanna,674,France,Female,32,7,85757.93,1,1,1,95481.0,0 units
15800268,Costa,825 units,GERMANY,NULL,37,6,118050.79,1,0 units,1,52301.15 units,0
15614361,Liao,620,Spain,Male,₹42,9,121490.05,1,1,1,29296.74,0 units
15752857,Palerma,₹452,Germany,Male,52,₹1,98443.14,2,0,0,92033.98,0
15667134,Cisneros,₹446,France,Male,32,8,0.0,2,,0,133292.94,0
15800515 units,Singh,516,France,Male,35,5,128653.59,1,1,0,127558.26,0
15624323,Atkins,642,France,Male,36,4,0.0,2,1,1,195224.91,0
15677371,Ko,629,Spain,Female,₹30,2,34013.63,1,1,0,19570.63,0
15665221,Nwebube,630,France,MALE,26,7,,2 units,0,1,197001.15 units,0
15689044,Humphries,539,NULL,Male,37,2 units,127609.59,1,1,0,98646.22,0
15798844,CHIJINDUM,678,France,Male,54 units,7,128914.97,1,0,0,191746.23,1
15649160,Vavilov,554,France,Female  ,38,3,138731.95,₹1,1,1,194138.36,0
15759555,Murphy,569,Spain,Male,41,2,0.0,2,1,0,134272.57,0
15698758,Onwuamaegbu,630,SPAIN,Female,31,1,0.0,2,1,1,169802.73,0 units
,Vincent,₹670,France  ,Male,38,10,89416.99 units,1,0,0,₹144275.39,₹0
15649280,LUCCHESE,₹521,Germany,Female,40,9,134504.78,1 units,1,,18082.06,0
15668575,Hao,626,Spain,FEMALE,26,8,148610.41,3,0,1,104502.02,1
15659364,Thompson,685,Spain,Male,23 units,5,164902.43,1,0,0,141152.28,0
15814664,Scott,740,Germany,Male,₹33,2,₹126524.11,1,1,0,136869.31 units,0
₹15705313,Stange,707,France,Female,33,2,58036.33 units,1,1,1 units,83335.78,0
15757306,Miller,738,NULL,Male,49,3,0.0,3,1,1,65066.48,1
15689237,Shaw,471,NULL,FEMALE,27,4,₹0.0,2,1,0,122642.09,0
15620570,Sinnett,736,France,Male,43 units,4,₹202443.47,1,1,₹0,72375.03,0
15804602,Boyd,772,Germany  ,Male,30,6,99785.28,2,0,0,197238.03,0
15757821,Burgess,₹771,Spain,Male,18,1,0.0,2,0,0,41542.95,0
15749482,Zack,₹772,Spain,Male,30,4,78653.05,1,1,0,1790.48,₹0
15726720,NULL,480,France,Female,40,7 units,0.0,1,1,₹0,170332.67,1
15626898,Teng  ,743,FRANCE,Male,30,7,77599.23,1,0 units,0,144407.1,0
15728605 units,Hung,697,France,Male,40,4,0.0,2,0,1,26543.28,0
15630321,Hu,₹680,France,Male,44,3,0.0,2,1,0,₹86935.08,0
15709487,Freeman,668,Germany,Male,34,5,80242.37,2,0,0,56780.97,0
15771573,NULL,637,Germany,Female,39 units,₹9,137843.8,1,₹1,1,117622.8,1
15756535,Chibugo,733,NULL,Male  ,39,5,91538.51,1,1,1,93783.0,0
15595136,Kryukov,645,France,Female,37 units,1,0.0,2,1,1 units,68987.55,0
15658982,Napolitani,650,Germany,Female,28,5,122034.4,3,0,₹1,146663.43,1
15743411,Chiawuotu,609,Spain,Male,61,1,0.0,1,1,0,22447.85 units,1 units
15616550,Chidiebele,698,NULL,Male,44,,116363.37,2,1,0,198059.16,0
15740147,Cremonesi,725,France,Female,44,10,0.0,1,0,1,93777.61,0
15805212,Black,₹806,France,Female,67 units,1,0.0,2,0,1,103945.58,0
15606601,Rishel,561,France,FEMALE,22,₹6,186788.96,2,,0,73286.8,0
15726695,Hsia,601,Spain,FEMALE,20,9,122446.61 units,2,1,₹0,86791.9,0 units
₹15669516,Steele,746 units,Spain,Male,36,2,0.0,2 units,1,1,16436.56,₹0
15699524,,466 units,France,Female,30,3,0.0,1,1,0,193984.6,0
15761364,NKEMJIKA,679,France,Male,30,9,0.0,2,1,0,157871.55,₹0
15666430,PECK,579,FRANCE,NULL,38,8,0.0,2,0,0,91763.67,0
15679531,Collins,618,France,Male,34,5,134954.53,1 units,1,1,151954.39,0
15798615 units,Wan,₹850,France,Female,47,9,137301.87,1 units,1,0,44351.77,0
₹15674880,Archer,658,Spain,Male,50,2,0.0,2,,0,52137.73,0
15656710,Cocci,613,France,Male,40,4,0.0,,0,0,151325.24,0
15577999,Sleeman,850,France,Female,62,1,,1,₹1,0,₹70916.0,1 units
15702912,Ch'en,752,SPAIN,Female,35,2,0.0,1,1,0,44335.54,1
15763544,Thompson,673,FRANCE  ,Male,47,1,0.0,2,0,0,108762.16,0
15629575,Wheare,717,NULL,Male,₹36,2,₹148061.89,1 units,1,0,179128.69,1
15792008,Zetticci,555,Spain,Female,26,9,0.0,2,0,1,158918.03,0
15697948 units,Henderson,752,Spain,Female,36,3,0.0,2,1,1,48505.1 units,0
15698816,Tuan,721,Spain,Female  ,33,4,72535.45,1,1,1,103931.49,0
₹15808868,Nwokeocha,652 units,France,Female  ,31,3,103696.97,3,0,0,155221.05,1
15583680,WHITE,615,Spain,Male,41,4,₹0.0,1,0,1,149278.96,0
15783691,Hargreaves,722,Spain,Female,₹35,1,120171.58 units,1,1,0,125240.8,0
15581286,Castro,734,FRANCE,Female,40 units,9,₹176914.8 units,1,1,1,12799.23,0
15770548,Lucchese,453 units,Germany,Female,28,3,139986.65,1,1,₹0,136846.75,0
15594786,Ts'ai,772,Germany,Male,₹34,7,111565.91,1,₹1,1,121073.23,0
15709741,Hussain,668,France,Male,28,4,107141.27,1,1,0,193018.71,0
15686538,Nixon,522,,Female,41,7,0.0,2,0,1,176780.39,0
15659694,Wallis,634,Germany,Female,53,3 units,113781.5,,1,1,106345.05,1 units
₹15583755,McClemans,592,GERMANY,Male,33,2,156570.86,1,1,1,₹37140.2,0
₹15668032,Buchanan,577,France,Female,₹37 units,4,0.0,1,1,1,79881.39,0
15716041,Chinomso,622,Spain,Male,39,₹9,0.0,2,0,1,100862.36,0
15701206,Torreggiani,566,Spain,Male,44,5,0.0,2 units,1,0,66462.79,0
15608528,Munro,645 units,France,Female,68,9,0.0,4,1,1,176353.87,1
15709136,Adams,620,,Male,28,8,0.0,2,₹1,1,199909.32,0
15757537,Francis,610,France,Female,31,6,,1,1,1,141137.53,0
15621520,TANG,783,Germany,Female,42,2,139707.28,1,1,0,2150.22,0 units
15697625,Bevan,791,France,MALE,37,2,163789.49,2 units,1,0,75832.53,0
15812007,Power,670,Spain,Male,25,6,0.0,2,1,1,78358.94,0
₹15757981,Loggia,748,France,Male,₹66,8,0.0,,1,1,163331.65,0
15726267,Paterson,570,NULL,Male,32,9,117337.54,2,0,1,62810.91,0
15804150,Lysaght,755,France,Male,34,3,0.0,2,,1,158816.03,0
15667046,NULL,694,Spain,Male,38,7,₹121527.4,1,1,,113481.02,0
15815552,Ferguson,670,France,Female,42,,112333.63,1,1,1,65706.86,0
15692744,Davison,512,France,Male,36,4,152169.12,2,0,0,38629.3 units,1
15653572,Thornton,673,Spain,Male,43,8 units,127132.96,1,0,1,6009.27,1
15606274 units,Lori,594,Germany,Male,38,6,63176.44,2 units,1,1,14466.08,0
15724269,Yao,670,France,Male,₹25,7,0.0,2,1,₹1,144723.38,0
15765402,H?,520,France,Female,39,6,145644.05,1,0,0,104118.93,0
₹15588123,Horton,677,France,Female,27,2,0.0,2,0,1,114685.92,0
15810732,Grant,₹730,France,Female,36,8,148749.29,2,1 units,0,91830.75 units,0
15683375,Compton,,France,Female,32,4,0.0,1,1,1,114951.42,0
15691625 units,Ko  ,537,Germany,Female,41,3,138306.34,1,1 units,0,106761.47,0
,NULL,670,France,Male,37,4,170557.91,2,1,0,198252.88,0
15674765,Mitchell,553 units,Spain,Male,44,4,0.0,1,1,0,10789.3,0
15688689,Esposito,678,Germany,Female,37,8,149000.91,2,1,1,21472.42,0
15600734,NULL,624,NULL,Male,51,5,174397.21,2,,1,₹172372.63,0
15811978,Trevisani,693,GERMANY,Male,46,2,104763.41,1,1,1,62368.33,0 units
15586996,Azikiwe,697,France,Female,₹76,7,0.0,2,0,1,188772.45,0
15786717,HE,567,FRANCE  ,Male,36,1,0.0,2,0,0,8555.73,0
₹15630725,Johnson,649,France,Female,45,5,92786.66,₹1,1,0,173365.9,1
15710365,THOMSON,646 units,NULL,Male,50,0,104129.24,2,1,0,181794.86,1
15634844,Miller,598,Germany,Male,41,3,91536.93,1,1 units,0,191468.78,₹1
15693690,Iweobiegbunam,574,SPAIN,Male,52,7,,1 units,1,0 units,196257.67,0
15691387,,483,France,Male,29,9,0.0,1,1 units,1,81634.45,0
15638149,ROWLEY,528,France,Male,37,6,103772.45,1,1,₹0,197111.99,0
15773221,NULL,577,Spain,Male,43,8,79757.21,1,1,0,135650.72,1
15650086,Uchenna,725,France,Male,43,2,165896.0,2,1,0,130795.52,0
15668081,Capon,581,NULL,Female,50,4,0.0,2,1,1,₹80701.72,0
15737025,Roberts  ,635,France,Male,33,1,₹0.0,,0,0,₹178067.33,1
15790829,Gibson,703,France,Female,45,5,0.0 units,2,1,0,131906.44,0
15804721,Boni,602,France,Male,49,0,191808.73,1,0,0,97640.2,0
15714080,GOLIWE,566,Germany,Female,40,2,97001.36,2,1 units,0,154486.01,0
,WOOD  ,741,Spain  ,Male,50,1,78737.61,1,1,1,,0
15675650,Duncan,486,France,Female,₹39,8,97819.36,1,0,1,120531.31,0
15669490,Ifeanacho  ,837,GERMANY,Male,37,6,94001.61,2,1 units,0,140723.05,0
15586699,Thomson  ,825,France,Male,32,9,0.0,₹2,0,0,9751.03,0
15699294,Pope,555,France,Male,30,1,0.0,2,0,0,88146.86 units,0
15666675,Hsieh,753,France,FEMALE,39,7,155062.8,1,1,1,16460.77,0
15574783,Perkins,584 units,France,,37,1,0.0,2,1,1,180363.56,
15793317,NULL,547 units,Spain,Female,22 units,,141287.15,1,1,0,118142.79,0 units
15697034,Norris,583,Spain,Female,22,2,0.0,2,0,1,5985.36,0
15797246 units,Terry,621,Germany,FEMALE,34,2,91258.52,2,1,0,44857.4,0
₹15644179,Allen,606,France,Female,39,3,0.0,2,1,0,₹50560.45,1
15630113,Morphett,593,Spain,Male  ,35,4,161637.75,1,1,1,20008.46,0
15625141,Porter,563,Spain,Male,₹26,7,0.0,2,0,0,6139.74,0
15574879,Wright,631,Germany,FEMALE,37,2 units,121801.72,2,0,1,23146.62,0
15609824,Fedorov,794,NULL,Female,41,7,176845.41,3,1,₹0,166526.26,1
15653347,Chiu,560,Spain,Male  ,47,1,0.0,1,0,0,128882.66,1
15633930,Yobachukwu,648,Spain,Female,56,6,157559.59,2,1,0,140991.23,1
₹15724684,Sung,610 units,Spain,Male,46 units,5,91897.8,1,1,0,54394.28,
15756196,Tsou,682,France,Male  ,,6,₹121818.84,2,0,₹1,124151.37,0
15753837,Young,573,Spain,Male  ,38 units,4,,2,1,1,196517.43,0
15779581,Bottrill,734,Spain,Female,43,3,55853.33,2 units,0,1,94811.85,₹1
15808526,Cartwright,783,Germany,Female,58,3,127539.3,1,1,₹1,96590.39,1
15750811,Woodward,766,Germany,Male,44,3,116822.7,1,0,,197643.24,0
15568982,Hao,726,NULL,Female,24,6,0.0,2,1 units,1,54724.03,0
15619898,Chiefo  ,785,France,Male,55,5,0.0,2,1,1,7008.65,0
15769783,Allan,542,Spain,NULL,37,8,₹0.0,1,₹1,1,807.06,0
15710375,Gibson,641,France  ,Male,41,6,0.0,₹2,1,0,65396.79,0
15814675,Chien,642,Germany,NULL,39,8,128264.03,1,1,0 units,61792.76,1
15708513,Bevan,446,France,NULL,39,1,90217.07,1,1,0 units,191350.48,0
15589948,NULL,607,Spain,NULL,28,1,₹135936.1,2,1,1 units,110560.14,0 units
15783030,Owens,685,France,FEMALE,40,7,0.0,1,1,₹0,72852.74,1
15667871,Kerr,572,Spain,Male,35,4,152390.26,1,1,0,128123.66,0
15658614 units,,565,Germany,Female,38,7 units,145400.69,2,1,₹1,83844.79,0
15651075,Ibrahimova,562,Germany,Male,35,3,142296.13,1,0,1,177112.7,0
15710034,T'ao  ,637,Germany,Male,43,1,135645.29,2,0,1,101382.86,1
15811343,Cattaneo,644,Germany,,35,5,161591.11,3,1 units,1,63795.62,0
15583137,Pope,637,NULL,Female,48,₹7,₹130806.99,2,1,1,132005.85,1
15616122,Nwokike,777,France,Male  ,39,8,0.0,2,1,1,18613.52,0
₹15626156,Galloway,655,France,Female  ,60 units,3,0.0,2,₹1,1,86981.45,0
15576683,Yin,568,Spain,Female,43,9 units,0.0,1,1,0,125870.79,1
15687903,NULL,501,France,Female,29,8,0.0,2,1,0 units,,0 units
15686302,Fisk,745,Spain,Female,31 units,3,124328.84,1,1,1,140451.52,₹0
15809872,Ikechukwu,650,France,Male,32,2,84906.45,1,1,,163216.48,0 units
15604804,NULL,516,France,Female,33,7,127305.5,1 units,1,1,120037.36 units,0
15647842 units,NULL,601,Germany,Female,48,8,120782.7,1,1 units,0,63940.68,1
15664432,Chao,727,Spain,Female  ,49,7,96296.78,1,₹1,,190457.87,1
15686913,Kung,757,France,Male,38,0,0.0,1,1,₹0 units,83263.06,0
15811236,Burns,705,Spain,Male,39,6,133261.13,1,1,1,78065.9,0
15615753,Upchurch,597,Germany,FEMALE  ,35,8,131101.04,1,1,1,192852.67,0
₹15786539,Olisaemeka,808 units,France,Male,32,1,0.0,2,1,1,46200.71,0
₹15567114,McGarry,430,France,Male,35,1,118894.22,1,0,0,2923.61,0
15780989,Hajek  ,579,Spain,NULL,43,₹2 units,145843.82 units,₹1,1,1,198402.37,1
15580684,Feng,706,France,Female,29,5,112564.62,1,1,0,42334.38,0
15682273,Burns,683,France,Female,38,5,127616.56 units,1,1,0,123846.07,0
,L?,604,France,Male,40,1,84315.02,1,0,0,₹36209.1,0
,Kung,590,Spain,,30,3 units,0.0,2,1,0,83090.35,0
₹15642709,Feng,₹474,France,Female,30,9,0.0,2,0,0,63158.22,0
15709142,Sagese,,Germany,Female  ,,2,91057.37,2,1,0,132973.17,0
15572093,Han,,France,Female,24,7,140453.91,1,1,0,129001.3,0
15794187,Young,695,FRANCE,Male,36,6,114007.5,2 units,1,0,118120.88,0
15574122,Tien,817,France,Male,34,5,129278.43,1,0,0,165562.84,0
15783477,Biryukov,,Germany,Female,39,8,112889.91,1,0,1,6723.66,0
15594864,Huang,752,,Male,30,4,81523.38 units,₹1,1,1,36885.85,0
15701741,WILLIAMS  ,,France,Female,39,3,152462.79,1,1,0,90305.97,0
15610755,Napolitano,643,France,Female,33,0,137811.75,1,1,1,184856.89,0 units
15605447,Palermo,752,France,Male,49,2,78653.84,1,1,0,7698.6,0
15770345,Kovaleva,559,Spain,Female,31,1,139183.06,1,,1,143360.56 units,0
15627220,Kang,735,Germany,Female,43 units,9,98807.45,1,0,0,184570.04,1 units
15641640,Uspenskaya,545,Spain,Female,33,7,173331.52,1,1,0,150452.88,0
15787318,Holmwood,537,Germany,Female,,6,103163.35,1,1,0,16259.64,1
15675522,Ko  ,628,Germany,Female,30,9,132351.29,2,1,1,74169.13,0
15599552,Conway,639,Spain,Female,54,2,0.0,2,₹1,1,53843.71,0
₹15589805,Benson,563,France,Female,34,6,139810.34,1,1,1,152417.79,0
15615012,,594,NULL,Male,23,5,156267.59,1,1,0,160968.44,0
15623560,Onyekachukwu,668,France,Female,35,6,102482.76,1 units,1,1,53994.64,₹0
15603436,Savage,594,Spain,Female,49,2,126615.94,2,0,1,123214.74 units,0
15783752,Lindsay,752,Germany,Male,29 units,4,129514.99,₹1,1,1,102930.46,0
₹15645571,Genovese,596,Spain,Male,32,4,0.0,2,0,1,₹146504.35,0
15620103,Ho,660,France,Female,40,,167181.01,1,1,1,185156.94,0
15688868,Birdsall,684,France,Female,26,5,87098.91,1,0,0,106095.82,0
15769246,Lo Duca,813,Germany,Male,59,2,135078.41,1,1,0,187636.06,1
15693381,Tipton,533,Spain,Male,38 units,1,135289.33,2,0,,152956.33,0
15766163,ZOTOVA  ,676,France,Male,38,1,0.0,2,₹0,1,35644.79,0
15574324,Genovese,568,Germany  ,Female,29,2,₹129177.01,2 units,0 units,1,104617.99 units,0
15727556,O'Donnell,744 units,SPAIN,Female,26,5,166297.89,,1 units,1,181694.44,0
15657228,Anderson,,Germany,Male,37,9,95829.13,2,0,₹1,104936.88,0
15799964,Campbell,669,Germany,Female,30,7,139872.81,1,1,0 units,₹188795.85,0
15711352,Endrizzi,841,France,Female,₹31,3,,2 units,1 units,1,126794.56,0
15582762 units,Mazzanti,667,Spain,Male,77,₹2,0.0,1,1,1,34702.92,0
15671243,Y?,558,France,Female,47,9,0.0,2,1,₹0,103787.28,0
15681476,Foveaux,520,France,Female,39,1,73493.17,,0,1,109626.13,1
15602354,Ginikanwa,564,Germany,Male,33,3,109341.87,1,₹1,,75632.78,0
15806945,Udobata,611,France,Female,30,,88594.14,1,1,0,196332.45,0
15633233,NULL,500,France,Male,56,1,100374.58,1,1,0,118490.8,1
15793641,Evseyev,792,France,Female,70,3,0.0,2,1 units,₹1,172240.27,0
15605666,Peyser  ,720,France,Female,34,6,110717.38,1,1,₹1,9398.45,₹0
15678427,Genovese  ,696,Germany,Female,27,2,96129.32,2,1,1,5983.7,₹0 units
,McKenzie,623,NULL,Male,40,6,0.0,2,₹1 units,1 units,66119.07,0
₹15672610,Somadina,567,Spain,MALE,40,4,118628.8,1,0,0,91973.63,0
15681562,Trevisan,516,France  ,Female,43,2,112773.73,2,1,1,139366.58,0
15757628,Savage,571,NULL,NULL,40,10,112896.86,1,1,1,121402.53,0
15665521,Chiazagomekpele,642,Germany,Male  ,18,5,111183.53,2,0,1,10063.75,0
₹15715744,Schiavone,605,France,Male,39,₹7,0.0,1,0,1,119348.28,0
15640034,Milligan  ,551,France,NULL,42,2,139561.46,1,₹1,0,43435.43,1
15590268 units,Chu,529,Spain,Male,,5,95772.97,1,₹1,1,112781.5,0 units
15807989,,681,Germany,Male,37,8,73179.34,2,1,1,25292.53,0
15749671,K?,794,France,Male,35,6 units,0.0,2,1,1,68730.91,0
15572038,Chijindum,,GERMANY,Male  ,₹35,9,113948.58,1,1,₹0,188891.96,1
15654457,Cross,685,Spain,Female,30 units,2,0.0,3,1,1,172576.43,1
15809279 units,Wallace,773,France,Male,45,8,96877.21,1 units,1,1,113950.51,0
15645543 units,Bell,636,France,Female,34,,0.0,2,1,1,44756.25,
15788483,Kerr,719,Spain,Male,38,0,,1,1,0,126876.47,0
15813168,Maslova,756 units,Germany,Female,39,3,100717.85 units,3,1,1,73406.04,1
15578908,Todd,,Spain,Female  ,32,0,0.0,₹2,1,1,138525.19,
15730830,Dale,,France,Female,30,3,0.0,2,1,1,104991.28 units,0
15733872,Marino,791,Germany,,,10,130229.71,2,0,0,54019.93,1
15685245 units,Jowett,608,Spain,Female,56,5,0.0,2,0,1,153810.41,0
15697789,Li Fonti,647,Germany,Female  ,43,3,122717.53,2,1,1,87000.39,0
15732113,Butters,671,Spain,Male,50,8,0.0,1,0,1,2560.11 units,0
15639314,Cartwright,589,France,Male,32 units,2 units,0.0,,0,1,9468.64,0
15792077,Degtyaryov,671,Germany,Male,28,8,119859.52,2,1,0 units,125422.66,0
15702298,Parkhill  ,655 units,Germany,Male,41,8 units,125561.97,1,0,0,164040.94 units,1
15684865,Lucchesi,771,France,Female,66,7,143773.07,1,1,1 units,130827.88,0
15806420,,772,France,Male,34,9,0.0,2,1,0,170980.86,0
15691150,NULL,699,France,NULL,32,4,110559.46,1,1,1,127429.56,0
15692671,Dobson,701,Spain,Male,36 units,8,0.0,2,1,0,169161.46 units,0
15623595,Clayton,586,SPAIN,Female,28,,0.0,2,1 units,1,92067.35,0
15710687,Mills,593,France,Female,33,0,95927.04 units,1,1,0,199478.05,0
15789095,T'ang,775,Spain,Male,30,₹4 units,0.0,2,0,1,57461.13,0 units
15569624,Feng,671,NULL,Female,31,6,105864.6,2,1,0,145567.34,0 units
15643121,Chu,753,Germany,Female,35,5,82453.96,2,0,0,18254.75,0
15779947,Thomas,363,SPAIN,Female,28,6,146098.43,3,1 units,0,100615.14,1
15673367 units,Humffray  ,587,Germany,Male,33,6,132603.36,1,1,0,55775.72,0
15797227 units,Otutodilinna,754,France,Male,28,8,,2,₹1,1 units,52615.62,0
,Baryshnikov,661,Spain,Male,39,6,132628.98 units,1,0,0,38812.67 units,0
15643575,Evseev,757,Germany,Male,36,1,65349.71,1,0 units,0,64539.64,0
15739271,Lei,582,Germany,Male,33,2,122394.0,1,1,1,22113.93,₹0 units
15752300,Sagese,607,Germany,Male,47 units,4,148826.32 units,1,1,,79450.61,0
15770539,Walters,792,France,Male,30,1,127187.86,1,1,1 units,113553.42,0
15617331,SERGEYEVA,,Germany,Female,39,3,109698.41,1,1,1,88391.29 units,1
15712877,Morley,724,Spain,Male,36,1,0.0,2,1,0,52462.25,0
15774402,Donaldson,562,Spain,Male,36,5,0.0,₹1,0,1,182843.24,0
15696859,Oldham,474 units,France,Male,45,10,0.0,,,0,172175.9,0
₹15652469,Nevels,699,France,Male,27,1 units,0.0,2,1,0,93003.21,0
15751943,Mai,529,SPAIN,Female,43,5,0.0,2,0,0,₹79476.63,0
15758775,Vasilyeva,820,Spain,Male,₹34,10,97208.46,1,1,1,59553.34,0
15726103,Tsou,689,Germany,Female,55,1,76296.81,1,1,0,,1
15781347,Okagbue,600,France,Female,41,1,0.0,2,1,1,91193.65,0
15678058,Ayers,584,France,Male,38 units,9,104584.16,1,1,0,176678.72,0 units
15599078 units,,619,Germany,Female,41,5,92467.58 units,1,1,0,38270.47,0 units
15655238,DELLUCCI,668,FRANCE,FEMALE,31,9,0.0,2,0,0,41291.73,0
15767793,HSU,819 units,France,Female,38,10,0.0,2,1,0,₹30498.7,0 units
15735572 units,NULL,629,France  ,MALE,₹59,9 units,113657.83,1,1,1,116848.79,1
15681402,Ngozichukwuka,763,Germany,Female,61,1,66101.89,1,1,1,143981.27,0
15594902,Lombardi,518,FRANCE,Male,38 units,3 units,90957.81,1,0,1,162304.59,0
,Allan,824,Germany,Male,49,8 units,133231.48,1,1,1,,0
15794875,Hung,691 units,Spain,Male,35,6,0.0,2,0,,178038.17,0
₹15762134 units,LIANG,506 units,Germany,Male,59,8,119152.1,2,1 units,1,170679.74,0
,Little,504,France,Female,49 units,,0.0,3,0,1,87822.14,1
15770811,Wallace,519,France,NULL,36 units,,0.0,,,1,145562.4 units,0
15648858,King,666 units,France  ,Female,27,1,85225.21,1,0 units,1,64511.44 units,0
15569432 units,Macleod,656,FRANCE,Female,48,9,0.0,2,1,1,85240.61,1
15606849 units,Blackall,698,France,Female,27,1,94920.71,₹1,1,1,40339.9,0
15585192,,686,Spain,Male,39,10 units,136258.06,1,0,0,89199.51,0 units
15724154,Manna,625,NULL,Female,49,4,128504.76,1,1,0,126812.63,1
15639049,Cartagena,489 units,France,Female,31,7,139395.08,1,₹0,1,6120.84,0 units
15580487,Martin,627,Germany,Male,38,8,₹106922.92,2,0,1,84270.09,0
15812040,Lorenzo,594,France,Male,36,6,153880.15 units,1,0,0,135431.72,0 units
15633870,Ozioma,850,France,FEMALE,36,10,0.0,2,1,1,100750.03,0 units
15807294,Walker,653,Spain,Female,30,2,88243.29,2,1,1,96658.26,0
15713594,French,543,France,Female,32,7,147256.86,1,₹1 units,0,112771.95,0
15596212,Yang,781,Spain,Male,35,1,0.0,2,0 units,0,42117.9,0
15705918,Howarth,725,France,Male,31,8,0.0,2,1,1,59650.42,0
,Shao,739,France  ,Female,37,8,0.0,2,1,0,191557.1,1
15571221,Bergamaschi,747,NULL,Male,58,7,116313.57,1,1,1,190696.35,1
15624667 units,Wallace,684,France,Male,35,6,135871.5,1,1,1,87219.41,0
15746258,Wright  ,622 units,France,Male,29,7,101486.96,1,1,1,8788.35,0
15695846,Hawkins,684,France,Female,34,6,0.0,2,1 units,1,₹130928.22,0
15758685,Dubinina,₹706,Spain,Female,37,7,0.0,2,1,1,110899.3,₹0 units
15775546,Laurens,517 units,Spain,Female,,5 units,0.0,2,1,0,103402.88,0
15629390,Liao,653,France  ,Male,37,7,135847.47,1,₹1,0,144880.81,0
15671390,Chukwukere,690,Spain,Male,36,10,0.0,2,1,0,55902.93,0
15599329,CHRISTOPHER  ,697,France,Female,49,7,195238.29,4,₹0,1,131083.56,₹1
15599124,MILLER,832,France,Female,29,5,0.0,2 units,1,,178779.52,0
15677217,Ibragimova,705 units,France,Male,30,1,,₹1,1,1,181300.32,0
₹15799358,Vincent,,France,Female,46,6,62212.29,1,0,1,171681.86,1
15748639,Hayslett,497,NULL,Male,35,7,110053.62,2,1,1,92887.06,0
15714680,,,France,Female,,5,121206.96,1,1,1,76016.49,0 units
15658475,Lori,834,NULL,Male,36,8,142882.49 units,1,1,₹0,89983.02,1
15593094,Goddard,,France,Male,27,9 units,0.0,1,1,0,142680.64,₹1
₹15654574,Onyekachi,499,Germany,Male,36,5,131142.53,2,1,0,174918.46,0
15591100,NULL,675,Spain,Male,36,9,106190.55,1,0 units,,22994.32,0
15707637,Zikoranachukwudimma,765,France,Female,₹56,1,0.0,1,1,0,13228.93,1
15804864,NULL,670,France,Female,27,5,79336.61,1,₹1,1,26170.08 units,0
15808621,Mordvinova,659,Germany,Male,36,2,76190.48,2,₹1 units,1,149066.14,0
,,842,France,MALE,44,3,141252.18,4,0,1,128521.16,1 units
15787071,Dulhunty,650,Spain,,41,9,0.0,2,0 units,1,191599.67,0
15589195,Bluett,766,Germany,Female  ,38,7,130933.74 units,1,0,1,2035.94,0 units
15703292,NULL,573,France  ,Male,26,,86270.93,2,1 units,1,90177.3,0
15812073,Palmer,529,France,Female,31,7,0.0,2,1,1,175697.87,0
15792107 units,,719,NULL,Female,35,8,0.0,1,1,1,165162.4,0
15800251,Elder,583,Germany,Female,26,10,72835.56,2,1,0,96792.15,0
15590078,Burns,622,Spain,Male,27,9,,1,1,1,152733.89,₹0
15578977,Robinson,786,France,Male,34,,0.0,2,1,0,144517.19,0
15707042,Dellucci,634,France,Female,24,2,87413.19,₹1,1,0,63340.65,0
15615931,Aitken,746,France,FEMALE,37,4,0.0,2,0,,171039.56,0
₹15578435,Langlands,640,FRANCE,Male,40,8,110340.68,1,1,1,157886.6,0
15628674,Iadanza,844,FRANCE,Male,40,7,113348.14,1,1,0,31904.31,1
15574072,CH'IEN,786 units,France,Female,62,8,0.0,₹1,1,1,165702.64,0
15580623,Yefremova,573,Spain,Male,₹28,8,0.0,2,0,0,77660.03,0
15689341,Gibbs,₹655,France,Female,,10,0.0,4,1,0,179267.94,1
15603454,Sanders  ,735,Germany,,28 units,5,160454.15,2,0,1,114957.22,0
15723786,Morris,709,France,Female,37 units,9,0.0,2,1,0,16733.59,
15785831,Sinclair,591,France,Male,35,7,183027.25 units,1,1,1,56028.79,0
15578006,YAO,787,France,Female,85,10,0.0,2,1,1,116537.96,0
₹15602731,Wong,724,France,Male,31,5,0.0,₹1,1,0,134889.95,1
15634359,Dyer,639,GERMANY,,41,5,98635.77 units,1 units,₹1,0,199970.74,0
15681180,Barese,771,France,,23,7,156123.73,₹1,1,0 units,72990.62,0
15694300,Fiorentino,,France,Male,26,4 units,0.0 units,2,₹1,0,135394.62,0
15663489,Onio,633,Germany,Female,29,0,138577.34,1,1,0,193362.99,0
,Patterson,596,France,Male,42,7,0.0,2,1,1,121568.37,0
15684861,Thomson,₹726,France,Female,32,8,₹0.0,2,0,0,185075.63,0
15780746,Tyndall,705,France,Male,61,4,0.0,2,₹1,1,191313.7 units,0
15633944,McKay,644,Spain,Male,32,3,136659.74,1 units,1,1,14187.78,0
15810891,,662,France,Male,₹34,2,117731.79,2,0,1 units,55120.79 units,0
15748882,Reid,714,Spain,Male,29,9,0.0,2 units,1,0,129192.55,0
15798975 units,Doherty,606,Germany,Male,48,4,132403.56,1,0,0 units,36091.91,1
15772341,Hs?eh,682 units,Germany,Male,81,6,122029.15,,1,1,₹50783.88,0
15645744,Chukwudi,826,,Female,30,5,0.0,2,0,1,157397.57,0
15592751,Okwudiliolisa,684,Germany,Female,63,3,81245.79,1 units,1,0,69643.31,1
15737169,Johnson,642,Spain,Male,26,8 units,144238.7,1,1,1,184399.76,0 units
15733303,Liu,630,France,Male,67,5,0.0,2,1,1,27330.27 units,0 units
15734005,Mazzi  ,633,France,Female,42 units,1,0.0,,1,0,56865.62,0
15740356,Palmer,660,Germany,,₹26,₹4,115021.76,1,,1,162443.05,0
15675450,Burt,718,France,Male,48,9,0.0,2,1,1,72105.63,0
15673055,Sung,494,SPAIN,Male,38,7,0.0,,1,1,6203.66,0
15609643 units,Furneaux,752 units,Germany,Male,32,9,115587.49,2,0,1,101677.46,0
15737265 units,Nwokeocha,,Germany,Male,39,6,152182.83,1,0 units,0,161203.6,0
15687218,West,674,France,Female,27,4,79144.34,1,₹0,1,50743.83,0
15596405,Udinese,546,Spain,Male  ,25,7 units,127728.24,2,₹1,1,105279.74,0
15736397,Wang,544,France,Male,23,1,96471.2,1,₹1,0,35550.97 units,₹0
15704442 units,NULL,672 units,France,Female,53,9,169406.33,4 units,1,1,147311.47,1
15730673,Dietz,567,Germany,Male,40,7,122265.24,1,1,0,138552.74,0
15652048,,563,Germany,Male,44,7,₹105007.31,2,1,1,197812.16,0
15709920,Burke,479,France,NULL,33,2,208165.53,1,0,0,50774.81,1
15777892,Samsonova,721,Germany,Male,₹37,3,107720.64,1,1,1,₹158591.12,0
15642816,De Salis,850,France,Female,27,7,43658.33,2,1,1,3025.49,0
15634281,P'an,720,Germany,Female,43,10 units,110822.9,1,0,0,72861.94,0
₹15649450,Repina,805,Germany,Male,24,6,₹143221.35,2,1,0,186035.72,0
15648005,Russell,₹672,SPAIN,Male,₹33,2,0.0,2,1,₹1 units,182738.0 units,0
15768124,Liu,648,France,Female,₹34,3,0.0,1,₹1,₹0,54726.43,0
15783463 units,Read,678,France,Female,26,1 units,0.0,2,1,0,45443.68,0
15611786,Tsui,668,Spain  ,Female,69,9,0.0,1,0,1,134483.07,0
15607748,Bennett,498,Germany,Male,37,8 units,108432.88,2,1,1,14865.05,
15765322,Connely,755,France,Male,23,5,84284.48,₹2,1,1,62851.6,0
15579777,Sazonova,850,FRANCE  ,Male,41,3,0.0,2,1,0,128892.36,₹0
15719793,Watson,850,Spain,MALE,62,5,0.0,2,1,1,180243.56,0
15671172,Swain,623,France,Male,23,1,106012.2,2,0,1,191415.94,0
15582168,Muravyova,713,Germany,Female,61,4,149525.34,2,1,0,123663.63,0
15686812,Jones,692,Spain,Female,44,8,0.0,1,0,1,159069.37,0
15698321,Yobanna,₹648,Germany,Male,,3,95039.73,2,1,1,147055.87,0
15788556,Trouette,683,France,Female,42,4,₹148283.94,1,1,1,44692.63,1
15686611 units,Moss,,France,Male,,10,129755.99,₹1,0,0,172749.65,0
15603221,Burgess,696,Germany,Male,32,4,84421.62,1,0,1,₹52314.71,0
15612139,Fu,786,France,Female,33,0,83036.05,1,0,1,154990.58,1
15780498,Maynard,₹634,France,,34,3,145030.92,1,1,1,41820.65,0
₹15773283,Dennis,641 units,France,MALE,65,6,38340.02,1,1,0,32607.77,1
15811565,Cocci,705,Spain,Female,47,3,63488.7,1,0,1,28640.92,1
15619608,Ojiofor,454,GERMANY,Female,₹50,10,92895.56,1,1,0,154344.0,1
15796958,Tang,658,France,Male,,7,,2,1 units,0,48378.4,0
15725811,Lim,705,France,Male,₹25,,97544.29,1,0,1,59887.15,0
15750055,Onio,503,Spain  ,Male,32,9,100262.88,2,1,1,157921.25,₹0
15775307,Sung,490,Spain,FEMALE,38,3,97266.1,1,1,1,92797.23,0 units
15587507,FENG,850,France,Male,₹47,6,0.0,1 units,,0,187391.02 units,1
15566988,Iqbal,656,Germany,Female,46,7,141535.52,₹1 units,1 units,0,₹50595.15,₹1 units
15807457,Abernathy,₹641,Spain,Female,36,1,0.0 units,2,1,0,₹102021.39,0 units
15702968,Artemieva,733,GERMANY,Male,₹74,3,106545.53 units,1,1,,134589.58,0
15798749,Davidson,845,Germany,Female,43,3,152063.59,₹2,1,0,97910.06,0
15617877,Jessop,607,France,Male,44,0,0.0,2,1,1,81140.09 units,0
₹15637414,Gell,618,France,Female,24,7,128736.39,1,₹0,1,37147.61,0
15599272,Harrington,795,France,Female,36,1,151844.64 units,1 units,1,1,135388.89,0
,Morley,686,France,Male,38,6,149238.97 units,1,1,1,97825.23,0
15770516,Evdokimov  ,616 units,Spain,Female,44,₹7,193213.02,2 units,1,1,137392.77,0
15726945,Andreev,677 units,France,Female,72,8,₹0.0 units,2,1,1,₹153604.44,0
15790093,Aguirre,627,France,Female,27,2,0.0,2,1,0,125451.01,0
15783859,,,France,Female,24,3,161884.99,1,1,1 units,9617.24,0
15702499,Schnaars,770,Spain  ,MALE,46,9 units,190678.02,₹1,1,1 units,14725.36,0
15583850,DAVIDSON  ,672,Germany,Male,68,0,126061.51,2,1,1,184936.77,0
15592028,Roberts,549,France,Female,46,7,0.0,1,1,1,109057.56,0
15655192,,850,Spain,Female,24,1,0.0,2,0,1,69052.87 units,0
15766288,Ikechukwu,586,Germany,Female,36,5,103700.69,1,1 units,₹0,194072.56,1
15662426,Tang,649,Spain,Male,32,1,0.0,1,0,1,91167.19,1
₹15567078,Kovaleva,789,France,,27,8 units,66201.96,1,1,1,₹79458.12,0
15605534,Turnbull,644,Germany,Female,,4,95560.04,1,0,0,72628.84,1
15666166,Pettry,653,France,,74 units,0,121276.32,1,1,1,160348.31,0
15569364,,666,France,Male  ,36,3,0.0,2,1,0,35156.54 units,0
15742613,Warner,773,GERMANY,Female,42,8,152324.66 units,2,₹1,0,171733.22,0
15737971,Cowen,646,France,Female,30,5,0.0,2 units,1,0,13935.32,0
15738411,Ho,505,France,Male,34,10,104498.79,1 units,0,1,126451.14,0
15656522,Sutherland,593,Spain,Male,32,₹10,158537.42,1,1,,166850.57,0
15605791,Li,524,Germany,MALE,29,9,144287.6,2,1,0,32063.3,0
15671610,Hooper,740,France,Male,36,7,0.0,₹1,1,1,13177.4,0
15724563,Hawkins,752 units,Germany,Female,42,3,65046.08,2,₹0,1,140139.28,0
15732672,Stewart,743,Spain,MALE,35,6,79388.33,1,1,1,193360.69,0
15637993 units,Pokrovsky,711,France,Male,36,9,137688.71,1,1,1 units,46884.1 units,0
,Simmons,754,France,,38,2,₹0.0,2,0,0,3524.69,0
15728362 units,Robertson,671,France,Female,29,3,₹0.0,2,1,₹0,₹158043.11,₹0
15777873,Downer,628 units,France,Female,31,5,0.0,1,0,0,147963.07,1
15710726,Hughes,573,France,Male,52,8,0.0,2,₹0 units,1 units,178229.04,0
15711316 units,Ch'ang,771,France,Male,27,2,0.0,2,1,₹1,199527.34,₹0
15727197,Pinto,576,NULL,Female,52,9 units,170228.59,2,0,0,148477.57,1
₹15600174,Walton,525,France,Male,35,7,165358.77,1,0 units,₹1,94738.54,0
15639322 units,GRAVE,633,Spain,Male,33,4,137847.41,2,1,0,98349.13,0
15671582,John,660,Spain,Male,38 units,6,109869.32,1,1,1 units,154641.91 units,0
15778463,Ikenna,₹657,France,Female,₹37,6,95845.6,1,1 units,0,122218.23,
15632365,Booth,542,Germany,Male,33,8,142871.27,2,0,0,77737.86,0
15724076,NULL,815,Spain,Female,57,₹5,0.0,3,0,0 units,38941.44,1
15656062,Azikiwe,637,France,Female,33,7,103377.81,1,1,0,84419.78,0 units
,Gow,596,France,Female,33,₹1,138162.81,1,1,₹0,85412.54,0
15780409 units,Egobudike,783,France,Male,40,6,0.0,2,1,0 units,109742.55,0
15668695,Endrizzi,536,France,FEMALE,₹22,5,89492.62,1,0,0,42934.43,0 units
15694125,MCELHONE,669,France,Male,57,5,,2,1,1,56875.76,0
15584930,Grimmett,726,Germany,NULL,30,5,111375.32,2,1,0,2704.09,0
₹15587038,Ogochukwu,654,Spain,Female,32,2,0.0,1,₹1,1,51972.92,1
15760090,Pisano,640,France,Male,28,7,0.0,2,1,1,131097.9,0
15650933,Ma  ,490,Spain,Female,48,8,155413.06,1,1,0,,0
15619972,Akabueze,807,France,Female,47,₹9,167664.83,1,,0 units,125440.11,1
15764170,Pinto,₹647,,Male,44,4,93960.35,1,1,0,36579.53,1 units
15713094,Tai,651,France,NULL,25,8,₹0.0,2,1,₹1,126761.2,0
15762351,Chao  ,689,Spain,Female  ,63,₹1,0.0,2,1,1,186526.12,0
15733119,Mistry,718,FRANCE,NULL,35,8,0.0,2,₹1,0,94820.85 units,0
15793856,Abdulov,667,Spain,Female,36,3,121542.57,2,1,1,186841.71,0
15758769,Coffey,625,France,Female,44,7,0.0,,1,0,4791.8,0
15607278,Romano,,Spain,Female,₹46,8,134593.79,1,1,1,₹46386.37,0
15654106,K?,604,France  ,Male,26,8,149542.52,2,0,1,,0
15813140,Taylor,543,Spain,Male,41,5,0.0,2,0,1,143980.29,0
15675422,Conway,544,France,Female,32,9,110728.39,1,1,₹1,,0
15763898,Toscani,568,SPAIN,Female,46,3,₹0.0 units,2,1,1,29372.62,
15689955,NULL,461,,Female,40,7 units,0.0,2,1,0,176547.8,0
15636551,Nixon,711,France,,29,3,130181.47,2,1,0,31811.44,0
15614643,Chifo,731,Spain,Female,39,2,0.0,2,1,0,136737.13 units,0 units
15633141,Robinson,696,Germany,Female,35,4,174902.26,1,1,0 units,69079.85,0
15762573,Bednall,680 units,Spain,Female,34,₹7,0.0,2,1,0,98949.85,0
15692583,Udobata,678,France,Female,₹32,5,0.0,2,1,0,90284.47,0
15788920,CH'ANG,836,Germany,Female  ,32,4,109196.67,2,1,0,55218.02,0
15742504,Azuka,,France,Male,36 units,2,70181.48,2 units,1,0,,₹0
15689614,TENG,687,Spain,FEMALE,63,1,137715.66,1,1,1,37938.74,₹0
15773639,Truscott,745,Germany,MALE,35,4,98270.34,1,1,0,133617.43,₹0
15770719,Duncan,697,France,NULL,39,6,151553.19,1,1,1,44946.29,0
15682533,Hughes,₹850,NULL,Female,39,7 units,79259.99,1,0,1,186910.74,0
₹15754820,,637,Germany,Male,35,8,₹147127.81,2,,1,84760.7 units,0
15781903,Odinakachukwu,581,Germany,Male,41,2,127913.71,2,1,1,44205.95,₹0
15751084,Mancini,712,France,Female,29,8,140170.61,1,1,1,38170.04,0
15644295,Hargreaves,731,SPAIN,Female,39,2,126816.18,1,1,1,74850.93,0
15776743 units,Eberegbulam,647,France,Male,43 units,9,0.0,2,1,1,78488.39,0
15793813,Onochie,774,France,Male  ,36,7,103688.19,1,0,1,118971.74,0
15752588,VASILYEVA,664,France,Male,36,1,0.0,2,1,1,,0
,NULL,774,FRANCE,Male,76,4,112510.89,1,1 units,1,143133.18,0
15608226,McMorran,513,Spain,Male,72,3,98903.06,1,1 units,1,81251.24,0
15680587,Esposito,₹834,France,Male,23,4,131254.81,₹1,1,0,,0
15800554,Perry,850,France,Female,81,1,0.0,2,1,,59568.24,0
15683183,Volkova,766,Germany,Female,45,6,97652.96,1,1,0,127332.33,0 units
15721507,Pagan  ,713,France,Female,32,1,117094.02,1,,0,149558.83,1 units
15593280,Yuryeva,614,Germany,Male,43,8,140733.74,1,1,1,166588.76,0
15814405,Chesnokova,418,France,Female,46,9,0.0,1,1,1,81014.5 units,1
15677173,Law,555 units,France,Male,37,9,124969.13,1,1,0,60194.05,0
15703437,Chinedum,726 units,France,Male,34,3,0.0 units,2,1,0,₹196288.46,0
15659820,Cross,614 units,France,Female,34,,0.0,2,,0,185561.89,0
15704629,Wright,582,France,,,1,116409.55,1,0,1,152790.92,0
15794323,,673,France,Male,₹32,₹8,121240.76,1,1,0,116969.73,0
15804586,Lin,376,France,Female,46 units,6,0.0,1,1 units,0,₹157333.69,1
15658946,Piccio,579,Germany,Male,,,45408.85 units,2,1,0,18732.91,0
15682686,Chukwuemeka,722,France,Female,38,3,0.0,2,0 units,1,167984.72,0
15712596,Huang,499,France,NULL,31,,0.0,1 units,1,0,25950.49,0
15754999,Ch'eng,570,FRANCE,NULL,33,₹8,0.0,1,1,1,124641.42,0 units
15683503 units,Hudson,601,France,Female,43,8,₹0.0,3,0,1,110916.15,1
15621546,Yuriev,620,France,Female,33,9,127638.35,1,1,₹1,192717.57,0
15707011,Morrison,495,France  ,Male,47,,₹137682.68,1,1,0,71071.47,
15712960,Olisanugo,613,Spain,NULL,37,3,171653.17,1,0,1,5353.12,0
15711251,Chizuoke,514,,Male,45,1,178827.79,1 units,1,0,60375.18,0
15795738,Owens,789,France,Male,31,₹4,₹175477.15,1,1,1,172832.9,0 units
15687385,McDowell,484,France,Male  ,41,5 units,0.0,1,1 units,1,74267.35,0
₹15736250,Johnstone,781 units,FRANCE,Male,38,2,,1,0,1,65632.33,1
15629187,Titheradge,535,,Male,38,8,85982.07,1,1,0 units,9238.35 units,0
15594408,Chia,584,Spain,Female,48,2,213146.2,1,1,0,75161.25,1
15639882,NULL,528,France,Male,30,2,128262.72,2,1,0,50771.16,₹0 units
15762762,Onyekachukwu,648,Germany,Female,45,5,118886.55,1,0 units,,51636.7,0
15596992,NORRIS,482,Germany,Male,45,7,156353.46,1,1,0,72643.95,1
15671148,Barry,490,GERMANY,NULL,33,5,96341.0,2,0,0,108313.34 units,0
15760085,Calabresi,684,Germany,,₹48,10,126384.42,1,₹1,1,198129.36,0
15628203,Pai,₹637,France,Female,38,3,104339.56,1,0,0,119882.86,0
15742358,Humphreys,696,Germany,Male,32,8,101160.99,1 units,1,1,115916.55,0
15612358,Christie,573,Germany,Male,35,9,134498.54,2,1,₹1,119924.8,0
15755722,NULL,554,NULL,Male,24,10,0.0,1,0,0,₹92180.62,0
15709846,Yeh  ,,France,Female,39,1,94968.97,1,₹1,0,84487.62,₹0
15780144,Tisdall,512,Germany,NULL,32,2,123403.85,2,1,0,80120.19,0
15764866,Synnot,539,Germany,Female,43,3,116220.5,3,1 units,0,55803.96,1
15611579,Sutherland,801,Spain  ,Male,42 units,4,141947.67,₹1,1,1,10598.29,0
15729574,Lu,616,Spain,Male,71,4,0.0,₹2,1,1,173599.38,0
15694644 units,Wood,455,Spain,Female,43,6,0.0,1,1,1 units,81250.79,0
15721793,CHIU,510,Germany,Female,50,,₹123936.54,1,1,1,23768.01,0
15680772,Hu  ,721,Spain,FEMALE,36,2,0.0 units,2,₹1,1,106977.8,0
15652320,WORONOFF,588,France,Male,40,5,0.0,2,0,0,100727.68,0
15789669,Hsia,510,France  ,Male,65,2,₹0.0,2 units,1,1,48071.61,0
15650034,Kudryashova,564,France,Female,28,1,0.0,1,1,1,162428.05,0
15765902,Gibson,706,Germany,Male,38,5,163034.82,2,1,1,135662.17,0
15649508,Chin,643,Spain,Male,48,8,0.0,2,1,0,174729.3,0
15801701,,₹653,Spain,Male,35,9,0.0,2,1,1,45956.05,0
15641474,Hall,638,France,MALE,46,9,139859.54,1,1 units,0,38967.29,0
15760825,Fraser,604,France  ,Female,₹40,1 units,0.0,2,1,0,123207.17,0
15806922,Bergamaschi,674,Spain,Female,41,4,126605.14,1,1,1,166694.93,₹0
15647259,Barnett  ,₹643,Spain,Male,35,2,₹0.0,2,0,0,67979.35 units,0
15763327,Craig,835 units,France,Male,32,₹8,124993.29,2 units,,1,₹27548.06,0
15767129,Munz,452,France,Female,60,₹6,121730.49,,1,1,142963.29,0
15738751,Beit,493,France,Female  ,46,4,0.0,2,1,0,1907.66,0
15623430 units,Hill,672,France,Male,34 units,9,0.0,2,1,₹0,161800.77,0
15643215,Jen,602,Germany,Male,₹38,2,₹71667.97,2,0,0,137111.89,₹0
15738220,Bennet,800,Spain,Male,38,1,0.0,2,1,0,51553.43,0
₹15666548,Chung,466,NULL,Female,56 units,2,111920.13,3,1 units,0,197634.11,1
15775131,Bartlett,580,Spain,Male,32,9,142188.2,2,0,1,128028.6,0
15730161,Marcelo,833,France,Female,39,,0.0,2,1,0,1710.89,0
15655360,Chikelu,782,Germany,Female,₹72,5,148666.99 units,1,1,0 units,2605.65,1
15570360,Wan,641,France,Female,35,4 units,0.0,2,0,0 units,125986.18,0
15706021,BULEY,665,France,Female,34,1,₹96645.54,,0,0,₹171413.66,0
15584477,NULL,655,Spain,Female,35,1,106405.03,1,1,1,82900.25,0
15573628,Greene,751,Germany,Female  ,51,7 units,148074.79,1,1,0,,1
15723894,Younger,625,France,Male,45,7,137555.44,1,0 units,0,124607.7,0
15636977 units,Trevisan,507,Germany,Male,36,9,118214.32,3,1,0,119110.03,1
15717937,Gibbons,554,Germany,Male  ,43,5,99906.89,1,0,,24983.39,0
15605059,Mackie,576,Germany,MALE,63,3,₹148843.56,1 units,1,0,69414.13,1
15699284,Johnson,,France,Male,49,8,172713.44,1,1,₹0,113860.81 units,0
15618155,Ts'ui,663,France,Male  ,45,5,83195.12,1,1,1,48682.1,0
15814331,LUNG  ,597,GERMANY,Female,₹43,7,119127.46,2,1,0,55809.92,0
15797165,Bergamaschi,703,France,Male,,9,0.0,₹1,0,₹0,85547.33,
15642570,SCOTT,,,Male,35,8 units,0.0,2,1,0,29062.25,0
15673929,Chin,543,NULL,Male,64,4,0.0,2,1,1,148305.82,0
15751748 units,Trevisani,,France,Male,₹51,2,148222.65,1,0,0,156953.54 units,1 units
₹15654489,Fomin,843,France,FEMALE,38,8,134887.53,1 units,1,1,10804.04,0
15609913,,743,France,Female,46,9,0.0,,1,0,113436.08,0
15638003,Komarova,648,Spain,Male,55 units,1,81370.07,1,0,1,181534.04,0
15595158,Hsu,654 units,GERMANY,Male,31,5 units,150593.59,2,1,1,,0
15632503,Meng,563,France,FEMALE,₹32,0,148326.09 units,1,1,0,191604.27,1
15582944,Becker,425,Spain,Female,39,₹5,0.0,2,,,140941.47,0
15593331,Sidorov,693,Germany,MALE,25,6,146580.69,1,0,1,14633.35,0
15664752 units,Jack,606,Germany,Male,39,8,,2,1,0,31708.53,0
₹15645847,P'eng,569,Germany,Male,35,₹2,109196.66,3 units,1,0,109393.19,1
15575510,Milanesi,659,France,Female,₹32,2,155584.21,1,0,1,153662.88,0
15807269,MILANESI,690,Germany,,43,2,166522.78,1,0,0,119644.59,1
₹15778489,Bolton,780,Germany  ,Male,71,9,142550.25,2 units,₹1,1 units,122506.78,0
15773723,Duncan,588,SPAIN,Female,22,9,₹67178.19,1,1,1,163534.75,1
15700749,POWELL,481 units,France,Female,39,6,0.0,1,1,₹1,24677.54,0
₹15587210,McCartney,591,Germany,Female,44,10,113581.98,1,1,0,1985.41,0
15593178 units,Graham,568,Spain,FEMALE,36,10,153610.61,1,1,1,54083.8,1
15570895,Ch'in,608,France,Male,42,10,163548.07,1,₹1,0,38866.85,0
15767921,Madukwe,613,France,Male,41,7,0.0,2,1,0,60297.72,0
15589200,MADUKAIFE,617,Spain,Male,34,9,0.0,2 units,1,₹0,118749.58,0
15660833,Flannery,796,Germany,,39,₹5,86350.87,2,0,₹0,105080.53,0 units
,Malloy,652,Germany,Male,,2,151421.44,1,0,1,115333.43,0
15735439,P'an,449,Spain,Female,,1,₹113693.0,1,0,0,82796.29,0
15662238,Davis,822,France,Male,37,,105563.0,1,1,0,182624.93,0
15659420,Foley,₹659,Spain,Male,32,3,107594.11,2 units,1,1 units,102416.84,0
₹15674991 units,Kao,667,FRANCE,MALE,42,9,₹0.0,2,0,1,58137.42,0
15636024,,692,Spain,Female,34,4,₹109699.08,1,1,1,37898.91,0
₹15783955,Miah,697,France,FEMALE,25,4,165686.11 units,2,1,0,15467.98,0
15700937,Romano,767,Spain,Female,24,₹5,,2,1,₹1,₹67445.85,0 units
15616811,MacDonald,535,France,Male,47,0,,1 units,0,1,145986.35,0
₹15811026,Norman,505,Germany,Male,,5,136855.94,2,1,0,171070.52,0
15640580,Obiora,650 units,FRANCE,Female,47,9,0.0,1,1,0,187943.6,0
15805254,Ndukaku,652,Spain,Female,75,10,0.0,2,1,1,114675.75,0
15802741,,625,France,Female,51,7,136294.97,1,1,0,38867.46,1
₹15813504 units,Onyemachukwu  ,543,Germany,Female,25,1,146566.01,1,0,1,161407.48,0
15811773,Hsia,543,FRANCE,Male,36,4,0.0 units,₹2,1,1,141210.5,0
15680685,NULL,751,France  ,Male,30,3,165257.2,1,0,₹0,134822.05,0 units
,Ebelegbulam,561,Spain,Male,28,6,123692.0,1,1,1,70548.96,0
15696514,Calabrese,587,Germany,Female,₹37,6,104414.03,1 units,1,0,192026.02,0
15589949,Maclean,433,Spain,Male,34,9,152806.74,1 units,1,0,19687.99,0
15761023,Murphy,554,,Female,43,2,120847.11,1,1,0,7611.61,1
15735837,Hsia  ,574,Spain,Male,36,,0.0,2,1,1,8559.66,0
15715465,AKSENOVA,₹714,Germany  ,Male,28,7 units,77776.39,1,1,0,177737.07,0
15629128,Mamelu,774,Germany,Male,42,2,132193.94,2,1,1,₹162865.52,0
15694395,Ts'ui,620,France,FEMALE,29,1,138740.24 units,2,0,0,154700.61,0
15794204,Manna,,NULL,Male,28,7,108116.66,1,1,,27411.19,0
15651144,NULL,632,Germany,Female,35,2,₹150561.03,2,0,0,64722.61,0 units
15619016,McMinn,660,,,46,₹5,109019.65,2,1,1,33680.56,0
15749807,GRAHAM,516,Spain,FEMALE,31,3,0.0,2,1,0,124202.26,0
15735688,Horsley,753,NULL,Female,31 units,6,106596.29,1 units,0,0,91305.77,0
,NULL,850,France,Female,41,₹5 units,₹0.0,2,1,1,34827.43,0
15737310,Thompson,633,France,Male,29,10,130206.28,1,₹1,0,184654.87,0
15649457,Macleod,588,,MALE,41,2,131341.46,₹2,0,₹1,7034.94,0
15626147,Maclean  ,608,France,Female,62,8,144976.5,1,0,0,175836.03,1
15803136,Postle,416,Germany,Female,41 units,10 units,122189.66,2,,0,98301.61,0
15722758,Allan,585,France,MALE,40 units,7,0.0,2,0,0,146156.98,0
15804295,Pinto,485,France,Male,41,2,100254.76,2 units,1,1,12706.67,0
15769902,Christie,679,France,Female,33,6 units,0.0,2,1,1,98015.85,0
15656096,Cumbrae-Stewart,679,Spain,Female,26,3,₹76554.06,1,1,1,184800.27,0
15757865,NULL,642,France,Male,62,7,0.0,2,1,₹1,61120.75,0
,,598,Germany,Female,50,5,88379.81,3,0,1,64157.24,1
15592326,Baker,583,France,Male,36,8,0.0,2,0,1,5571.59,0
15631305,Franklin,599,Spain,Female  ,28,4,126833.79,2,1,0,60843.09,1
15604355,Shand,₹519,France,Male  ,39,1,97700.02 units,1,1,1,30709.03,0
15670029,Marcelo,445,France,NULL,33,7,0.0,2,1,0,122625.68,0
15637947,Wei,668,Spain,Male,32,1,₹134446.04,1,0,1,111241.37,0 units
15752375,Ojiofor,,Germany,Male,33,8,149564.61,1,,0,149913.84,0
15745543,Hughes,687,France,Male,39,7,0.0,2,1,0,26848.25,0
15721487,Pirogova,739,France,Female,27,6,0.0,,1,,57572.38,0
